game_id,season,home_id,away_id,home_team,away_team,home_conference,away_conference,conference_game,neutral_site,rating_diff,margin_form_diff,win_form_diff,long_margin_diff,long_win_diff,fbs_status_diff,history_depth_diff,rating_momentum_diff,experience_diff,rest_diff,home_field,home_talent_composite,home_blue_chip_ratio,home_net_adj_epa,away_talent_composite,away_blue_chip_ratio,away_net_adj_epa,talent_composite_diff,blue_chip_ratio_diff,net_adj_epa_diff,score_model_home_win_probability,score_model_away_win_probability,fpi_home_win_probability,fpi_weight_used,home_win_probability,away_win_probability,home_team_spread,over_under,odds_source,fpi_home_probability,fpi_logit,spread_edge,market_home_win_probability,market_line_used,base_home_win_probability,probability_source
401856766,2026,2628,153,TCU,North Carolina,Big 12,ACC,False,True,1.1323010149378705,0.4330106368841018,0.270244370348752,0.4183969089623617,0.23036014165658486,0.0,0.0,0.49123065704177404,0.0,0.0,0.0,977.9587547112536,0.19,0.17568122172595302,964.9357928955131,0.15447154471544716,-0.03466205245877597,13.022961815740473,0.03552845528455284,0.21034327418472898,0.676541223449228,0.32345877655077204,0.5384695081626657,1.0,0.6513610438492176,0.34863895615078244,-6.5,48.5,core_odds_api,0.5384695081626657,0.15418274842611235,6.5,0.6513610438492176,True,0.5384695081626657,fpi_market
401864494,2026,30,23,USC,San José State,Big Ten,Mountain West,False,False,1.4639145905674582,0.8733593456312659,0.21037351526541487,0.8069623991730145,0.21060312165614875,0.0,0.020726130517116914,1.0409244977783214,0.0,0.0,1.0,1275.9325614814477,0.4727272727272727,0.3017096492006037,724.1630544316288,0.011235955056179775,-0.19911733164845075,551.7695070498189,0.46149131767109297,0.5008269808490544,0.9528982060655791,0.04710179393442093,0.9727706721941787,1.0,0.9880532946965483,0.011946705303451655,-38.5,59.5,core_odds_api,0.9727706721941787,3.5758537423440666,38.5,0.9880532946965483,True,0.9727706721941787,fpi_market
401858202,2026,258,152,Virginia,NC State,ACC,ACC,True,False,0.03806474310617659,-0.03620122145059363,0.004843327611144255,0.08340293155953336,0.04526143748663869,0.0,-0.015504186535965303,0.6697235674910417,0.0,0.0,1.0,681.7851759026536,0.0,0.19059254374581175,940.0143298590317,0.12244897959183673,0.20064371785902324,-258.2291539563781,-0.12244897959183673,-0.010051174113211492,0.46026830627428994,0.5397316937257101,0.6697276049167173,1.0,0.6768807515520888,0.3231192484479112,-5.5,54.5,core_odds_api,0.6697276049167173,0.7069533162724763,5.5,0.6768807515520888,True,0.6697276049167173,fpi_market
401864577,2026,2449,55,North Dakota State,Jacksonville State,Mountain West,CUSA,False,False,-0.5350073111190454,-0.10503130893878944,-0.13093939474376765,-0.22096328139373544,-0.13629734795382054,0.0,-1.82812711339893,0.22728829880901685,0.0,0.0,1.0,645.1896273252023,0.0,,675.3485562302653,0.0,-0.1740853325659812,-30.15892890506302,0.0,,0.5338277164314881,0.4661722835685119,0.5694129068140694,1.0,0.6791676719218954,0.3208323280781046,-7.5,48.5,core_odds_api,0.5694129068140694,0.27945623152232846,7.5,0.6791676719218954,True,0.5694129068140694,fpi_market
401866408,2026,2199,16,Eastern Michigan,Sacramento State,MAC,MAC,True,False,-0.3422900388464268,0.03982902659498327,0.05054118701001775,-0.09618726856950208,-0.01690397858934889,0.0,2.2407096892759584,-0.07754939431273215,0.0,0.0,1.0,776.7626689614904,0.0,-0.22427512620379558,692.9988066587673,0.0,,83.76386230272306,0.0,,0.5940556290857048,0.40594437091429525,0.41110317926760276,1.0,0.6468244946732333,0.35317550532676667,-8.5,53.5,core_odds_api,0.41110317926760276,-0.3594067638449347,8.5,0.6468244946732333,True,0.41110317926760276,fpi_market
401858201,2026,24,62,Stanford,Hawai'i,ACC,Mountain West,False,False,-0.7905712093689817,-0.6045056237200903,-0.22326168562326687,-0.6311362552123327,-0.21724099800890018,0.0,-0.05103148001244584,-0.4881537986685953,0.0,0.0,1.0,892.6689042414988,0.09574468085106383,0.018158436641050876,,,-0.10169282413193194,,,0.11985126077298282,0.5466287425216071,0.4533712574783929,0.54033746411613,1.0,0.6049034453334405,0.39509655466655946,-4.0,50.5,core_odds_api,0.54033746411613,0.1617012753067813,4.0,0.6049034453334405,True,0.54033746411613,fpi_market
401864570,2026,52,166,Florida State,New Mexico State,ACC,CUSA,False,False,0.659007985275407,0.28215697565390147,0.015058676369825108,0.4504404660020356,0.03519286222359297,0.0,0.057758834152192406,0.0609354406782677,0.0,0.0,1.0,1140.327181629477,0.3627450980392157,0.27952505542872025,642.1178364084459,0.0,-0.20796966182041543,498.2093452210312,0.3627450980392157,0.4874947172491357,0.929651271702911,0.07034872829708905,0.9485657569201479,1.0,0.9717025919195016,0.02829740808049841,-30.5,53.5,core_odds_api,0.9485657569201479,2.914646955824391,30.5,0.9717025919195016,True,0.9485657569201479,fpi_market
401862693,2026,2439,235,UNLV,Memphis,Mountain West,American,False,False,0.11057305600130803,0.26285636824757697,0.1098345925837041,0.006111781763227623,0.053354273856761836,0.0,0.0,0.3525740398612015,0.0,0.0,1.0,727.9148013639938,0.0,-0.013766461130807137,811.1368939946184,0.018867924528301886,0.14052798652883336,-83.22209263062462,-0.018867924528301886,-0.1542944476596405,0.46601415237294924,0.5339858476270507,0.6586748734017338,1.0,0.6730424458820213,0.32695755411797867,-5.5,59.5,core_odds_api,0.6586748734017338,0.6573945757069402,5.5,0.6730424458820213,True,0.6586748734017338,fpi_market
401858423,2026,164,113,Rutgers,Massachusetts,Big Ten,MAC,False,False,1.7602594710786206,0.7676082923020324,0.1540816972921708,0.935489014898944,0.22781748135744573,0.0,0.16374517122101917,0.47280592605682387,0.0,0.0,1.0,974.5567623671036,0.1485148514851485,-0.007181304706549596,580.0697737621826,0.0,-0.520773787951295,394.48698860492095,0.1485148514851485,0.5135924832447454,0.932513207796845,0.06748679220315501,0.9040412509814364,1.0,0.9643997750734427,0.035600224926557344,-30.5,55.5,core_odds_api,0.9040412509814364,2.2429565895697006,30.5,0.9643997750734427,True,0.9040412509814364,fpi_market
401856767,2026,2116,2065,UCF,Bethune-Cookman,Big 12,,False,False,0.46146189208226135,0.5039372807357728,0.0544499354666545,0.6758253285621928,0.049499185423706404,1.0,2.1323639431341785,0.006575361450557011,0.0,0.0,1.0,765.5801937114245,0.0958904109589041,0.019875527945627768,194.18778445714022,0.0,,571.3924092542843,0.0958904109589041,,0.9578946363353429,0.042105363664657114,0.9578946363353429,0.0,0.9578946363353429,0.042105363664657114,,,,0.9578946363353429,3.1245626534395545,,,False,0.9578946363353429,fpi_fallback
401858204,2026,154,2006,Wake Forest,Akron,ACC,MAC,False,False,0.9369261072562358,0.18926711510063904,0.07336536699226404,0.2918347951885302,0.11021346793241538,0.0,0.015831465216680662,0.4150711691284891,0.0,0.0,1.0,817.8332426208597,0.031578947368421054,0.2101442248687073,633.6115119466774,0.0,-0.3729704281556604,184.22173067418225,0.031578947368421054,0.5831146530243677,0.8701810479259589,0.12981895207404115,0.9173826705055406,1.0,0.9377074824763484,0.062292517523651614,-22.5,49.5,core_odds_api,0.9173826705055406,2.4073052334964364,22.5,0.9377074824763484,True,0.9173826705055406,fpi_market
401864424,2026,48,2771,Delaware,Merrimack,CUSA,,False,False,0.37200263705748055,0.29998039933201776,0.2023581660740552,0.12739925495822343,0.1211570536439806,1.0,1.3862943611198908,0.12903557940416477,0.0,0.0,1.0,501.88099863363584,0.0,-0.18026586032236394,113.62370271138647,0.0,,388.25729592224934,0.0,,0.9146230463059182,0.08537695369408183,0.9146230463059182,0.0,0.9146230463059182,0.08537695369408183,,,,0.9146230463059182,2.3714358078337123,,,False,0.9146230463059182,fpi_fallback
401864425,2026,338,2698,Kennesaw State,West Georgia,CUSA,,False,False,0.03696430564409184,-0.1589131935116157,0.08752010998985149,-0.11561309967090463,0.07474701936853934,1.0,3.4657359027997265,0.9447601890874898,0.0,0.0,1.0,538.417781872682,0.0,-0.11035407025344204,363.9317001037572,0.0,,174.4860817689248,0.0,,0.862849672411076,0.13715032758892398,0.862849672411076,0.0,0.862849672411076,0.13715032758892398,,,,0.862849672411076,1.8391628781087417,,,False,0.862849672411076,fpi_fallback
401866409,2026,2084,399,Buffalo,UAlbany,MAC,,False,False,0.12830398899720422,0.2868965704459562,-0.0013928098641620146,0.3710592328462292,0.0635129576712688,1.0,2.751535313041949,-0.3651693431383569,0.0,0.0,1.0,711.4279562027778,0.0,-0.2965654738374634,58.5,0.0,,652.9279562027778,0.0,,0.952738211516697,0.04726178848330298,0.952738211516697,0.0,0.952738211516697,0.04726178848330298,,,,0.952738211516697,3.0036380520325485,,,False,0.952738211516697,fpi_fallback
401856663,2026,142,2029,Missouri,Arkansas-Pine Bluff,SEC,,False,False,1.1441510244023356,0.8217067361005229,0.07727616523850606,0.9403933879928931,0.15786799566487691,1.0,2.71316530176898,-0.20879192913833322,0.0,0.0,1.0,991.2097296268986,0.2823529411764706,0.29316690406481605,133.87370271138647,0.0,,857.3360269155121,0.2823529411764706,,0.9810160126431577,0.018983987356842258,0.9810160126431577,0.0,0.9810160126431577,0.018983987356842258,,,,0.9810160126431577,3.944992929064996,,,False,0.9810160126431577,fpi_fallback
401856776,2026,59,38,Georgia Tech,Colorado,ACC,Big 12,False,False,0.8180866179203167,0.5370729952375554,0.12756165845170642,0.5076328461015722,0.169571111348515,0.0,0.02597548640326064,0.9004393064703481,0.0,0.0,1.0,968.9845275797574,0.14444444444444443,0.16709834133551948,861.702384575236,0.15714285714285714,-0.03556014101794508,107.28214300452134,-0.012698412698412709,0.20265848235346456,0.7530144578138573,0.24698554218614266,0.5564124764928852,1.0,0.6661774039895735,0.3338225960104265,-7.0,51.5,core_odds_api,0.5564124764928852,0.22661475386804947,7.0,0.6661774039895735,True,0.5564124764928852,fpi_market
401858422,2026,135,2197,Minnesota,Eastern Illinois,Big Ten,,False,False,0.8755583645883712,0.5958510567310066,0.19489256044333086,0.5252654606150479,0.17753184959532686,1.0,2.3078344488801896,-0.20659814881598548,0.0,0.0,1.0,945.3401948206013,0.12264150943396226,-0.01770528059758985,209.3089655161855,0.0,,736.0312293044158,0.12264150943396226,,0.965743729068771,0.03425627093122896,0.965743729068771,0.0,0.965743729068771,0.03425627093122896,,,,0.965743729068771,3.3390288673662307,,,False,0.965743729068771,fpi_fallback
401856768,2026,254,70,Utah,Idaho,Big 12,,False,False,1.4168928588952803,0.789107580465287,0.3323654793761686,0.9048935078457525,0.2613322293654548,1.0,0.5479651707154476,0.98258509858651,0.0,0.0,1.0,941.3110117961028,0.15294117647058825,0.30485487985898047,700.6284025637962,0.0,,240.68260923230662,0.15294117647058825,,0.9383388580621149,0.06166114193788508,0.9383388580621149,0.0,0.9383388580621149,0.06166114193788508,,,,0.9383388580621149,2.722457197498457,,,False,0.9383388580621149,fpi_fallback
401858424,2026,356,5,Illinois,UAB,Big Ten,American,False,False,1.3572956716687237,0.5668472853070594,0.2065663186316074,0.6907072112951046,0.24729809953678017,0.0,0.12830944864337113,0.16677898267209457,0.0,0.0,1.0,917.6907070888561,0.0782608695652174,0.16675780417854352,643.9738980506007,0.015151515151515152,-0.08778240478416661,273.7168090382554,0.06310935441370225,0.2545402089627101,0.8407160690650209,0.15928393093497906,0.9288820418921059,1.0,0.9597820076187176,0.04021799238128243,-27.5,56.5,core_odds_api,0.9288820418921059,2.569641877272005,27.5,0.9597820076187176,True,0.9288820418921059,fpi_market
401864495,2026,2199,23,Eastern Michigan,San José State,MAC,Mountain West,False,False,0.04197161968746059,0.6005808371864125,0.13738498446463937,0.24190989323445675,0.04800543230826526,0.0,-0.015831465216680662,0.6605814446133945,0.0,0.0,1.0,776.7626689614904,0.0,-0.22427512620379558,724.1630544316288,0.011235955056179775,-0.19911733164845075,52.59961452986158,-0.011235955056179775,-0.025157794555344837,0.6070799420932087,0.3929200579067913,0.512440064673575,1.0,0.5954215470225896,0.40457845297741035,-4.0,54.5,core_odds_api,0.512440064673575,0.04977053005513257,4.0,0.5954215470225896,True,0.512440064673575,fpi_market
401858435,2026,2509,282,Purdue,Indiana State,Big Ten,,False,False,-0.44626826995685176,-0.21461873535226442,-0.13793654978870223,-0.2210744945772626,-0.14631288758493827,1.0,2.2407096892759584,-0.12250541171235682,0.0,0.0,1.0,799.8384609517241,0.05434782608695652,-0.07843402148142234,283.16060920882774,0.0,,516.6778517428963,0.05434782608695652,,0.917383748198028,0.08261625180197196,0.917383748198028,0.0,0.917383748198028,0.08261625180197196,,,,0.917383748198028,2.407319452715599,,,False,0.917383748198028,fpi_fallback
401866623,2026,2247,2448,Georgia State,North Carolina A&T,Sun Belt,,False,False,-0.697157933050089,0.06005166911832971,-0.14755276008472307,-0.20241015429385145,-0.16449420094800182,1.0,2.5776883832389665,-0.43641501858415493,0.0,0.0,1.0,759.1500550839612,0.010638297872340425,-0.2097643168708603,78.75,0.0,,680.4000550839612,0.010638297872340425,,0.9359022581727368,0.06409774182726324,0.9359022581727368,0.0,0.9359022581727368,0.06409774182726324,,,,0.9359022581727368,2.681101911593569,,,False,0.9359022581727368,fpi_fallback
401856664,2026,201,2638,Oklahoma,UTEP,SEC,Mountain West,False,False,1.9549230629336216,0.5584358832947126,0.3017122198170107,0.7344795712343011,0.315424860920268,0.0,0.04652001563489261,0.5704510943906825,0.0,0.0,1.0,1173.5834604844968,0.4519230769230769,0.3311106400825597,777.8648844149413,0.0,-0.26645623566896376,395.7185760695554,0.4519230769230769,0.5975668757515235,0.9467062222340965,0.053293777765903494,0.9802787348427565,1.0,0.9909264388926206,0.009073561107379446,-40.5,49.5,core_odds_api,0.9802787348427565,3.9061394513695036,40.5,0.9909264388926206,True,0.9802787348427565,fpi_market
401856769,2026,2305,2341,Kansas,Long Island University,Big 12,,False,False,0.40077537811450836,0.24288329500875003,-0.1116953834917413,0.5136561691520684,-0.0022451703060425987,1.0,2.854378155248259,-0.4449096033461774,0.0,0.0,1.0,728.3803919337098,0.043478260869565216,0.0987177593152587,159.44775136640322,0.0,,568.9326405673066,0.043478260869565216,,0.9515235976578446,0.048476402342155445,0.9515235976578446,0.0,0.9515235976578446,0.048476402342155445,,,,0.9515235976578446,2.9769873570163883,,,False,0.9515235976578446,fpi_fallback
401858429,2026,127,2649,Michigan State,Toledo,Big Ten,MAC,False,False,-1.045803000589076,-0.7517871883001614,-0.1805291396344153,-0.9600007401564624,-0.20728335691823596,0.0,-0.005221943981151611,-0.3006587717210732,0.0,0.0,1.0,936.667144135479,0.14444444444444443,0.03342503768153286,746.2577192210606,0.02531645569620253,0.08408466429112067,190.40942491441842,0.1191279887482419,-0.05065962660958781,0.4994418209844137,0.5005581790155863,0.6477611341929183,1.0,0.7665892028981164,0.23341079710188362,-11.5,49.5,core_odds_api,0.6477611341929183,0.6092124668237798,11.5,0.7665892028981164,True,0.6477611341929183,fpi_market
401858206,2026,24,2390,Stanford,Miami,ACC,ACC,True,False,-2.069873332256557,-0.7598415805108653,-0.22434177162987723,-1.1744159042880102,-0.3057318274796371,0.0,-0.030930300691358603,-0.4114610174893892,0.0,0.0,1.0,892.6689042414988,0.09574468085106383,0.018158436641050876,1262.9288503196244,0.5233644859813084,0.4940492419545948,-370.2599460781256,-0.42761980513024456,-0.47589080531354394,0.14346202274249056,0.8565379772575095,0.08305983081817676,1.0,0.06308511937550314,0.9369148806244969,23.5,49.5,core_odds_api,0.08305983081817676,-2.401481022532537,-23.5,0.06308511937550314,True,0.08305983081817676,fpi_market
401858436,2026,30,278,USC,Fresno State,Big Ten,Pac-12,False,False,0.414110422245667,-0.1681543991639021,-0.09332450175863305,0.07265986818725656,-0.015665080030125567,0.0,0.0,0.0009116295384501427,0.0,0.0,1.0,1275.9325614814477,0.4727272727272727,0.3017096492006037,742.5741700850772,0.0,-0.04443712518862564,533.3583913963705,0.4727272727272727,0.34614677438922936,0.8980677825652899,0.10193221743471015,0.9111344963607392,1.0,0.9407071875372871,0.059292812462712896,-23.5,51.5,core_odds_api,0.9111344963607392,2.3275664906634264,23.5,0.9407071875372871,True,0.9111344963607392,fpi_market
401856634,2026,333,151,Alabama,East Carolina,SEC,American,False,False,0.690223261076394,-0.45989768004148374,-0.11676208338419725,-0.10374972616119711,0.0044781432912957,0.0,0.060624621816434576,-0.6314981640454357,0.0,0.0,1.0,1451.3911057034413,0.6160714285714286,0.3317978703457419,776.7464762757635,0.030927835051546393,0.1482528042243568,674.6446294276778,0.5851435935198822,0.18354506612138508,0.8857776062878469,0.11422239371215315,0.9209772196532722,1.0,0.9582002616957668,0.041799738304233225,-27.5,54.5,core_odds_api,0.9209772196532722,2.455699131869192,27.5,0.9582002616957668,True,0.9209772196532722,fpi_market
401856778,2026,248,204,Houston,Oregon State,Big 12,Pac-12,False,False,1.0283309155795974,0.5020221612897899,0.2884566172217665,0.47441629222977416,0.25987569026218144,0.0,0.01052641298698731,1.4863567492826542,0.0,0.0,1.0,866.7900327400409,0.12162162162162163,0.09223461283714135,773.1288164683024,0.02247191011235955,-0.09009737589266646,93.66121627173857,0.09914971150926208,0.18233198872980783,0.7506945714156509,0.24930542858434912,0.8672155900251622,1.0,0.9073868427436519,0.09261315725634811,-19.5,50.5,core_odds_api,0.8672155900251622,1.8765607725680888,19.5,0.9073868427436519,True,0.8672155900251622,fpi_market
401856780,2026,277,324,West Virginia,Coastal Carolina,Big 12,Sun Belt,False,False,0.00147850856062405,0.05621071679541537,0.0057285630651035535,0.05638583089108635,-0.039643976278500914,0.0,0.5073412996833797,-0.1567878558319694,0.0,0.0,1.0,911.6964337971962,0.06349206349206349,0.006903702757038735,724.5798270338563,0.0,-0.16852455319137516,187.11660676333986,0.06349206349206349,0.17542825594841388,0.7242602295899097,0.27573977041009035,0.8272388231248681,1.0,0.9049316034434577,0.09506839655654231,-20.5,57.5,core_odds_api,0.8272388231248681,1.5661832755646983,20.5,0.9049316034434577,True,0.8272388231248681,fpi_market
401858208,2026,183,160,Syracuse,New Hampshire,ACC,,False,False,-0.07554521232829757,-0.6122529845555977,-0.11134392581052516,-0.26422325227252363,-0.026975357424090463,1.0,2.495269436823547,-0.9169846815051551,0.0,0.0,1.0,915.4353213958169,0.08181818181818182,-0.0917346289034202,140.62224902509524,0.0,,774.8130723707217,0.08181818181818182,,0.9456835064653681,0.05431649353463186,0.9456835064653681,0.0,0.9456835064653681,0.05431649353463186,,,,0.9456835064653681,2.857080024159043,,,False,0.9456835064653681,fpi_fallback
401858425,2026,84,249,Indiana,North Texas,Big Ten,American,False,False,1.1319796517239138,0.4345446249227099,0.1167354616954197,0.5657098690405638,0.13625555235443387,0.0,-0.0103093696588612,0.24442518434345856,0.0,0.0,1.0,872.0069986162093,0.1,0.5357653254929933,689.7607421558456,0.0273972602739726,0.18532049076085383,182.24625646036372,0.0726027397260274,0.35044483473213944,0.8357840595972291,0.16421594040277088,0.967484217273989,1.0,0.9891439083686955,0.01085609163130452,-40.5,54.5,core_odds_api,0.967484217273989,3.392973518077655,40.5,0.9891439083686955,True,0.967484217273989,fpi_market
401858430,2026,158,195,Nebraska,Ohio,Big Ten,MAC,False,False,-0.7566748353682919,-0.7452695726248215,-0.2843740613411956,-0.4862442284064601,-0.20690205773253062,0.0,0.010416760858255714,0.06869352720484358,0.0,0.0,1.0,1029.4228879195155,0.26262626262626265,0.04624983446854084,728.1091688566596,0.02666666666666667,-0.08827759141170993,301.31371906285585,0.23595959595959598,0.13452742588025077,0.7010992665627358,0.2989007334372642,0.8853056998793934,1.0,0.9396084983521505,0.060391501647849455,-24.5,47.5,core_odds_api,0.8853056998793934,2.043662679859574,24.5,0.9396084983521505,True,0.8853056998793934,fpi_market
401861962,2026,41,322,UConn,Lafayette,FBS Indep.,,False,False,0.8628993348933023,0.5543069630954827,0.23562386528169155,0.6397372546833827,0.2296055714838357,1.0,3.012261575505202,0.3909362570142503,0.0,0.0,1.0,615.5565845368845,0.0,-0.1529533590942646,209.89758442632464,0.0,,405.6590001105599,0.0,,0.9392745094368335,0.06072549056316645,0.9392745094368335,0.0,0.9392745094368335,0.06072549056316645,,,,0.9392745094368335,2.7387442255089036,,,False,0.9392745094368335,fpi_fallback
401862701,2026,349,2803,Army,Bryant,American,,False,False,0.7951326964789086,0.4004444340672822,0.06337990146499617,0.3886532856345445,0.10535476210700734,1.0,3.486355190002462,-0.31173785902051576,0.0,0.0,1.0,586.599678950922,0.0,0.015280943267176026,204.18470968769006,0.0,,382.4149692632319,0.0,,0.9263666639097805,0.07363333609021949,0.9263666639097805,0.0,0.9263666639097805,0.07363333609021949,,,,0.9263666639097805,2.5321722624192287,,,False,0.9263666639097805,fpi_fallback
401866410,2026,189,2627,Bowling Green,Tarleton State,MAC,,False,False,-0.23791750307339044,0.24412276055513255,-0.11072328012440108,0.2016410567643257,-0.0663285023139481,1.0,3.6428355156125294,-0.6814396116473609,0.0,0.0,1.0,721.2040197767335,0.0,-0.2229314178683267,226.84487707910455,0.0,,494.35914269762895,0.0,,0.9313999043153905,0.06860009568460945,0.9313999043153905,0.0,0.9313999043153905,0.06860009568460945,,,,0.9313999043153905,2.6083947982659983,,,False,0.9313999043153905,fpi_fallback
401869960,2026,256,2335,James Madison,Liberty,Sun Belt,CUSA,False,False,1.4228321992412793,0.669637254451961,0.2868543341247766,0.7690933265607347,0.26867534851693897,0.0,-0.5549968420791282,1.2155601386913737,0.0,0.0,1.0,695.234106669023,0.01282051282051282,0.2328801287423507,667.6595182095873,0.0,-0.2131392383873019,27.574588459435745,0.01282051282051282,0.4460193671296526,0.8382083977152204,0.16179160228477962,0.7048843829384142,1.0,0.7064005865783595,0.29359941342164053,-6.5,52.5,core_odds_api,0.7048843829384142,0.8706665917304227,6.5,0.7064005865783595,True,0.7048843829384142,fpi_market
401858207,2026,221,193,Pittsburgh,Miami (OH),ACC,MAC,False,False,0.13230300281036989,-0.05781953959344206,0.00968079779022929,0.022283886691000676,-0.01293116545935069,0.0,0.020619287202735315,0.7511024682028778,0.0,0.0,1.0,901.0402708557126,0.12643678160919541,0.25090656933998107,722.3685503666973,0.0,-0.19534094449480896,178.67172048901534,0.12643678160919541,0.44624751383479,0.8183651197244965,0.18163488027550345,0.8463121074465222,1.0,0.8786620748378764,0.1213379251621236,-16.5,50.5,core_odds_api,0.8463121074465222,1.7059643386982615,16.5,0.8786620748378764,True,0.8463121074465222,fpi_market
401858432,2026,194,2050,Ohio State,Ball State,Big Ten,MAC,False,False,2.806825205607879,1.1077820238329321,0.19438691442707967,1.5582454867722377,0.33183983437250897,0.0,0.05686286189454304,0.03730163762775419,0.0,0.0,1.0,1367.1424727059755,0.6039603960396039,0.5199884434427365,699.3573843826957,0.0,-0.4324979754700893,667.7850883232798,0.6039603960396039,0.9524864189128258,0.9916752929434258,0.008324707056574177,0.9941266972940727,1.0,0.9973560001201079,0.002643999879892056,-50.5,56.5,core_odds_api,0.9941266972940727,5.1314475434289415,50.5,0.9973560001201079,True,0.9941266972940727,fpi_market
401856665,2026,2579,2309,South Carolina,Kent State,SEC,MAC,False,False,1.1639733602480464,0.27962906860767156,-0.1308067134385536,0.7647799684580864,0.03255209612096488,0.0,0.03694351519168393,-1.1606896826947264,0.0,0.0,1.0,1150.3785478252003,0.4444444444444444,0.08932890748859423,709.4657050110235,0.012658227848101266,-0.3216129524444867,440.91284281417677,0.43178621659634314,0.4109418599330809,0.9290483478298782,0.07095165217012178,0.9676238409442303,1.0,0.9825275133713942,0.017472486628605788,-34.5,52.5,core_odds_api,0.9676238409442303,3.39742109735918,34.5,0.9825275133713942,True,0.9676238409442303,fpi_market
401856659,2026,96,2754,Kentucky,Youngstown State,SEC,,False,False,0.26298516418053625,0.07560427061317489,0.036438541169263594,0.17927867813319692,0.017392913238194807,1.0,2.5494451709255714,0.06538294213715971,0.0,0.0,1.0,957.2511978283744,0.19148936170212766,0.12743784412898232,299.0664915457498,0.0,,658.1847062826246,0.19148936170212766,,0.9532935565211511,0.04670644347884889,0.9532935565211511,0.0,0.9532935565211511,0.04670644347884889,,,,0.9532935565211511,3.016040759196937,,,False,0.9532935565211511,fpi_fallback
401856779,2026,66,2546,Iowa State,Southeast Missouri State,Big 12,,False,False,0.9916322143903972,0.5149922431378335,0.2049823751715506,0.585819395895034,0.19860863344680746,1.0,2.5004108363239657,-0.07380884944928084,0.0,0.0,1.0,861.4912999357202,0.0673076923076923,0.16375126279945085,299.2148460780476,0.041666666666666664,,562.2764538576727,0.02564102564102564,,0.9526077327970935,0.04739226720290646,0.9526077327970935,0.0,0.9526077327970935,0.04739226720290646,,,,0.9526077327970935,3.000744129690521,,,False,0.9526077327970935,fpi_fallback
401864496,2026,2005,2184,Air Force,Duquesne,Mountain West,,False,False,0.46878458105285065,1.0652911839770913,0.12256060816602449,0.8497808021628074,0.07575198119383714,1.0,2.602689685444384,-0.16000965681779689,0.0,0.0,1.0,693.3178165578591,0.0,-0.18539588287011458,198.33299294353296,0.0,,494.98482361432616,0.0,,0.9542413802781239,0.045758619721876115,0.9542413802781239,0.0,0.9542413802781239,0.045758619721876115,,,,0.9542413802781239,3.0375364754077183,,,False,0.9542413802781239,fpi_fallback
401862698,2026,218,227,Temple,Rhode Island,American,,False,False,-0.27742832239760445,0.03411374780584505,-0.044601588906965084,-0.01991728543120974,-0.03591113326264961,1.0,2.4691582928198614,0.4761571609020757,0.0,0.0,1.0,743.2158993608089,0.008771929824561403,-0.039767353742940235,195.03675290232653,0.0,,548.1791464584824,0.008771929824561403,,0.9285385604970923,0.07146143950290773,0.9285385604970923,0.0,0.9285385604970923,0.07146143950290773,,,,0.9285385604970923,2.5644539132445585,,,False,0.9285385604970923,fpi_fallback
401856658,2026,61,2634,Georgia,Tennessee State,SEC,,False,False,1.9103858584196518,0.6732812719708022,0.16776016011630335,0.9023522988422858,0.2614504789698133,1.0,3.1159814017055676,0.013350661752010638,0.0,0.0,1.0,1454.7175340466702,0.7304347826086957,0.32936276416267773,309.29578023700043,0.0,,1145.4217538096698,0.7304347826086957,,0.9914333913766751,0.008566608623324923,0.9914333913766751,0.0,0.9914333913766751,0.008566608623324923,,,,0.9914333913766751,4.751279838330096,,,False,0.9914333913766751,fpi_fallback
401856636,2026,2,239,Auburn,Baylor,SEC,Big 12,False,True,0.05379227909301562,0.48310538424080013,0.03802504633751358,0.28863488603579207,-0.019516862168106497,0.0,0.0103093696588612,0.43887370031438194,0.0,0.0,0.0,1126.5988176305864,0.3917525773195876,0.2366688125705948,904.775063495865,0.15853658536585366,0.10111100596041074,221.8237541347214,0.23321599195373396,0.13555780661018407,0.7268447972605528,0.27315520273944716,0.641356419153212,1.0,0.6934173632470301,0.30658263675296993,-7.0,59.5,core_odds_api,0.641356419153212,0.5812562541970675,7.0,0.6934173632470301,True,0.641356419153212,fpi_market
401856666,2026,2633,231,Tennessee,Furman,SEC,,False,False,1.120663729975297,0.7209048589871622,0.07370941341587417,0.8904588802492418,0.15803807443503431,1.0,2.3774864011671637,-0.2684115741224173,0.0,0.0,1.0,1252.305283860725,0.46153846153846156,0.22869558366290296,237.82552843123727,0.0,,1014.4797554294878,0.46153846153846156,,0.9868735392573097,0.013126460742690305,0.9868735392573097,0.0,0.9868735392573097,0.013126460742690305,,,,0.9868735392573097,4.31991180787283,,,False,0.9868735392573097,fpi_fallback
401856667,2026,251,326,Texas,Texas State,SEC,Pac-12,False,False,1.0301417832587867,-0.2638041502328322,0.07416994219196071,0.03803909726689181,0.13631806205042873,0.0,0.12348105677102073,-0.22342349381525764,0.0,0.0,1.0,1404.970024515499,0.6060606060606061,0.3259839418805343,730.9582650396574,0.0,-0.05944701182601658,674.0117594758417,0.6060606060606061,0.3854309537065509,0.9291182489820538,0.07088175101794625,0.9725057644430294,1.0,0.9773832950354435,0.022616704964556478,-30.5,59.5,core_odds_api,0.9725057644430294,3.5658996363330404,30.5,0.9773832950354435,True,0.9725057644430294,fpi_market
401856777,2026,2132,103,Cincinnati,Boston College,Big 12,ACC,False,False,0.5528335262060478,-0.10605675416791607,-0.004434439576026683,0.20877791522884448,0.09736304013697916,0.0,-0.005167970158442614,0.6796301733343034,0.0,0.0,1.0,779.5136409431768,0.0379746835443038,0.10844840832140853,809.9006532485765,0.060240963855421686,-0.10883366875047422,-30.387012305399708,-0.022266280311117888,0.21728207707188274,0.6749093887790218,0.32509061122097815,0.733770245267319,1.0,0.7328647783757483,0.26713522162425174,-7.5,54.5,core_odds_api,0.733770245267319,1.0138362866975275,7.5,0.7328647783757483,True,0.733770245267319,fpi_market
401858209,2026,150,2655,Duke,Tulane,ACC,American,False,False,-0.17972764909232639,0.08762671477670128,0.044695454228720566,-0.05747443168813444,-0.03894853399886311,0.0,-0.01511363781004782,-0.03409380400615873,0.0,0.0,1.0,835.443025727025,0.07692307692307693,0.1524012636603621,775.5318857887579,0.06493506493506493,0.10101112658160054,59.91113993826707,0.011988011988011998,0.05139013707876157,0.6054485106974277,0.39455148930257233,0.5991624310053546,1.0,0.730063598040632,0.26993640195936797,-10.0,52.5,core_odds_api,0.5991624310053546,0.4019764512537932,10.0,0.730063598040632,True,0.5991624310053546,fpi_market
401858433,2026,2483,68,Oregon,Boise State,Big Ten,Pac-12,False,False,1.0528366641915385,0.2319585173199402,0.0859530069604919,0.39781170380091574,0.11939089099969624,0.0,-0.005037794029957077,0.44662394082864465,0.0,0.0,1.0,1401.6094907863976,0.5378151260504201,0.4314892927531719,848.8900053513655,0.02564102564102564,0.03026250522538966,552.7194854350321,0.5121741004093945,0.40122678752778224,0.9284896099935848,0.07151039000641524,0.9250473392005345,1.0,0.948353261440017,0.05164673855998303,-24.5,52.5,core_odds_api,0.9250473392005345,2.512988188804995,24.5,0.948353261440017,True,0.9250473392005345,fpi_market
401858434,2026,213,276,Penn State,Marshall,Big Ten,Sun Belt,False,False,0.8294823214086955,0.3511802954886573,0.19754146227124636,0.41205957306636753,0.08623147932749653,0.0,0.015345569674660275,0.020446168259322803,0.0,0.0,1.0,1093.5859854781434,0.40816326530612246,0.2572674566411734,654.0487112387665,0.0,-0.13359936891867347,439.53727423937687,0.40816326530612246,0.39086682555984686,0.9073067959766004,0.09269320402339964,0.9338617036535146,1.0,0.9506315438761587,0.04936845612384133,-24.5,54.5,core_odds_api,0.9338617036535146,2.647580409443448,24.5,0.9506315438761587,True,0.9338617036535146,fpi_market
401862694,2026,2429,2643,Charlotte,The Citadel,American,,False,False,-1.0250432484822931,-0.3118692180232109,-0.14136265517699775,-0.37331651901949925,-0.1305552239143168,1.0,1.8484548129046003,-0.5321204579870072,0.0,0.0,1.0,677.7973197292208,0.0,-0.254936540932452,58.5,0.0,,619.2973197292208,0.0,,0.9207839457619261,0.07921605423807387,0.9207839457619261,0.0,0.9207839457619261,0.07921605423807387,,,,0.9207839457619261,2.453046438853181,,,False,0.9207839457619261,fpi_fallback
401862696,2026,2426,119,Navy,Towson,American,,False,False,1.2450046337209277,0.5806457489036847,0.2927641551782286,0.5995558871489092,0.28512956712172194,1.0,2.4397862145075306,0.3671208004308255,0.0,0.0,1.0,513.2100047675495,0.0,0.1009917703659504,273.3000482155773,0.0,,239.90995655197224,0.0,,0.9181574907797142,0.0818425092202858,0.9181574907797142,0.0,0.9181574907797142,0.0818425092202858,,,,0.9181574907797142,2.4175721532442873,,,False,0.9181574907797142,fpi_fallback
401862700,2026,2636,292,UTSA,UT Rio Grande Valley,American,,False,False,0.5424195301134432,0.5280305212911872,0.06891046918362354,0.4110845121542189,0.05827342588059614,1.0,5.147494476813453,-0.08790349679489054,0.0,0.0,1.0,413.2363130808404,0.0,0.08883544728224549,,,,,,,0.8746242347134746,0.1253757652865254,0.8746242347134746,0.0,0.8746242347134746,0.1253757652865254,,,,0.8746242347134746,1.9424789978337784,,,False,0.8746242347134746,fpi_fallback
401864499,2026,2449,2230,North Dakota State,Fordham,Mountain West,,False,False,0.2071221480792269,0.5076176178687587,0.04348684547849463,0.37970748779844327,0.03783623864323693,1.0,-0.6359887667199966,0.08779869342451775,0.0,0.0,1.0,645.1896273252023,0.0,,213.87126460768334,0.0,,431.318362717519,0.0,,0.9317103352004094,0.06828966479959064,0.9317103352004094,0.0,0.9317103352004094,0.06828966479959064,,,,0.9317103352004094,2.613263532759927,,,False,0.9317103352004094,fpi_fallback
401866627,2026,2026,311,App State,Maine,Sun Belt,,False,False,0.1976246077812675,0.16387229415889504,0.0041417049601833456,0.14730136672544195,0.030793269728518646,1.0,1.8458266904983307,-0.35496745839334154,0.0,0.0,1.0,741.7010701368393,0.009523809523809525,-0.2964783655947048,139.81631400652853,0.0,,601.8847561303108,0.009523809523809525,,0.941075150920994,0.05892484907900597,0.941075150920994,0.0,0.941075150920994,0.05892484907900597,,,,0.941075150920994,2.770760111644197,,,False,0.941075150920994,fpi_fallback
401856772,2026,202,197,Tulsa,Oklahoma State,American,Big 12,False,False,0.10338922007545306,0.35882506734519104,0.18548733896595926,0.2804180681975579,0.12590070890944288,0.0,-0.020834086902842053,0.9670965616006083,0.0,0.0,1.0,698.7562176157269,0.0,-0.14037445304549245,755.4882199001777,0.0,-0.18509401619573237,-56.7320022844508,0.0,0.04471956315023992,0.6038724310459006,0.3961275689540994,0.26141719214178427,1.0,0.19623302818946492,0.8037669718105351,13.5,61.5,core_odds_api,0.26141719214178427,-1.0386156569802947,-13.5,0.19623302818946492,True,0.26141719214178427,fpi_market
401856635,2026,8,2453,Arkansas,North Alabama,SEC,,False,False,0.06697824936470624,0.3925910045644276,-0.137656826704733,0.4275231022993207,-0.10104111576242203,1.0,3.1780538303479458,-0.45844706338522656,0.0,0.0,1.0,923.2652086614927,0.15053763440860216,0.12034445408518966,244.91903176931007,0.0,,678.3461768921826,0.15053763440860216,,0.960424120963845,0.039575879036155004,0.960424120963845,0.0,0.960424120963845,0.039575879036155004,,,,0.960424120963845,3.189155162145141,,,False,0.960424120963845,fpi_fallback
401858426,2026,2294,2459,Iowa,Northern Illinois,Big Ten,Mountain West,False,False,1.5536337436171244,0.5752265448388476,0.26999039475406217,0.6607193017154488,0.22220785191770764,0.0,-0.010204170174241689,0.961245524417875,0.0,0.0,1.0,987.4538325581303,0.19607843137254902,0.26940787108696074,790.6958349919561,0.009174311926605505,-0.34283992440212285,196.75799756617425,0.1869041194459435,0.6122477954890836,0.9110843182197006,0.0889156817802994,0.9488491717269394,1.0,0.9717590732999676,0.02824092670003242,-30.5,45.5,core_odds_api,0.9488491717269394,2.920471166788288,30.5,0.9717590732999676,True,0.9488491717269394,fpi_market
401868356,2026,2572,2016,Southern Miss,Alcorn State,Sun Belt,,False,False,-0.018279150647433653,0.5872581161736353,0.014570053544776251,0.3694589506316805,0.032782334678379876,1.0,2.4294768448486694,0.7044229284572794,0.0,0.0,1.0,741.0864815840933,0.0,-0.1422164493687413,104.04788212696378,0.0,,637.0385994571295,0.0,,0.9513894272464762,0.04861057275352376,0.9513894272464762,0.0,0.9513894272464762,0.04861057275352376,,,,0.9513894272464762,2.9740824174835407,,,False,0.9513894272464762,fpi_fallback
401860878,2026,36,2751,Colorado State,Wyoming,Pac-12,Mountain West,False,False,-0.23019153894937971,-0.30036541573513753,-0.05004761730092688,-0.23541261633134353,-0.03742701399277465,0.0,-0.010638398205055744,-0.4976281967415889,0.0,0.0,1.0,741.5832443465806,0.0,-0.18634317778833193,755.9642701563448,0.0,-0.17052082000783303,-14.381025809764196,0.0,-0.015822357780498897,0.5213618960741755,0.4786381039258245,0.5840429845388997,1.0,0.6197927701236848,0.38020722987631517,-4.0,48.5,core_odds_api,0.5840429845388997,0.3393926570780836,4.0,0.6197927701236848,True,0.5840429845388997,fpi_market
401867973,2026,295,2450,Old Dominion,Norfolk State,Sun Belt,,False,False,1.1516815941297478,1.3261838152248366,0.31869855302154326,1.1261940522390552,0.2520054910791831,1.0,1.9972034434428636,0.8252105641430648,0.0,0.0,1.0,808.9583543532183,0.026785714285714284,0.16075646446324005,74.25,0.0,,734.7083543532183,0.026785714285714284,,0.9752040680134024,0.024795931986597575,0.9752040680134024,0.0,0.9752040680134024,0.024795931986597575,,,,0.9752040680134024,3.6719671427065137,,,False,0.9752040680134024,fpi_fallback
401856668,2026,245,2623,Texas A&M,Missouri State,SEC,CUSA,False,False,1.319830447992474,0.4225709464564352,0.10704918379632505,0.6259333560621132,0.15844854410989784,0.0,1.796954286105159,0.42971219283469053,0.0,0.0,1.0,1292.7928128569013,0.7078651685393258,0.42460359407589965,523.8358831187666,0.0,-0.16300112984699,768.9569297381347,0.7078651685393258,0.5876047239228896,0.9741723445890104,0.025827655410989636,0.9697867067311685,1.0,0.9885492492880948,0.011450750711905155,-39.5,52.5,core_odds_api,0.9697867067311685,3.468794155353135,39.5,0.9885492492880948,True,0.9697867067311685,fpi_market
401856669,2026,238,2046,Vanderbilt,Austin Peay,SEC,,False,False,0.9884590024905583,0.6248697410812395,0.12784286587092591,0.7855947530293408,0.1726027391037464,1.0,1.9252908618525777,0.806361077116519,0.0,0.0,1.0,898.5992310035647,0.10588235294117647,0.2747700076748849,342.66710727753906,0.0,,555.9321237260256,0.10588235294117647,,0.9599391198261109,0.04006088017388909,0.9599391198261109,0.0,0.9599391198261109,0.04006088017388909,,,,0.9599391198261109,3.176469564216701,,,False,0.9599391198261109,fpi_fallback
401856770,2026,2641,2000,Texas Tech,Abilene Christian,Big 12,,False,False,1.7832698437289922,1.1739485171840804,0.2737211811328406,1.3333568131696825,0.3136521503472084,1.0,2.228477120840324,1.1114045333995408,0.0,0.0,1.0,1052.4682043539133,0.25,0.42462074344422895,170.06614034751954,0.0,,882.4020640063937,0.25,,0.9856800649728537,0.014319935027146347,0.9856800649728537,0.0,0.9856800649728537,0.014319935027146347,,,,0.9856800649728537,4.2316791999214365,,,False,0.9856800649728537,fpi_fallback
401856771,2026,2306,2447,Kansas State,Nicholls,Big 12,,False,False,1.1604595204826955,0.6939632238061366,0.2076724978856454,0.7314056427537341,0.19572311591445468,1.0,1.771350597596848,-0.2739026883668953,0.0,0.0,1.0,908.4180140804283,0.07766990291262135,0.07624696545002964,252.0160458066896,0.0,,656.4019682737387,0.07766990291262135,,0.9644997288190545,0.03550027118094545,0.9644997288190545,0.0,0.9644997288190545,0.03550027118094545,,,,0.9644997288190545,3.302069215831475,,,False,0.9644997288190545,fpi_fallback
401860880,2026,328,304,Utah State,Idaho State,Pac-12,,False,False,0.248235884954222,0.3065865250145845,0.06053050029498558,0.4438024285903871,0.0811351820778154,1.0,1.856297990365626,0.20334845373308552,0.0,0.0,1.0,734.3906244961368,0.0,-0.010083142412802261,440.68782988448874,0.0,,293.702794611648,0.0,,0.9176582053877939,0.08234179461220614,0.9176582053877939,0.0,0.9176582053877939,0.08234179461220614,,,,0.9176582053877939,2.410946184755749,,,False,0.9176582053877939,fpi_fallback
401862695,2026,235,2032,Memphis,Arkansas State,American,Sun Belt,False,False,0.6451968039144913,-0.15076295084817787,-0.19232173382037387,0.37979341361313373,0.0001559188721156346,0.0,0.010256500167188598,-0.482070886138888,0.0,0.0,1.0,811.1368939946184,0.018867924528301886,0.14052798652883336,798.8377398455441,0.0,-0.1622319327532929,12.299154149074297,0.018867924528301886,0.30275991928212626,0.7491545978975517,0.2508454021024483,0.7371080223478306,1.0,0.778570235192579,0.22142976480742105,-10.5,56.5,core_odds_api,0.7371080223478306,1.0309912353548274,10.5,0.778570235192579,True,0.7371080223478306,fpi_market
401862697,2026,242,2277,Rice,Houston Christian,American,,False,False,-0.23995720664713416,-0.14268762068326968,-0.02096048486311286,-0.05107042339667357,0.011176961930661977,1.0,2.538973871058276,-0.19036812052667984,0.0,0.0,1.0,724.7183407942623,0.0,-0.21833410646060722,232.04985038148953,0.0,,492.66849041277277,0.0,,0.9197964295023356,0.08020357049766436,0.9197964295023356,0.0,0.9197964295023356,0.08020357049766436,,,,0.9197964295023356,2.439584339476205,,,False,0.9197964295023356,fpi_fallback
401862699,2026,58,2229,South Florida,Florida International,American,CUSA,False,False,0.8142525945954275,0.6249051320494681,-0.0001765237274239384,0.7011765952174694,0.08188800923011097,0.0,0.026386755173194665,0.19429778401602107,0.0,0.0,1.0,800.075815711071,0.03333333333333333,0.20420438658719947,433.8089100421115,0.0,-0.16334506454494596,366.26690566895945,0.03333333333333333,0.36754945113214543,0.8851832356908393,0.11481676430916066,0.8170367315018724,1.0,0.8296360251665794,0.17036397483342058,-12.5,54.5,core_odds_api,0.8170367315018724,1.4963986387427148,12.5,0.8296360251665794,True,0.8170367315018724,fpi_market
401867866,2026,2393,93,Middle Tennessee,Murray State,CUSA,,False,False,-0.34126169364535597,0.59644226508996,0.124240880233292,0.3756423936368711,0.01904240252691136,1.0,2.0333976031784293,-0.04512723048634143,0.0,0.0,1.0,719.367146484565,0.0,-0.20674295963406975,283.13031882359616,0.0,,436.2368276609688,0.0,,0.932096337660152,0.06790366233984801,0.932096337660152,0.0,0.932096337660152,0.06790366233984801,,,,0.932096337660152,2.6193462055632515,,,False,0.932096337660152,fpi_fallback
401868140,2026,55,2198,Jacksonville State,Eastern Kentucky,CUSA,,False,False,0.9284966454865184,0.8311804093285025,0.24705358760480622,0.8690872071342,0.24597121248999354,1.0,0.6931471805599458,-0.18552822650908182,0.0,0.0,1.0,675.3485562302653,0.0,-0.1740853325659812,330.75841417759057,0.0,,344.59014205267476,0.0,,0.9416392679776087,0.05836073202239134,0.9416392679776087,0.0,0.9416392679776087,0.05836073202239134,,,,0.9416392679776087,2.7809789917389987,,,False,0.9416392679776087,fpi_fallback
401868170,2026,290,2127,Georgia Southern,Charleston Southern,Sun Belt,,False,False,0.5647106284121378,0.6087098019673679,0.24809354669980999,0.49001235104231183,0.1777834567911568,1.0,1.8883863049171268,0.022436360678907478,0.0,0.0,1.0,791.051928599953,0.021739130434782608,-0.20901622803680373,210.32596223408052,0.0,,580.7259663658725,0.021739130434782608,,0.9510941677369807,0.048905832263019255,0.9510941677369807,0.0,0.9510941677369807,0.048905832263019255,,,,0.9510941677369807,2.9677164187944407,,,False,0.9510941677369807,fpi_fallback
401868316,2026,6,2545,South Alabama,SE Louisiana,Sun Belt,,False,False,0.38424493692283934,0.6453030913498837,0.12261139587328873,0.6285216808978593,0.0977678206531426,1.0,1.9752377641498335,-0.5603804913729982,0.0,0.0,1.0,729.1418074253246,0.0,-0.1207121323726903,281.53932856592644,0.0,,447.60247885939816,0.0,,0.9430133901314905,0.05698660986850945,0.9430133901314905,0.0,0.9430133901314905,0.05698660986850945,,,,0.9430133901314905,2.806264156385574,,,False,0.9430133901314905,fpi_fallback
401870763,2026,2653,2534,Troy,Sam Houston,Sun Belt,CUSA,False,False,1.0015809715918886,0.604828237516321,0.08328919800918144,0.6209166177201615,0.1240544920257608,0.0,1.43305612702793,0.9603180665213585,0.0,0.0,1.0,776.4629635065345,0.0,-0.13824595035975623,638.9854759578275,0.0,-0.4540565745975952,137.47748754870702,0.0,0.31581062423783895,0.8128538289090572,0.18714617109094278,0.8078733364175631,1.0,0.8681390972015534,0.13186090279844664,-16.5,51.5,core_odds_api,0.8078733364175631,1.4362504236973632,16.5,0.8681390972015534,True,0.8078733364175631,fpi_market
401856660,2026,99,228,LSU,Clemson,SEC,ACC,False,False,-0.2308238395458943,-0.33826023850016423,-0.124806114870045,-0.2516954185075761,-0.05010385008781626,0.0,-0.04020642047804035,-0.023580521288456568,0.0,0.0,1.0,1272.669430225689,0.5098039215686274,0.18878088457719902,1162.6283334023117,0.4827586206896552,0.13696508014615622,110.0410968233773,0.027045300878972223,0.051815804431042806,0.5996881874440951,0.40031181255590487,0.7241255282872583,1.0,0.7674048436979174,0.2325951563020826,-10.0,50.5,core_odds_api,0.7241255282872583,0.9650188093455779,10.0,0.7674048436979174,True,0.7241255282872583,fpi_market
401856662,2026,344,2433,Mississippi State,UL Monroe,SEC,Sun Belt,False,False,0.5869775505160646,0.11031632093908485,0.04221124738108395,0.3618306553571449,0.04546879456777947,0.0,0.0,0.426320560479046,0.0,0.0,1.0,1004.9310140506045,0.11570247933884298,0.08344340967405131,736.2526686071137,0.009433962264150943,-0.2673925024115139,268.6783454434908,0.10626851707469204,0.3508359120855652,0.84144786851542,0.15855213148458003,0.9391179399063702,1.0,0.9674698194179611,0.03253018058203894,-29.5,55.5,core_odds_api,0.9391179399063702,2.7360025213499064,29.5,0.9674698194179611,True,0.9391179399063702,fpi_market
401858211,2026,259,2678,Virginia Tech,VMI,ACC,,False,False,-0.07186060381567132,0.2095962875542778,-0.07462262509853695,0.3289635900113184,-0.04057763008946075,1.0,2.282382385676526,-0.7031634064658465,0.0,0.0,1.0,941.2491041062212,0.19318181818181818,0.018920152232701312,68.62370271138647,0.0,,872.6254013948347,0.19318181818181818,,0.970768305435246,0.02923169456475405,0.970768305435246,0.0,0.970768305435246,0.02923169456475405,,,,0.970768305435246,3.5028342745160694,,,False,0.970768305435246,fpi_fallback
401858428,2026,130,2711,Michigan,Western Michigan,Big Ten,MAC,False,False,0.49920970279471477,-0.5705890384596184,-0.19738147865783473,-0.11614570437121495,-0.031086387006873828,0.0,0.015584731016698328,-1.1270816079229689,0.0,0.0,1.0,1235.613791698029,0.51,0.23626313954224643,726.859170455014,0.0,-0.030280742089063867,508.754621243015,0.51,0.26654388163131026,0.8666603259815576,0.13333967401844238,0.9147695195258881,1.0,0.9535752219693022,0.04642477803069778,-26.5,47.5,core_odds_api,0.9147695195258881,2.3733130204162274,26.5,0.9535752219693022,True,0.9147695195258881,fpi_market
401869129,2026,2348,2466,Louisiana Tech,Northwestern State,Sun Belt,,False,False,0.6476180646534385,1.2420564073296225,0.26350835931456656,1.0177817275860142,0.17710568690404072,1.0,2.0898043287153825,0.663704982927975,0.0,0.0,1.0,726.6291678447327,0.0,-0.08608239221705838,110.25,0.0,,616.3791678447327,0.0,,0.9666763615650372,0.03332363843496278,0.9666763615650372,0.0,0.9666763615650372,0.03332363843496278,,,,0.9666763615650372,3.3675967483966867,,,False,0.9666763615650372,fpi_fallback
401856637,2026,57,2226,Florida,Florida Atlantic,SEC,American,False,False,0.784907256894303,0.2638290673888449,0.07612539298771515,0.22492479334694201,0.07268801099991778,0.0,0.005221943981151611,-0.6055314982611845,0.0,0.0,1.0,1249.4645927399758,0.5824175824175825,0.13931393188132907,708.5716649532192,0.013157894736842105,-0.057874346751056974,540.8929277867567,0.5692596876807403,0.19718827863238603,0.8853705248091587,0.11462947519084132,0.9475594369832752,1.0,0.9610697734086122,0.038930226591387784,-26.5,58.5,core_odds_api,0.9475594369832752,2.8942092700783473,26.5,0.9610697734086122,True,0.9475594369832752,fpi_market
401856775,2026,252,3101,BYU,Utah Tech,Big 12,,False,False,1.4265674533747597,0.4488092777667804,0.19306918196056855,0.6061078912435246,0.2440385440854128,1.0,3.891820298110626,0.24337381797362467,0.0,0.0,1.0,966.2180287324254,0.12871287128712872,0.23853588239442264,418.352366615243,0.0,,547.8656621171824,0.12871287128712872,,0.9551421906097335,0.04485780939026651,0.9551421906097335,0.0,0.9551421906097335,0.04485780939026651,,,,0.9551421906097335,3.058362524327206,,,False,0.9551421906097335,fpi_fallback
401858427,2026,120,2261,Maryland,Hampton,Big Ten,,False,False,-0.27748748614329316,-0.48139532964804477,-0.21149037752998023,-0.23725720936539998,-0.13621357106284887,1.0,3.2851984677992734,-0.20321418130937674,0.0,0.0,1.0,934.2453153712663,0.11702127659574468,-0.04044552211638594,213.19819778358675,0.0,,721.0471175876796,0.11702127659574468,,0.9428150811442824,0.05718491885571764,0.9428150811442824,0.0,0.9428150811442824,0.05718491885571764,,,,0.9428150811442824,2.8025799598027996,,,False,0.9428150811442824,fpi_fallback
401858431,2026,77,2571,Northwestern,South Dakota State,Big Ten,,False,False,0.19124982485962164,0.28608262220605285,0.05172771262900111,0.10474295473370876,0.02449678013377038,1.0,2.772588722239781,0.315470186414218,0.0,0.0,1.0,799.4019028452823,0.047619047619047616,0.045966842685715825,512.5216773325637,0.0136986301369863,,286.88022551271854,0.033920417482061316,,0.9002893756357296,0.09971062436427036,0.9002893756357296,0.0,0.9002893756357296,0.09971062436427036,,,,0.9002893756357296,2.200444005506223,,,False,0.9002893756357296,fpi_fallback
401869142,2026,309,2320,Louisiana,Lamar,Sun Belt,,False,False,0.4873440896170041,0.45511041573281624,0.13881718237592955,0.40052855645832397,0.1207835113822806,1.0,2.455053686638319,-0.39348306132927746,0.0,0.0,1.0,716.1153761466188,0.0,-0.25325455386875345,264.37740387755724,0.0,,451.7379722690616,0.0,,0.93482791241605,0.06517208758394999,0.93482791241605,0.0,0.93482791241605,0.06517208758394999,,,,0.93482791241605,2.663331188728266,,,False,0.93482791241605,fpi_fallback
401870790,2026,166,2385,New Mexico State,Mercyhurst,CUSA,,False,False,-0.6648739452134259,-0.3205996503959709,-0.13089380944098278,-0.36015841608336097,-0.12469652870130632,1.0,5.220355825078324,-0.10828742175512616,0.0,0.0,1.0,642.1178364084459,0.0,-0.20796966182041543,143.01549226346165,0.0,,499.1023441449843,0.0,,0.9045764496584633,0.09542355034153671,0.9045764496584633,0.0,0.9045764496584633,0.09542355034153671,,,,0.9045764496584633,2.2491414158057323,,,False,0.9045764496584633,fpi_fallback
401856773,2026,12,2464,Arizona,Northern Arizona,Big 12,,False,False,0.8718714374855563,0.6317529067187346,0.17923894667544016,0.5776402066212155,0.14643057459368408,1.0,2.4085336710034264,0.7769125370399501,0.0,0.0,1.0,926.0198278993089,0.13592233009708737,0.23622595907028177,541.3602745628237,0.0,,384.65955333648515,0.13592233009708737,,0.9400360638399752,0.05996393616002482,0.9400360638399752,0.0,0.9400360638399752,0.05996393616002482,,,,0.9400360638399752,2.752174922804177,,,False,0.9400360638399752,fpi_fallback
401860879,2026,21,2502,San Diego State,Portland State,Pac-12,,False,False,0.8140769250424796,0.9685221625754129,0.15311638791403148,0.9306283781074234,0.17712114742944907,1.0,1.9304856787296818,0.9117657895671323,0.0,0.0,1.0,722.2374816700269,0.0,0.07918892213122844,573.2357003090348,0.0,,149.00178136099214,0.0,,0.9222422737843035,0.07775772621569654,0.9222422737843035,0.0,0.9222422737843035,0.07775772621569654,,,,0.9222422737843035,2.47321004019841,,,False,0.9222422737843035,fpi_fallback
401856774,2026,9,2415,Arizona State,Morgan State,Big 12,,False,False,0.9309305161517681,0.6238297560700673,0.12996896982345235,0.5924218607358434,0.18112610842758753,1.0,2.1972245773362196,-0.07817045592068553,0.0,0.0,1.0,896.2395405052043,0.1,0.2419786272205886,,,,,,,0.8869069702568991,0.11309302974310087,0.8869069702568991,0.0,0.8869069702568991,0.11309302974310087,,,,0.8869069702568991,2.059529343402706,,,False,0.8869069702568991,fpi_fallback
401864497,2026,62,2439,Hawai'i,UNLV,Mountain West,Mountain West,True,False,-0.5467414981725369,0.06324108905829139,0.1161327928385335,-0.18607828624257353,-0.019252999316572983,0.0,0.025190248828558914,0.7595249085471869,0.0,0.0,1.0,,,-0.10169282413193194,727.9148013639938,0.0,-0.013766461130807137,,,-0.0879263630011248,0.5165106339985337,0.4834893660014663,0.4561139558298679,1.0,0.46577548023881277,0.5342245197611872,1.5,58.5,core_odds_api,0.4561139558298679,-0.17599706585453204,-1.5,0.46577548023881277,True,0.4561139558298679,fpi_market
401864498,2026,167,2117,New Mexico,Central Michigan,Mountain West,MAC,False,False,0.45919168986696834,0.3207152588856527,0.13683631595261553,0.22238547323845648,0.10814048791315767,0.0,0.005277057100843585,0.4122502585132361,0.0,0.0,1.0,607.7200445489912,0.0,-0.027256250774157314,710.6104865694842,0.0,-0.16936787162657693,-102.89044202049308,0.0,0.14211162085241963,0.621380369202976,0.378619630797024,0.7767646165974504,1.0,0.8168236107517454,0.18317638924825463,-12.5,48.5,core_odds_api,0.7767646165974504,1.2469106199982634,12.5,0.8168236107517454,True,0.7767646165974504,fpi_market
401866411,2026,16,2400,Sacramento State,Mississippi Valley State,MAC,,False,False,-0.1382673428530893,-0.11404691594398252,-0.09638063313107603,-0.07652448409823658,-0.06235565090840944,1.0,1.897119984885881,-0.028055542119434448,0.0,0.0,1.0,692.9988066587673,0.0,,138.37370271138647,0.0,,554.6251039473808,0.0,,0.9264124381641806,0.07358756183581938,0.9264124381641806,0.0,0.9264124381641806,0.07358756183581938,,,,0.9264124381641806,2.532843518414295,,,False,0.9264124381641806,fpi_fallback
401858210,2026,25,26,California,UCLA,ACC,Big Ten,False,False,0.31899741882773014,0.5775820985205192,0.13115631681532564,0.46020284371071163,0.10843334245795566,0.0,-0.015831465216680662,0.38851504018186006,0.0,0.0,1.0,845.5299003506768,0.11392405063291139,-0.009139274462177608,811.0418477665968,0.0821917808219178,-0.0031423834422963023,34.48805258408004,0.031732269810993585,-0.005996891019881306,0.6444931148841734,0.3555068851158266,0.5764862473995603,1.0,0.5685585496910643,0.43144145030893566,-1.5,54.5,core_odds_api,0.5764862473995603,0.3083654968522248,1.5,0.5685585496910643,True,0.5764862473995603,fpi_market
401864432,2026,2440,98,Nevada,Western Kentucky,Mountain West,CUSA,False,False,-1.2730688136735284,-0.46792004982244295,-0.14634875682109416,-0.6152400040190106,-0.2487075627542732,0.0,-0.04604393850140642,0.019263296614169576,0.0,0.0,1.0,726.5675162890159,0.0,-0.23295498906943338,673.5953239504531,0.0,-0.08552767474658443,52.97219233856276,0.0,-0.14742731432284895,0.43801323994160285,0.5619867600583972,0.38127246079150395,1.0,0.40927940078272484,0.5907205992172752,3.0,52.5,core_odds_api,0.38127246079150395,-0.48415077321716005,-3.0,0.40927940078272484,True,0.38127246079150395,fpi_market
401858437,2026,264,265,Washington,Washington State,Big Ten,Pac-12,False,False,0.6191045198211305,0.20229729174507677,0.010733556965729973,0.27427745894703115,0.061491060795411,0.0,0.03158157205029877,0.15811270078714187,0.0,0.0,1.0,1043.8640373572212,0.27,0.33176080575933187,767.2399461783762,0.007874015748031496,0.09226585663667623,276.624091178845,0.26212598425196854,0.23949494912265562,0.8181149635851449,0.1818850364148551,0.8508966349677296,1.0,0.9165144969440557,0.08348550305594427,-21.5,50.5,core_odds_api,0.8508966349677296,1.7416508676952391,21.5,0.9165144969440557,True,0.8508966349677296,fpi_market
401856661,2026,145,97,Ole Miss,Louisville,SEC,ACC,False,True,0.7075305401843411,0.23078212349723623,0.057840554498148955,0.35149015982616244,0.10712756273346336,0.0,-0.005115100666770012,0.1970059769442787,0.0,0.0,0.0,1077.05919274244,0.41379310344827586,0.3643332453427581,810.6120157818036,0.15492957746478872,0.24901211463090583,266.4471769606364,0.25886352598348716,0.1153211307118523,0.7441179270812481,0.25588207291875187,0.6673575893347486,1.0,0.6934705672027593,0.30652943279724065,-6.5,56.5,core_odds_api,0.6673575893347486,0.6962579470478628,6.5,0.6934705672027593,True,0.6673575893347486,fpi_market
401858438,2026,87,275,Notre Dame,Wisconsin,FBS Indep.,Big Ten,False,True,1.9687840519508086,1.4290476206190212,0.3429655088655337,1.447653800592807,0.35711234606112097,0.0,0.015345569674660275,0.17598255696340176,0.0,0.0,0.0,1331.2910121386622,0.6538461538461539,0.5226843609885897,907.0388207801798,0.2111111111111111,0.06697475666311872,424.2521913584824,0.4427350427350427,0.45570960432547103,0.9459391811913159,0.054060818808684075,0.9027195285527265,1.0,0.9232138715667849,0.07678612843321508,-20.5,47.5,core_odds_api,0.9027195285527265,2.227813641063565,20.5,0.9232138715667849,True,0.9027195285527265,fpi_market
401858212,2026,52,2567,Florida State,SMU,ACC,ACC,True,False,-1.2392746524727363,-0.46973147794845177,-0.2308331340666704,-0.4751372715827313,-0.2306287940728059,0.0,-0.005089069507471677,-0.034002150366482055,0.0,0.0,1.0,1140.327181629477,0.3627450980392157,0.27952505542872025,874.0415949819652,0.1625,0.2315533960010078,266.2855866475119,0.20024509803921567,0.04797165942771245,0.6494479890570841,0.3505520109429159,0.5185759740243102,1.0,0.48781813181054046,0.5121818681894595,1.5,53.5,core_odds_api,0.5185759740243102,0.07433811084830395,-1.5,0.48781813181054046,True,0.5185759740243102,fpi_market
401858213,2026,2390,50,Miami,Florida A&M,ACC,,False,False,1.9302171145196576,0.9936889863371132,0.243435523980918,1.1890991693043824,0.2835889718396429,1.0,2.4499903846817723,0.6538683864259792,0.0,0.0,1.0,1262.9288503196244,0.5233644859813084,0.4940492419545948,212.61609800067288,0.0,,1050.3127523189514,0.5233644859813084,,0.9903228203272417,0.009677179672758274,0.9903228203272417,0.0,0.9903228203272417,0.009677179672758274,,,,0.9903228203272417,4.628260468398332,,,False,0.9903228203272417,fpi_fallback
401858215,2026,97,222,Louisville,Villanova,ACC,,False,False,1.1652066169909858,0.8016857927227886,0.17930811275640202,0.7745693161176279,0.1926308793971871,1.0,2.5700644581283068,0.008804589987091731,0.0,0.0,1.0,810.6120157818036,0.15492957746478872,0.24901211463090583,240.88887958160504,0.0,,569.7231362001986,0.15492957746478872,,0.9618512267288216,0.03814877327117838,0.9618512267288216,0.0,0.9618512267288216,0.03814877327117838,,,,0.9618512267288216,3.2273661869308254,,,False,0.9618512267288216,fpi_fallback
401858220,2026,258,2450,Virginia,Norfolk State,ACC,,False,False,0.9765000078681374,0.9366165283693403,0.2282444683386553,0.8554544697974753,0.2182217282763947,1.0,2.3130563928613412,0.900572241279906,0.0,0.0,1.0,681.7851759026536,0.0,0.19059254374581175,74.25,0.0,,607.5351759026536,0.0,,0.9624434255466864,0.03755657445331362,0.9624434255466864,0.0,0.9624434255466864,0.03755657445331362,,,,0.9624434255466864,3.2436268375891606,,,False,0.9624434255466864,fpi_fallback
401858222,2026,152,257,NC State,Richmond,ACC,,False,False,0.8420215820243243,0.726822193123404,0.21889820798487603,0.4928323064461355,0.1546684404575901,1.0,2.5649493574615367,0.2871918774030678,0.0,0.0,1.0,940.0143298590317,0.12244897959183673,0.20064371785902324,200.56488130182242,0.0,,739.4494485572093,0.12244897959183673,,0.9652251004944398,0.03477489950556023,0.9652251004944398,0.0,0.9652251004944398,0.03477489950556023,,,,0.9652251004944398,3.3234654909400354,,,False,0.9652251004944398,fpi_fallback
401858214,2026,103,164,Boston College,Rutgers,ACC,Big Ten,False,False,-0.4297818224498224,0.11313419384202682,-0.019758414442618,-0.08497550786300254,-0.08347336276702855,0.0,0.010362787035546717,-0.4503789361592385,0.0,0.0,1.0,809.9006532485765,0.060240963855421686,-0.10883366875047422,974.5567623671036,0.1485148514851485,-0.007181304706549596,-164.65610911852707,-0.08827388762972682,-0.10165236404392462,0.4375580957795621,0.5624419042204378,0.499602894790501,1.0,0.499602894790501,0.500397105209499,,,,0.499602894790501,-0.0015884211719722273,,,False,0.499602894790501,fpi_fallback
401856678,2026,2305,142,Kansas,Missouri,Big 12,SEC,False,False,-0.6740295943860815,-0.37546950028926573,-0.11358313011742288,-0.3800653647392738,-0.14067721118760684,0.0,-0.025841231183886926,-0.1109065017191142,0.0,0.0,1.0,728.3803919337098,0.043478260869565216,0.0987177593152587,991.2097296268986,0.2823529411764706,0.29316690406481605,-262.8293376931888,-0.23887468030690537,-0.19444914474955735,0.31666913922842516,0.6833308607715749,0.32455920701637486,1.0,0.3148485537335166,0.6851514462664834,7.0,52.5,core_odds_api,0.32455920701637486,-0.7328975287480239,-7.0,0.3148485537335166,True,0.32455920701637486,fpi_market
401864504,2026,23,13,San José State,Cal Poly,Mountain West,,False,False,-0.18136467354057687,-0.013476266672394464,-0.0785244151717222,0.08854262622250404,-0.04037894273206821,1.0,2.4190600839904137,-0.7788259761273388,0.0,0.0,1.0,724.1630544316288,0.011235955056179775,-0.19911733164845075,622.8421985319978,0.0,,101.32085589963094,0.011235955056179775,,0.864180226085046,0.13581977391495403,0.864180226085046,0.0,0.864180226085046,0.13581977391495403,,,,0.864180226085046,1.8504525269659047,,,False,0.864180226085046,fpi_fallback
401865252,2026,167,2385,New Mexico,Mercyhurst,Mountain West,,False,False,0.23374379337185247,0.181792447771836,0.0988752445708897,0.11319441089481472,0.08578153684096723,1.0,5.247024072160486,0.8067132544046695,0.0,0.0,1.0,607.7200445489912,0.0,-0.027256250774157314,143.01549226346165,0.0,,464.70455228552953,0.0,,0.9239741135224997,0.0760258864775003,0.9239741135224997,0.0,0.9239741135224997,0.0760258864775003,,,,0.9239741135224997,2.497610161743504,,,False,0.9239741135224997,fpi_fallback
401856679,2026,130,201,Michigan,Oklahoma,Big Ten,SEC,False,False,0.06295976840983031,-0.11653499649575948,-0.06263147618517895,-0.07178971407046271,0.0039050592651563854,0.0,-0.02040887163120697,-0.7312533670546486,0.0,0.0,1.0,1235.613791698029,0.51,0.23626313954224643,1173.5834604844968,0.4519230769230769,0.3311106400825597,62.030331213532236,0.05807692307692308,-0.09484750054031327,0.5460908932150714,0.4539091067849286,0.5156937391809372,1.0,0.567087137355733,0.432912862644267,-2.5,47.5,core_odds_api,0.5156937391809372,0.06279558366530553,2.5,0.567087137355733,True,0.5156937391809372,fpi_market
401856683,2026,245,9,Texas A&M,Arizona State,SEC,Big 12,False,False,0.5834301606571626,0.3455760113605732,0.0599499768097691,0.41284151146368464,0.07465524289977965,0.0,0.020943173845243024,0.6886651182505534,0.0,0.0,1.0,1292.7928128569013,0.7078651685393258,0.42460359407589965,896.2395405052043,0.1,0.2419786272205886,396.55327235169693,0.6078651685393258,0.18262496685531104,0.87091640968438,0.12908359031562,0.8674714563812236,1.0,0.8675464609446235,0.1324535390553765,-14.5,51.5,core_odds_api,0.8674714563812236,1.878784562208848,14.5,0.8675464609446235,True,0.8674714563812236,fpi_market
401856781,2026,2306,265,Kansas State,Washington State,Big 12,Pac-12,False,False,0.2875332341110334,-0.22236940370447186,-0.025777091138530994,-0.015425722230747356,0.018094649565294496,0.0,0.03674954220874138,-0.38600353171471624,0.0,0.0,1.0,908.4180140804283,0.07766990291262135,0.07624696545002964,767.2399461783762,0.007874015748031496,0.09226585663667623,141.17806790205213,0.06979588716458986,-0.016018891186646594,0.6200811023103704,0.3799188976896296,0.7737387329552895,1.0,0.7737387329552895,0.2262612670447105,,,,0.7737387329552895,1.2295438818513669,,,False,0.7737387329552895,fpi_fallback
401856782,2026,197,2483,Oklahoma State,Oregon,Big 12,Big Ten,False,False,-2.771439184756491,-0.8216723343492928,-0.39593399282783304,-1.3871870379754139,-0.47993883622525985,0.0,-0.02040887163120697,-0.7447715520000179,0.0,0.0,1.0,755.4882199001777,0.0,-0.18509401619573237,1401.6094907863976,0.5378151260504201,0.4314892927531719,-646.1212708862199,-0.5378151260504201,-0.6165833089489042,0.07910487856236126,0.9208951214376387,0.11328259615112181,1.0,0.10217972298227418,0.8978202770177258,18.5,60.5,core_odds_api,0.11328259615112181,-2.0576407861729313,-18.5,0.10217972298227418,True,0.11328259615112181,fpi_market
401858218,2026,153,2193,North Carolina,East Tennessee State,ACC,,False,False,0.016748795589739983,0.3209162757172024,-0.037411271369687915,0.30568187903075483,-0.027435354139509205,1.0,3.0757749812275272,-0.40671647328306565,0.0,0.0,1.0,964.9357928955131,0.15447154471544716,-0.03466205245877597,350.109600564488,0.0,,614.8261923310251,0.15447154471544716,,0.952432945853369,0.04756705414663098,0.952432945853369,0.0,0.952432945853369,0.04756705414663098,,,,0.952432945853369,2.9968793246471943,,,False,0.952432945853369,fpi_fallback
401858221,2026,259,295,Virginia Tech,Old Dominion,ACC,Sun Belt,False,False,-1.1449021321896042,-1.0990899967963565,-0.3893872138596799,-0.7803475221522799,-0.28333758045195157,0.0,0.33647223662121295,-1.5575103567954602,0.0,0.0,1.0,941.2491041062212,0.19318181818181818,0.018920152232701312,808.9583543532183,0.026785714285714284,0.16075646446324005,132.29074975300296,0.1663961038961039,-0.14183631223053872,0.4695802014260436,0.5304197985739564,0.8199940016641463,1.0,0.8199940016641463,0.18000599833585373,,,,0.8199940016641463,1.5163068507647681,,,False,0.8199940016641463,fpi_fallback
401858224,2026,2509,154,Purdue,Wake Forest,Big Ten,ACC,False,False,-1.122746311897083,-1.2108607051980076,-0.35854672506319923,-0.95685885327206,-0.3160945500635108,0.0,-0.015831465216680662,-0.712371382849467,0.0,0.0,1.0,799.8384609517241,0.05434782608695652,-0.07843402148142234,817.8332426208597,0.031578947368421054,0.2101442248687073,-17.99478166913559,0.022768878718535467,-0.28857824635012963,0.32251586509121477,0.6774841349087852,0.45228125144682796,1.0,0.45228125144682796,0.547718748553172,,,,0.45228125144682796,-0.1914576985950624,,,False,0.45228125144682796,fpi_fallback
401858439,2026,84,47,Indiana,Howard,Big Ten,,False,False,2.3708944051847403,1.5143131265390009,0.3828374897564988,1.629472411555111,0.39980163556515846,1.0,2.2181677511814626,1.2278305617706429,0.0,0.0,1.0,872.0069986162093,0.1,0.5357653254929933,335.42878421920136,0.0,,536.578214397008,0.1,,0.9758730096158016,0.02412699038419841,0.9758730096158016,0.0,0.9758730096158016,0.02412699038419841,,,,0.9758730096158016,3.7000013180552638,,,False,0.9758730096158016,fpi_fallback
401858442,2026,218,213,Temple,Penn State,American,Big Ten,False,False,-1.701129869007875,-0.794009811389459,-0.2540879300184478,-0.8857897251583042,-0.19656805475195616,0.0,-0.04145671367834591,0.8870626677649216,0.0,0.0,1.0,743.2158993608089,0.008771929824561403,-0.039767353742940235,1093.5859854781434,0.40816326530612246,0.2572674566411734,-350.3700861173345,-0.399391335481561,-0.2970348103841136,0.20440088023238348,0.7955991197676165,0.1092514312690758,1.0,0.1092514312690758,0.8907485687309242,,,,0.1092514312690758,-2.09841026292022,,,False,0.1092514312690758,fpi_fallback
401862702,2026,349,58,Army,South Florida,American,American,True,False,-0.01157892025562205,-0.3817505219606484,0.016571114312530666,-0.39616585053393366,-0.005371656827332205,0.0,0.020619287202735315,-0.9768015095506462,0.0,0.0,1.0,586.599678950922,0.0,0.015280943267176026,800.075815711071,0.03333333333333333,0.20420438658719947,-213.47613676014896,-0.03333333333333333,-0.18892344332002345,0.35527406100822784,0.6447259389917721,0.44251618328982495,1.0,0.44251618328982495,0.557483816710175,,,,0.44251618328982495,-0.2309564384047738,,,False,0.44251618328982495,fpi_fallback
401864571,2026,151,2026,East Carolina,App State,American,Sun Belt,False,False,0.805752095298642,0.7719894805773956,0.2915541368926534,0.7180948977190038,0.2072125415232064,0.0,0.23361485118150505,0.9477224574772231,0.0,0.0,1.0,776.7464762757635,0.030927835051546393,0.1482528042243568,741.7010701368393,0.009523809523809525,-0.2964783655947048,35.045406138924136,0.021404025527736868,0.4447311698190616,0.8359493134205259,0.16405068657947408,0.775439742325494,1.0,0.775439742325494,0.22456025767450605,,,,0.775439742325494,1.239286198372796,,,False,0.775439742325494,fpi_fallback
401866416,2026,2309,2747,Kent State,Wofford,MAC,,False,False,-0.6509094240462037,0.29939534954218977,0.1112648744861453,-0.19270477395060098,-0.01118505912756218,1.0,2.3925333296569855,0.637431506248156,0.0,0.0,1.0,709.4657050110235,0.012658227848101266,-0.3216129524444867,358.3878649965836,0.0,,351.0778400144399,0.012658227848101266,,0.891489044290506,0.10851095570949398,0.891489044290506,0.0,0.891489044290506,0.10851095570949398,,,,0.891489044290506,2.1060420059896527,,,False,0.891489044290506,fpi_fallback
401856673,2026,61,98,Georgia,Western Kentucky,SEC,CUSA,False,False,1.3417460042714173,0.286214947578566,0.07984624940955198,0.4424677712759313,0.13180953543376983,0.0,0.014888612493750841,-0.02175872978735697,0.0,0.0,1.0,1454.7175340466702,0.7304347826086957,0.32936276416267773,673.5953239504531,0.0,-0.08552767474658443,781.122210096217,0.7304347826086957,0.41489043890926214,0.9600175554343165,0.03998244456568345,0.9679966240337415,1.0,0.9679966240337415,0.03200337596625846,,,,0.9679966240337415,3.4093872035213653,,,False,0.9679966240337415,fpi_fallback
401856791,2026,277,2630,West Virginia,UT Martin,Big 12,,False,False,0.33106238080137246,0.08699202249789144,0.040399992492268,0.16855162447048697,0.03603764160407258,1.0,1.920068917871426,-0.07292792423851097,0.0,0.0,1.0,911.6964337971962,0.06349206349206349,0.006903702757038735,209.89758442632464,0.0,,701.7988493708715,0.06349206349206349,,0.9525849029391058,0.047415097060894196,0.9525849029391058,0.0,0.9525849029391058,0.047415097060894196,,,,0.9525849029391058,3.0002385585883533,,,False,0.9525849029391058,fpi_fallback
401866415,2026,2117,2142,Central Michigan,Colgate,MAC,,False,False,0.13277404531738968,0.3905186138203226,0.07038782172173458,0.3622639065046195,0.07760391859084304,1.0,2.5336968139574325,0.36579098361244633,0.0,0.0,1.0,710.6104865694842,0.0,-0.16936787162657693,266.8464717214538,0.0,,443.76401484803046,0.0,,0.932387089369908,0.067612910630092,0.932387089369908,0.0,0.932387089369908,0.067612910630092,,,,0.932387089369908,2.6239491099353867,,,False,0.932387089369908,fpi_fallback
401866417,2026,193,107,Miami (OH),Holy Cross,MAC,,False,False,0.4840805411743054,0.11189494577820351,0.05683876676404498,0.2738376174960945,0.10010803138760177,1.0,2.859600099229411,-0.42460991263429604,0.0,0.0,1.0,722.3685503666973,0.0,-0.19534094449480896,171.68443536960666,0.0,,550.6841149970905,0.0,,0.9402713498917564,0.059728650108243575,0.9402713498917564,0.0,0.9402713498917564,0.059728650108243575,,,,0.9402713498917564,2.7563566971111038,,,False,0.9402713498917564,fpi_fallback
401866413,2026,2050,2619,Ball State,Stony Brook,MAC,,False,False,-0.44604432903870245,0.001527090134670799,-0.03434831208661071,-0.1358044983593491,-0.03956644559270561,1.0,2.403228618773733,-0.10765601102854362,0.0,0.0,1.0,699.3573843826957,0.0,-0.4324979754700893,68.62370271138647,0.0,,630.7336816713092,0.0,,0.9327217145046917,0.06727828549530834,0.9327217145046917,0.0,0.9327217145046917,0.06727828549530834,,,,0.9327217145046917,2.629269354586231,,,False,0.9327217145046917,fpi_fallback
401856674,2026,96,333,Kentucky,Alabama,SEC,SEC,True,False,-1.3033700721390504,-0.25983703025045274,-0.1039163661536851,-0.5222615088663204,-0.19812803027611892,0.0,-0.060624621816434576,0.1598542015140515,0.0,0.0,1.0,957.2511978283744,0.19148936170212766,0.12743784412898232,1451.3911057034413,0.6160714285714286,0.3317978703457419,-494.1399078750669,-0.42458206686930094,-0.20436002621675955,0.22348299220960385,0.7765170077903961,0.21445638933162722,1.0,0.21445638933162722,0.7855436106683727,,,,0.21445638933162722,-1.2982695712253685,,,False,0.21445638933162722,fpi_fallback
401856677,2026,135,344,Minnesota,Mississippi State,Big Ten,SEC,False,False,0.8765253107422109,0.34561491532463695,0.2602042915024775,0.2593364690155496,0.22053771414445295,0.0,-0.005221943981151611,-0.30469491248264374,0.0,0.0,1.0,945.3401948206013,0.12264150943396226,-0.01770528059758985,1004.9310140506045,0.11570247933884298,0.08344340967405131,-59.59081923000326,0.006939030095119286,-0.10114869027164117,0.5362731834107913,0.46372681658920867,0.47434307919858926,1.0,0.47434307919858926,0.5256569208014108,,,,0.47434307919858926,-0.10271790245420934,,,False,0.47434307919858926,fpi_fallback
401856785,2026,38,2692,Colorado,Weber State,Big 12,,False,False,-0.046219820617686765,0.16959392483085978,-0.06306873021658149,0.12338512218683143,-0.03127694547017995,1.0,2.15598161880217,-0.4695362388241597,0.0,0.0,1.0,861.702384575236,0.15714285714285714,-0.03556014101794508,484.5121800856961,0.0,,377.1902044895399,0.15714285714285714,,0.9208957065329366,0.07910429346706338,0.9208957065329366,0.0,0.9208957065329366,0.07910429346706338,,,,0.9208957065329366,2.4545796381879867,,,False,0.9208957065329366,fpi_fallback
401856790,2026,221,2116,Pittsburgh,UCF,ACC,Big 12,False,False,0.5665476733304263,0.28668266325738906,0.07042377093642999,0.2699512768346311,0.10984110888469506,0.0,0.010256500167188598,0.3544573909557039,0.0,0.0,1.0,901.0402708557126,0.12643678160919541,0.25090656933998107,765.5801937114245,0.0958904109589041,0.019875527945627768,135.4600771442881,0.03054637065029131,0.2310310413943533,0.7499555622684534,0.2500444377315466,0.6772720244863921,1.0,0.6772720244863921,0.3227279755136079,,,,0.6772720244863921,0.7412632135870784,,,False,0.6772720244863921,fpi_fallback
401856810,2026,252,12,BYU,Arizona,Big 12,Big 12,True,False,0.6071012370764015,-0.1905098198549968,0.060902762128370314,0.055001740197751774,0.1228192370121417,0.0,0.036367644170874236,-0.4481971760399961,0.0,0.0,1.0,966.2180287324254,0.12871287128712872,0.23853588239442264,926.0198278993089,0.13592233009708737,0.23622595907028177,40.198200833116516,-0.007209458809958658,0.0023099233241408723,0.5892676143868658,0.4107323856131342,0.7103178973135981,1.0,0.7103178973135981,0.28968210268640193,,,,0.7103178973135981,0.8969284884403648,,,False,0.7103178973135981,fpi_fallback
401858216,2026,183,25,Syracuse,California,ACC,ACC,True,False,-0.3212103039899466,-0.6933425820771333,-0.17013390175370602,-0.430809065696116,-0.09571823657570977,0.0,0.03141619623337899,-0.7843305509212041,0.0,0.0,1.0,915.4353213958169,0.08181818181818182,-0.0917346289034202,845.5299003506768,0.11392405063291139,-0.009139274462177608,69.90542104514009,-0.03210586881472957,-0.0825953544412426,0.4920794271807898,0.5079205728192102,0.5213776978292112,1.0,0.5213776978292112,0.4786223021707888,,,,0.5213776978292112,0.08556295379690865,,,False,0.5213776978292112,fpi_fallback
401858217,2026,356,150,Illinois,Duke,Big Ten,ACC,False,False,-0.07930001511001138,-0.08700634129419772,-0.033261359420879155,0.005011670012906271,0.00915366615789126,0.0,-0.030930300691358603,-0.09189628787823949,0.0,0.0,1.0,917.6907070888561,0.0782608695652174,0.16675780417854352,835.443025727025,0.07692307692307693,0.1524012636603621,82.24768136183116,0.0013377926421404701,0.014356540518181415,0.6046230318031561,0.39537696819684387,0.6359557398899272,1.0,0.6359557398899272,0.36404426011007285,,,,0.6359557398899272,0.5578535155966753,,,False,0.6359557398899272,fpi_fallback
401858440,2026,127,2199,Michigan State,Eastern Michigan,Big Ten,MAC,False,False,0.09684296128707275,-0.1310541754003564,-0.06581685666066805,-0.13629356267279444,-0.04019541342366312,0.0,0.015831465216680662,0.011552895394888765,0.0,0.0,1.0,936.667144135479,0.14444444444444443,0.03342503768153286,776.7626689614904,0.0,-0.22427512620379558,159.90447517398866,0.14444444444444443,0.25770016388532846,0.7337420206023822,0.26625797939761775,0.8831157284324137,1.0,0.8831157284324137,0.1168842715675863,,,,0.8831157284324137,2.022271941410347,,,False,0.8831157284324137,fpi_fallback
401858444,2026,41,120,UConn,Maryland,FBS Indep.,Big Ten,False,False,0.7770348409254052,0.5652822452674092,0.3122305075824624,0.6062503145711451,0.2768995028962684,0.0,-0.021622464013165477,0.4249085045995025,0.0,0.0,1.0,615.5565845368845,0.0,-0.1529533590942646,934.2453153712663,0.11702127659574468,-0.04044552211638594,-318.6887308343818,-0.11702127659574468,-0.11250783697787867,0.4653790130319243,0.5346209869680757,0.26389870677546223,1.0,0.26389870677546223,0.7361012932245378,,,,0.26389870677546223,-1.0258023928597182,,,False,0.26389870677546223,fpi_fallback
401858446,2026,264,328,Washington,Utah State,Big Ten,Pac-12,False,False,1.173652066921568,0.5559204011124701,0.17292804829355307,0.47615921621479806,0.14686126171833574,0.0,0.0051948168771041026,0.06195955520565121,0.0,0.0,1.0,1043.8640373572212,0.27,0.33176080575933187,734.3906244961368,0.0,-0.010083142412802261,309.4734128610844,0.27,0.34184394817213415,0.8700978193403944,0.12990218065960557,0.8831485165511211,1.0,0.8831485165511211,0.11685148344887886,,,,0.8831485165511211,2.022589625644742,,,False,0.8831485165511211,fpi_fallback
401859184,2026,87,242,Notre Dame,Rice,FBS Indep.,American,False,False,2.4676291620783535,2.0134745502614755,0.3908149396221361,1.7776673148875617,0.3571751839702395,0.0,0.03617965657750233,0.12862881262383097,0.0,0.0,1.0,1331.2910121386622,0.6538461538461539,0.5226843609885897,724.7183407942623,0.0,-0.21833410646060722,606.5726713443999,0.6538461538461539,0.741018467449197,0.987843784995853,0.012156215004146986,0.9881776520718558,1.0,0.9881776520718558,0.011822347928144183,,,,0.9881776520718558,4.425870858838843,,,False,0.9881776520718558,fpi_fallback
401860884,2026,326,2636,Texas State,UTSA,Pac-12,American,False,False,-0.09602440680595464,0.02641681835822331,0.04264256254036991,0.01615924467598922,-0.0009100997983053638,0.0,0.017291497110061727,0.14318277820766526,0.0,0.0,1.0,730.9582650396574,0.0,-0.05944701182601658,413.2363130808404,0.0,0.08883544728224549,317.721951958817,0.0,-0.14828245910826207,0.6223339392370971,0.3776660607629029,0.5928902121436241,1.0,0.5928902121436241,0.40710978785637586,,,,0.5928902121436241,0.3759263440334466,,,False,0.5928902121436241,fpi_fallback
401862708,2026,5,2433,UAB,UL Monroe,American,Sun Belt,False,False,0.27871043216206315,0.07319165287514842,0.14127552148864247,0.13894191293249517,0.07268217375620456,0.0,-0.13353139262452274,0.1253901073039833,0.0,0.0,1.0,643.9738980506007,0.015151515151515152,-0.08778240478416661,736.2526686071137,0.009433962264150943,-0.2673925024115139,-92.278770556513,0.005717552887364209,0.1796100976273473,0.6310173047733504,0.3689826952266496,0.6609566928619278,1.0,0.6609566928619278,0.3390433071380722,,,,0.6609566928619278,0.6675604712075628,,,False,0.6609566928619278,fpi_fallback
401866412,2026,2006,2523,Akron,Robert Morris,MAC,,False,False,-0.3271623748189404,0.6151972151104631,0.14306015261223032,0.2857596221108298,0.049851567444732625,1.0,3.1570004211501135,0.2367432504793351,0.0,0.0,1.0,633.6115119466774,0.0,-0.3729704281556604,152.3467271886364,0.0,,481.264784758041,0.0,,0.9334171726263533,0.06658282737364674,0.9334171726263533,0.0,0.9334171726263533,0.06658282737364674,,,,0.9334171726263533,2.6404055342193726,,,False,0.9334171726263533,fpi_fallback
401866419,2026,2649,2115,Toledo,Central Connecticut,MAC,,False,False,1.066241792982612,1.1586843281494088,0.1897911209878721,1.119276561865716,0.18924170018994674,1.0,2.9549102790337356,0.17553585981308062,0.0,0.0,1.0,746.2577192210606,0.02531645569620253,0.08408466429112067,24.750000000000004,0.0,,721.5077192210606,0.02531645569620253,,0.9744805370449839,0.02551946295501606,0.9744805370449839,0.0,0.9744805370449839,0.02551946295501606,,,,0.9744805370449839,3.6424631323281282,,,False,0.9744805370449839,fpi_fallback
401866420,2026,113,2529,Massachusetts,Sacred Heart,MAC,,False,False,-1.653772017369447,-1.051154756979915,-0.24842262763605588,-1.067451989739773,-0.27999531379185816,1.0,4.400603020246817,-0.6075438689972953,0.0,0.0,1.0,580.0697737621826,0.0,-0.520773787951295,69.64881670315052,0.0,,510.42095705903216,0.0,,0.8596016198498273,0.1403983801501727,0.8596016198498273,0.0,0.8596016198498273,0.1403983801501727,,,,0.8596016198498273,1.8119850950561442,,,False,0.8596016198498273,fpi_fallback
401867929,2026,256,2681,James Madison,Wagner,Sun Belt,,False,False,2.087257023927941,1.4525900704504333,0.3017981047615671,1.5959344497396637,0.3544105699112109,1.0,1.0360919316867756,0.48746181384913145,0.0,0.0,1.0,695.234106669023,0.01282051282051282,0.2328801287423507,94.37858004378062,0.0,,600.8555266252424,0.01282051282051282,,0.9766646160589035,0.023335383941096466,0.9766646160589035,0.0,0.9766646160589035,0.023335383941096466,,,,0.9766646160589035,3.7341724810328105,,,False,0.9766646160589035,fpi_fallback
401862705,2026,249,2439,North Texas,UNLV,American,Mountain West,False,False,0.04763248499069732,0.33279241137489074,0.14892497910618874,0.2882179796089203,0.05248322034085129,0.0,-0.005115100666770012,1.0067068242556638,0.0,0.0,1.0,689.7607421558456,0.0273972602739726,0.18532049076085383,727.9148013639938,0.0,-0.013766461130807137,-38.15405920814817,0.0273972602739726,0.19908695189166098,0.6815876632632998,0.3184123367367002,0.353714129360809,1.0,0.353714129360809,0.646285870639191,,,,0.353714129360809,-0.602752887391093,,,False,0.353714129360809,fpi_fallback
401858223,2026,2567,302,SMU,UC Davis,ACC,,False,False,1.4835264075721808,1.013517504452241,0.21599164049961944,0.9891651279409753,0.21928110168169157,1.0,2.1921612753796724,0.011129286606505957,0.0,0.0,1.0,874.0415949819652,0.1625,0.2315533960010078,598.4511114851597,0.0,,275.5904834968055,0.1625,,0.9451586014819569,0.05484139851804315,0.9451586014819569,0.0,0.9451586014819569,0.05484139851804315,,,,0.9451586014819569,2.8469073895107724,,,False,0.9451586014819569,fpi_fallback
401864506,2026,2751,2458,Wyoming,Northern Colorado,Mountain West,,False,False,-0.23791671327462383,-0.13486819212607268,-0.06725188051880132,0.007495614573455013,-0.033692159192160065,1.0,2.5336968139574325,-0.24170988194239726,0.0,0.0,1.0,755.9642701563448,0.0,-0.17052082000783303,268.4237153264613,0.0,,487.5405548298835,0.0,,0.9219290496717664,0.07807095032823363,0.9219290496717664,0.0,0.9219290496717664,0.07807095032823363,,,,0.9219290496717664,2.4688502351327957,,,False,0.9219290496717664,fpi_fallback
401868326,2026,2653,2011,Troy,Alabama State,Sun Belt,,False,False,0.44098557605659605,0.04314418559735494,0.03134127878393256,0.2123190147934574,0.08190436165026388,1.0,2.798297078949988,0.035774593843950694,0.0,0.0,1.0,776.4629635065345,0.0,-0.13824595035975623,270.224678769395,0.0,,506.2382847371395,0.0,,0.9331782540451286,0.06682174595487145,0.9331782540451286,0.0,0.9331782540451286,0.06682174595487145,,,,0.9331782540451286,2.636567671496365,,,False,0.9331782540451286,fpi_fallback
401856684,2026,238,48,Vanderbilt,Delaware,SEC,CUSA,False,False,0.8988793078797039,0.3952591254404448,0.024685686739222557,0.5536395876128145,0.08305721632101926,0.0,2.0794415416798357,0.9491491748271256,0.0,0.0,1.0,898.5992310035647,0.10588235294117647,0.2747700076748849,501.88099863363584,0.0,-0.18026586032236394,396.71823236992884,0.10588235294117647,0.4550358679972488,0.9028510888075614,0.09714891119243863,0.8710693678569947,1.0,0.8710693678569947,0.12893063214300526,,,,0.8710693678569947,1.9104470909034963,,,False,0.8710693678569947,fpi_fallback
401856672,2026,57,2097,Florida,Campbell,SEC,,False,False,0.6109865430706827,0.70293547190224,0.07211395743306226,0.6095903655421832,0.06232931926627572,1.0,2.618438042412523,-0.3916428220859098,0.0,0.0,1.0,1249.4645927399758,0.5824175824175825,0.13931393188132907,74.4519991759488,0.0,,1175.0125935640272,0.5824175824175825,,0.989081858597764,0.010918141402236015,0.989081858597764,0.0,0.989081858597764,0.010918141402236015,,,,0.989081858597764,4.506351342684495,,,False,0.989081858597764,fpi_fallback
401860881,2026,68,235,Boise State,Memphis,Pac-12,American,False,False,0.15378392191503054,0.13634783855318158,0.15543918525678013,-0.008877177108313563,0.060180064167997926,0.0,0.01519016549397545,-0.014513306287283286,0.0,0.0,1.0,848.8900053513655,0.02564102564102564,0.03026250522538966,811.1368939946184,0.018867924528301886,0.14052798652883336,37.75311135674713,0.006773101112723754,-0.1102654813034437,0.5315647843042535,0.46843521569574653,0.7101435496319279,1.0,0.7101435496319279,0.28985645036807206,,,,0.7101435496319279,0.8960813304819799,,,False,0.7101435496319279,fpi_fallback
401866414,2026,2229,2084,Florida International,Buffalo,CUSA,MAC,False,False,-0.02669064765401572,0.1386688456187003,0.15591715420638402,-0.060430210055453314,0.03691652110358157,0.0,-0.005333345975362391,0.8005173212121371,0.0,0.0,1.0,433.8089100421115,0.0,-0.16334506454494596,711.4279562027778,0.0,-0.2965654738374634,-277.61904616066624,0.0,0.13322040929251744,0.5127062077014303,0.48729379229856973,0.5185759740243102,1.0,0.5185759740243102,0.4814240259756898,,,,0.5185759740243102,0.07433811084830395,,,False,0.5185759740243102,fpi_fallback
401866418,2026,195,55,Ohio,Jacksonville State,MAC,CUSA,False,False,0.4194515960076797,0.251310247090536,0.08425402292799322,0.19843891520385532,0.06833178489695169,0.0,1.2269217373114802,0.10603451970890773,0.0,0.0,1.0,728.1091688566596,0.02666666666666667,-0.08827759141170993,675.3485562302653,0.0,-0.1740853325659812,52.76061262639428,0.02666666666666667,0.08580774115427126,0.6545576145310337,0.34544238546896633,0.5789146719904863,1.0,0.5789146719904863,0.4210853280095137,,,,0.5789146719904863,0.318319602863251,,,False,0.5789146719904863,fpi_fallback
401868187,2026,2335,2241,Liberty,Gardner-Webb,CUSA,,False,False,0.4330539674343322,0.48038797195106614,0.015946237592014023,0.5015286914965446,0.08999954424528822,1.0,1.5040773967762742,-0.6891750308352426,0.0,0.0,1.0,667.6595182095873,0.0,-0.2131392383873019,167.88749763984228,0.0,,499.772020569745,0.0,,0.9435165387682999,0.056483461231700116,0.9435165387682999,0.0,0.9435165387682999,0.056483461231700116,,,,0.9435165387682999,2.8156660200829142,,,False,0.9435165387682999,fpi_fallback
401866421,2026,2711,2405,Western Michigan,Monmouth,MAC,,False,False,0.6852300468033491,0.6799410043066999,0.26870910130215325,0.5058293034157563,0.18413549676496965,1.0,3.0550488507104103,0.8711654821586512,0.0,0.0,1.0,726.859170455014,0.0,-0.030280742089063867,93.37370271138647,0.0,,633.4854677436275,0.0,,0.9551303912714318,0.044869608728568156,0.9551303912714318,0.0,0.9551303912714318,0.044869608728568156,,,,0.9551303912714318,3.058087166685653,,,False,0.9551303912714318,fpi_fallback
401856680,2026,2579,119,South Carolina,Towson,SEC,,False,False,0.5258030527902702,0.45238285275697593,-0.01955713929537123,0.5201278982235049,0.020210091165960564,1.0,2.4294768448486694,-0.5646305769692345,0.0,0.0,1.0,1150.3785478252003,0.4444444444444444,0.08932890748859423,273.3000482155773,0.0,,877.0784996096229,0.4444444444444444,,0.9783457059806272,0.0216542940193728,0.9783457059806272,0.0,0.9783457059806272,0.0216542940193728,,,,0.9783457059806272,3.8106593173129726,,,False,0.9783457059806272,fpi_fallback
401856681,2026,59,2633,Georgia Tech,Tennessee,ACC,SEC,False,False,-0.37749664469095706,-0.19863864115904134,-0.039061331685618095,-0.28531428268995723,-0.02549900457558718,0.0,0.005141399500418586,0.5100672039712435,0.0,0.0,1.0,968.9845275797574,0.14444444444444443,0.16709834133551948,1252.305283860725,0.46153846153846156,0.22869558366290296,-283.32075628096766,-0.31709401709401713,-0.06159724232738348,0.3595510464267694,0.6404489535732306,0.29182213303282173,1.0,0.29182213303282173,0.7081778669671783,,,,0.29182213303282173,-0.8865508034501458,,,False,0.29182213303282173,fpi_fallback
401856786,2026,2132,2717,Cincinnati,Western Carolina,Big 12,,False,False,0.48871394363297666,0.09857308393298338,-0.030120171254044148,0.4010582391083667,0.049795199871017215,1.0,2.0045936508834035,0.15191441160515978,0.0,0.0,1.0,779.5136409431768,0.0379746835443038,0.10844840832140853,364.72068261377416,0.0,,414.79295832940267,0.0379746835443038,,0.93235751486516,0.06764248513483995,0.93235751486516,0.0,0.93235751486516,0.06764248513483995,,,,0.93235751486516,2.623480076805631,,,False,0.93235751486516,fpi_fallback
401856787,2026,248,2582,Houston,Southern,Big 12,,False,False,0.6005922220383764,0.6104314872743103,0.1998870898910855,0.5092444840036298,0.1647743637689998,1.0,2.4796847058068487,0.8296629359801727,0.0,0.0,1.0,866.7900327400409,0.12162162162162163,0.09223461283714135,190.6873451645153,0.0,,676.1026875755256,0.12162162162162163,,0.9615702615208191,0.03842973847918085,0.9615702615208191,0.0,0.9615702615208191,0.03842973847918085,,,,0.9615702615208191,3.2197360378315416,,,False,0.9615702615208191,fpi_fallback
401858441,2026,158,189,Nebraska,Bowling Green,Big Ten,MAC,False,False,0.47096646073046033,-0.4410882624355051,-0.017979382242245767,-0.03617410161313896,0.04934157117063831,0.0,0.010416760858255714,0.4868755352170115,0.0,0.0,1.0,1029.4228879195155,0.26262626262626265,0.04624983446854084,721.2040197767335,0.0,-0.2229314178683267,308.21886814278196,0.26262626262626265,0.26918125233686757,0.8056466732968884,0.19435332670311156,0.9340054489742424,1.0,0.9340054489742424,0.06599455102575758,,,,0.9340054489742424,2.6499100938290074,,,False,0.9340054489742424,fpi_fallback
401860882,2026,36,253,Colorado State,Southern Utah,Pac-12,,False,False,-0.5505530944204088,-0.39280771955974775,-0.20304326650281096,-0.14190805031685313,-0.10562783192551828,1.0,2.053054786506641,-0.7798244531424052,0.0,0.0,1.0,741.5832443465806,0.0,-0.18634317778833193,259.34644367061617,0.0,,482.23680067596445,0.0,,0.9138602923953525,0.08613970760464751,0.9138602923953525,0.0,0.9138602923953525,0.08613970760464751,,,,0.9138602923953525,2.3617072216117685,,,False,0.9138602923953525,fpi_fallback
401862707,2026,2534,202,Sam Houston,Tulsa,CUSA,American,False,False,0.04648163120970367,-0.5157686597640259,-0.05165372360412579,-0.2179665521272533,0.013475196529913358,0.0,-1.3968764704504277,-1.224916436250105,0.0,0.0,1.0,638.9854759578275,0.0,-0.4540565745975952,698.7562176157269,0.0,-0.14037445304549245,-59.77074165789941,0.0,-0.31368212155210273,0.38271335791077554,0.6172866420892245,0.32367768706429334,1.0,0.32367768706429334,0.6763223129357067,,,,0.32367768706429334,-0.7369215290503539,,,False,0.32367768706429334,fpi_fallback
401864503,2026,2459,2287,Northern Illinois,Illinois State,Mountain West,,False,False,-0.23950327761769358,0.3059475849501578,-0.03624860836276572,0.1951079904529638,-0.02942350150219225,1.0,2.798297078949988,-0.6894066820214675,0.0,0.0,1.0,790.6958349919561,0.009174311926605505,-0.34283992440212285,399.85720405555014,0.0,,390.83863093640593,0.009174311926605505,,0.918821009994838,0.08117899000516204,0.918821009994838,0.0,0.918821009994838,0.08117899000516204,,,,0.918821009994838,2.4264348674217513,,,False,0.918821009994838,fpi_fallback
401864575,2026,2655,6,Tulane,South Alabama,American,Sun Belt,False,False,1.0589229153608017,0.2514670763118951,0.14590045808994295,0.2723032554198887,0.2037254601458784,0.0,0.14502577205025702,0.7722552028866767,0.0,0.0,1.0,775.5318857887579,0.06493506493506493,0.10101112658160054,729.1418074253246,0.0,-0.1207121323726903,46.390078363433304,0.06493506493506493,0.22172325895429085,0.7223105877185294,0.2776894122814706,0.8345582660410444,1.0,0.8345582660410444,0.16544173395895556,,,,0.8345582660410444,1.6182834900053902,,,False,0.8345582660410444,fpi_fallback
401868241,2026,2032,2698,Arkansas State,West Georgia,Sun Belt,,False,False,0.023705877211905316,0.03878323709536828,0.087341339359021,-0.08194959523413758,0.05244539496201972,1.0,5.267858159063328,0.07270512018988484,0.0,0.0,1.0,798.8377398455441,0.0,-0.1622319327532929,363.9317001037572,0.0,,434.9060397417869,0.0,,0.9102914592796668,0.08970854072033319,0.9102914592796668,0.0,0.9102914592796668,0.08970854072033319,,,,0.9102914592796668,2.3171988543476782,,,False,0.9102914592796668,fpi_fallback
401869955,2026,338,2247,Kennesaw State,Georgia State,CUSA,Sun Belt,False,False,1.0666299290778216,0.399570305286853,0.3396960142674116,0.5417663245557611,0.3211214509262297,0.0,-1.5968591302272404,1.4151663722612398,0.0,0.0,1.0,538.417781872682,0.0,-0.11035407025344204,759.1500550839612,0.010638297872340425,-0.2097643168708603,-220.73227321127922,-0.010638297872340425,0.09941024661741826,0.6012167079992439,0.39878329200075613,0.7155839743638627,1.0,0.7155839743638627,0.2844160256361373,,,,0.7155839743638627,0.9226609114263162,,,False,0.7155839743638627,fpi_fallback
401871045,2026,276,2393,Marshall,Middle Tennessee,Sun Belt,CUSA,False,False,1.194584056864676,0.12181445997705882,-0.0522525113920862,0.4658807113574371,0.1252077964145315,0.0,0.015584731016698328,-0.4342588006100436,0.0,0.0,1.0,654.0487112387665,0.0,-0.13359936891867347,719.367146484565,0.0,-0.20674295963406975,-65.31843524579847,0.0,0.07314359071539628,0.6384446214375293,0.36155537856247066,0.7380099158101294,1.0,0.7380099158101294,0.2619900841898706,,,,0.7380099158101294,1.0356506041259468,,,False,0.7380099158101294,fpi_fallback
401871046,2026,2623,2815,Missouri State,Lindenwood,CUSA,,False,False,0.07816541946154075,0.425288501760773,0.06795295729189638,0.1857050499631659,0.05512209463925344,1.0,2.079441541679836,0.21782595242857952,0.0,0.0,1.0,523.8358831187666,0.0,-0.16300112984699,235.09552190941668,0.0,,288.7403612093499,0.0,,0.9032410111337951,0.09675898886620493,0.9032410111337951,0.0,0.9032410111337951,0.09675898886620493,,,,0.9032410111337951,2.2337661825137594,,,False,0.9032410111337951,fpi_fallback
401858443,2026,26,21,UCLA,San Diego State,Big Ten,Pac-12,False,False,-0.6325422644241507,-0.950118758111402,-0.16903082095191824,-0.811024517479696,-0.15433579980440482,0.0,-0.010416760858255714,-1.3940505593852845,0.0,0.0,1.0,811.0418477665968,0.0821917808219178,-0.0031423834422963023,722.2374816700269,0.0,0.07918892213122844,88.80436609656988,0.0821917808219178,-0.08233130557352475,0.4635345458075229,0.5364654541924772,0.5408371496837809,1.0,0.5408371496837809,0.45916285031621906,,,,0.5408371496837809,0.16371327545794606,,,False,0.5408371496837809,fpi_fallback
401858447,2026,275,2710,Wisconsin,Western Illinois,Big Ten,,False,False,0.39830986465233764,0.594579469058196,0.05924547960136167,0.38519804950019915,0.019571672181921906,1.0,2.2721258855093374,-0.15569053814015432,0.0,0.0,1.0,907.0388207801798,0.2111111111111111,0.06697475666311872,271.8994083817829,0.0,,635.1394123983969,0.2111111111111111,,0.957895725332484,0.042104274667515984,0.957895725332484,0.0,0.957895725332484,0.042104274667515984,,,,0.957895725332484,3.1245896542590086,,,False,0.957895725332484,fpi_fallback
401856671,2026,2,2572,Auburn,Southern Miss,SEC,Sun Belt,False,False,0.6134111086952748,0.39705353255247905,0.015049786134905874,0.46607057566922344,0.002064314369658593,0.0,0.0103093696588612,-0.6663148327325302,0.0,0.0,1.0,1126.5988176305864,0.3917525773195876,0.2366688125705948,741.0864815840933,0.0,-0.1422164493687413,385.51233604649303,0.3917525773195876,0.37888526193933614,0.8989273891413655,0.1010726108586345,0.8880823565667324,1.0,0.8880823565667324,0.1119176434332676,,,,0.8880823565667324,2.0713012082518922,,,False,0.8880823565667324,fpi_fallback
401856682,2026,251,194,Texas,Ohio State,SEC,Big Ten,False,False,-0.5060347387678644,-0.233258114195295,0.13093101945496977,-0.491124056223977,-0.006724694857692337,0.0,-0.005037794029957077,-0.06454178464602592,0.0,0.0,1.0,1404.970024515499,0.6060606060606061,0.3259839418805343,1367.1424727059755,0.6039603960396039,0.5199884434427365,37.827551809523584,0.0021002100210021357,-0.19400450156220223,0.4297957494500801,0.5702042505499199,0.5195276427145982,1.0,0.5485218273949505,0.4514781726050495,-1.5,47.5,core_odds_api,0.5195276427145982,0.07815032166103793,1.5,0.5485218273949505,True,0.5195276427145982,fpi_market
401856783,2026,204,2641,Oregon State,Texas Tech,Pac-12,Big 12,False,False,-1.9983158126851435,-1.1317962414547957,-0.2865478474485589,-1.326341697380288,-0.34013814815809335,0.0,-0.031252543504104224,-1.7310126159143306,0.0,0.0,1.0,773.1288164683024,0.02247191011235955,-0.09009737589266646,1052.4682043539133,0.25,0.42462074344422895,-279.3393878856109,-0.22752808988764045,-0.5147181193368954,0.15340607202504314,0.8465939279749568,0.06222777313558645,1.0,0.06222777313558645,0.9377722268644135,,,,0.06222777313558645,-2.712705677494312,,,False,0.06222777313558645,fpi_fallback
401856788,2026,2294,66,Iowa,Iowa State,Big Ten,Big 12,False,False,0.3661838029543969,0.18552051075867587,0.03849284200366487,0.23574282220308532,0.016996872378257533,0.0,0.0,0.3280360454247739,0.0,0.0,1.0,987.4538325581303,0.19607843137254902,0.26940787108696074,861.4912999357202,0.0673076923076923,0.16375126279945085,125.9625326224101,0.1287707390648567,0.10565660828750989,0.7068031668882779,0.29319683311172207,0.8151454349570488,1.0,0.817261674039746,0.18273832596025397,-11.5,41.5,core_odds_api,0.8151454349570488,1.483797164111734,11.5,0.817261674039746,True,0.8151454349570488,fpi_market
401858219,2026,228,290,Clemson,Georgia Southern,ACC,Sun Belt,False,False,0.7134760750025861,0.26008420393243975,-0.051628660693031625,0.46582747049334866,0.013606694256523721,0.0,0.2893254581955107,-0.24893480489541162,0.0,0.0,1.0,1162.6283334023117,0.4827586206896552,0.13696508014615622,791.051928599953,0.021739130434782608,-0.20901622803680373,371.57640480235864,0.4610194902548726,0.3459813081829599,0.8946102206169294,0.10538977938307059,0.9313325042219008,1.0,0.9313325042219008,0.06866749577809916,,,,0.9313325042219008,2.60734040642015,,,False,0.9313325042219008,fpi_fallback
401862703,2026,2226,2426,Florida Atlantic,Navy,American,American,True,False,-1.5475148991341916,-0.622238461616311,-0.3356298112442119,-0.5290656940656897,-0.3281146810783144,0.0,-0.020726130517116914,-0.27997608570489774,0.0,0.0,1.0,708.5716649532192,0.013157894736842105,-0.057874346751056974,513.2100047675495,0.0,0.1009917703659504,195.36166018566962,0.013157894736842105,-0.15886611711700738,0.4981922208199312,0.5018077791800688,0.2990517706906602,1.0,0.2990517706906602,0.7009482293093399,,,,0.2990517706906602,-0.8518173271563514,,,False,0.2990517706906602,fpi_fallback
401867796,2026,99,2348,LSU,Louisiana Tech,SEC,Sun Belt,False,False,0.5685876599290123,-0.2647102802631448,-0.17616851721900573,-0.0507197774744841,-0.018700477103375635,0.0,0.005141399500418586,-0.9998722590046054,0.0,0.0,1.0,1272.669430225689,0.5098039215686274,0.18878088457719902,726.6291678447327,0.0,-0.08608239221705838,546.0402623809563,0.5098039215686274,0.27486327679425737,0.880354064302393,0.11964593569760695,0.9676470551483582,1.0,0.9676470551483582,0.03235294485164175,,,,0.9676470551483582,3.398162360572759,,,False,0.9676470551483582,fpi_fallback
401868008,2026,324,2230,Coastal Carolina,Fordham,Sun Belt,,False,False,0.12459195605130617,-0.07845243951086132,-0.03252713961955461,-0.07486034019124739,0.01816118739253869,1.0,1.911718784307034,-0.1756145465597001,0.0,0.0,1.0,724.5798270338563,0.0,-0.16852455319137516,213.87126460768334,0.0,,510.708562426173,0.0,,0.9209981304564575,0.07900186954354249,0.9209981304564575,0.0,0.9209981304564575,0.07900186954354249,,,,0.9209981304564575,2.45598648905198,,,False,0.9209981304564575,fpi_fallback
401856676,2026,145,2429,Ole Miss,Charlotte,SEC,American,False,False,2.91744882728025,1.4601926824438798,0.38060945104270105,1.6662286237426573,0.4427390963265553,0.0,0.4288124721051556,0.7150172192983336,0.0,0.0,1.0,1077.05919274244,0.41379310344827586,0.3643332453427581,677.7973197292208,0.0,-0.254936540932452,399.2618730132192,0.41379310344827586,0.6192697862752101,0.9713252823573633,0.028674717642636738,0.9708689474592229,1.0,0.9708689474592229,0.02913105254077708,,,,0.9708689474592229,3.5063867897564758,,,False,0.9708689474592229,fpi_fallback
401856784,2026,239,2504,Baylor,Prairie View A&M,Big 12,,False,False,0.37194191474788796,0.15305083849231443,-0.02845558380422969,0.32668338497361393,0.02948425259298293,1.0,2.697740831443349,-0.3433963334409577,0.0,0.0,1.0,904.775063495865,0.15853658536585366,0.10111100596041074,140.83710504668045,0.0,,763.9379584491845,0.15853658536585366,,0.9637930804848025,0.0362069195151975,0.9637930804848025,0.0,0.9637930804848025,0.0362069195151975,,,,0.9637930804848025,3.2816263773764685,,,False,0.9637930804848025,fpi_fallback
401856789,2026,2628,2755,TCU,Grambling,Big 12,,False,False,1.2139546381236004,0.7901459742894816,0.23839964642287015,0.8221768218802328,0.22640137158474416,1.0,2.3826278006675823,0.014117780696074078,0.0,0.0,1.0,977.9587547112536,0.19,0.17568122172595302,238.12741254801216,0.0,,739.8313421632415,0.19,,0.9731402715321175,0.026859728467882538,0.9731402715321175,0.0,0.9731402715321175,0.026859728467882538,,,,0.9731402715321175,3.5899001538733706,,,False,0.9731402715321175,fpi_fallback
401864505,2026,2638,2640,UTEP,Texas Southern,Mountain West,,False,False,-0.5583924914131125,0.20225084054937806,-0.101504027030207,0.2208515520219127,-0.09264260262970803,1.0,2.602689685444384,-0.2335645748856791,0.0,0.0,1.0,777.8648844149413,0.0,-0.26645623566896376,249.75749633223649,0.0,,528.1073880827048,0.0,,0.9359053103113503,0.06409468968864973,0.9359053103113503,0.0,0.9359053103113503,0.06409468968864973,,,,0.9359053103113503,2.6811527908388486,,,False,0.9359053103113503,fpi_fallback
401864502,2026,2005,2449,Air Force,North Dakota State,Mountain West,Mountain West,True,False,-0.06867144855071956,0.05774719997413339,0.00365601215855782,0.01253521814382785,-0.030221778887206896,0.0,3.044522437723423,-0.3075785235261219,0.0,0.0,1.0,693.3178165578591,0.0,-0.18539588287011458,645.1896273252023,0.0,,48.12818923265684,0.0,,0.5957517491979893,0.40424825080201066,0.6038834844891995,1.0,0.6038834844891995,0.3961165155108005,,,,0.6038834844891995,0.4216728737862495,,,False,0.6038834844891995,fpi_fallback
401856670,2026,254,8,Utah,Arkansas,Big 12,SEC,False,False,1.4480415087401957,1.0188195546492769,0.46461957448830205,0.8835918921162078,0.361004485301725,0.0,0.0,1.4196400077872908,0.0,0.0,1.0,941.3110117961028,0.15294117647058825,0.30485487985898047,923.2652086614927,0.15053763440860216,0.12034445408518966,18.045803134610082,0.0024035420619860914,0.1845104257737908,0.7634080557506467,0.23659194424935326,0.6668872682752448,1.0,0.7422581685117907,0.2577418314882093,-9.5,53.5,core_odds_api,0.6668872682752448,0.6941400521519,9.5,0.7422581685117907,True,0.6668872682752448,fpi_market
401860883,2026,278,16,Fresno State,Sacramento State,Pac-12,MAC,False,False,0.6655425097879037,0.48076193420373886,0.2168542195694263,0.3962053691817991,0.16135879078866017,0.0,2.277267285009756,0.30188202931374464,0.0,0.0,1.0,742.5741700850772,0.0,-0.04443712518862564,692.9988066587673,0.0,,49.57536342630988,0.0,,0.6486866106869494,0.35131338931305056,0.7509801896363113,1.0,0.7509801896363113,0.2490198103636887,,,,0.7509801896363113,1.1038468197759574,,,False,0.7509801896363113,fpi_fallback
401864500,2026,2440,147,Nevada,Montana State,Mountain West,,False,False,-0.7233867383260031,0.14147126349879152,-0.04486128492151603,-0.13116751390198145,-0.1261354479250819,1.0,2.7673667782586295,0.1566792773611246,0.0,0.0,1.0,726.5675162890159,0.0,-0.23295498906943338,627.63393043167,0.014492753623188406,,98.93358585734586,-0.014492753623188406,,0.8440956929774128,0.15590430702258717,0.8440956929774128,0.0,0.8440956929774128,0.15590430702258717,,,,0.8440956929774128,1.6890234659631165,,,False,0.8440956929774128,fpi_fallback
401858445,2026,30,309,USC,Louisiana,Big Ten,Sun Belt,False,False,0.7959682440400048,0.2625044984299087,-0.0037144303278949797,0.41792574584701353,0.05932229828588276,0.0,-0.015267472130788384,0.6989530851628456,0.0,0.0,1.0,1275.9325614814477,0.4727272727272727,0.3017096492006037,716.1153761466188,0.0,-0.25325455386875345,559.8171853348289,0.4727272727272727,0.5549642030693571,0.9471461433108723,0.052853856689127676,0.9497714656964781,1.0,0.9497714656964781,0.05022853430352192,,,,0.9497714656964781,2.9396381155967557,,,False,0.9497714656964781,fpi_fallback
401864578,2026,62,166,Hawai'i,New Mexico State,Mountain West,CUSA,False,False,0.8976081841685937,0.5347173939490296,0.2518808004018675,0.4780357299830112,0.21139911707563053,0.0,0.08294908298075132,0.8110206042145114,0.0,0.0,1.0,,,-0.10169282413193194,642.1178364084459,0.0,-0.20796966182041543,,,0.10627683768848349,0.6913326219476744,0.3086673780523256,0.8424720241702032,1.0,0.8424720241702032,0.15752797582979683,,,,0.8424720241702032,1.6767373891339705,,,False,0.8424720241702032,fpi_fallback
401858225,2026,221,183,Pittsburgh,Syracuse,ACC,ACC,True,False,0.7986544613142837,0.8088787611730645,0.18114567106940738,0.7257936149839657,0.1310241736698361,0.0,0.010256500167188598,1.2486396251547784,0.0,0.0,1.0,901.0402708557126,0.12643678160919541,0.25090656933998107,915.4353213958169,0.08181818181818182,-0.0917346289034202,-14.395050540104307,0.0446185997910136,0.3426411982434013,0.7955752202043064,0.20442477979569362,0.7409475803582496,1.0,0.7409475803582496,0.2590524196417504,,,,0.7409475803582496,1.0508994473768807,,,False,0.7409475803582496,fpi_fallback
401858226,2026,154,2390,Wake Forest,Miami,ACC,ACC,True,False,-1.2127818946514435,-0.11267830393172155,-0.01370856357202399,-0.5301302389056878,-0.10852717115634303,0.0,-0.030930300691358603,0.010112931465343991,0.0,0.0,1.0,817.8332426208597,0.031578947368421054,0.2101442248687073,1262.9288503196244,0.5233644859813084,0.4940492419545948,-445.09560769876475,-0.4917855386128873,-0.28390501708588756,0.20791761311494542,0.7920823868850546,0.1558349427326716,1.0,0.1558349427326716,0.8441650572673284,,,,0.1558349427326716,-1.6895506532545475,,,False,0.1558349427326716,fpi_fallback
401856811,2026,2641,248,Texas Tech,Houston,Big 12,Big 12,True,False,0.9699848971055463,0.6297740801650059,-0.0019087697732076414,0.8519254051505138,0.08026245789591191,0.0,0.020726130517116914,0.2446558666316764,0.0,0.0,1.0,1052.4682043539133,0.25,0.42462074344422895,866.7900327400409,0.12162162162162163,0.09223461283714135,185.67817161387234,0.12837837837837837,0.3323861306070876,0.860013487658514,0.13998651234148596,0.8362183316479059,1.0,0.8469708120955509,0.15302918790444908,-13.5,55.5,core_odds_api,0.8362183316479059,1.6303554909123787,13.5,0.8469708120955509,True,0.8362183316479059,fpi_market
401858455,2026,2483,2502,Oregon,Portland State,Big Ten,,False,False,2.3929478479028603,1.0424574095030972,0.2979472051757738,1.401118792150214,0.3840097796593078,1.0,1.9560625205193314,0.05403696769108137,0.0,0.0,1.0,1401.6094907863976,0.5378151260504201,0.4314892927531719,573.2357003090348,0.0,,828.3737904773628,0.5378151260504201,,0.9875927773105143,0.012407222689485686,0.9875927773105143,0.0,0.9875927773105143,0.012407222689485686,,,,0.9875927773105143,4.376991666072121,,,False,0.9875927773105143,fpi_fallback
401869940,2026,48,324,Delaware,Coastal Carolina,CUSA,Sun Belt,False,False,0.10757208650222765,0.5884750737518,0.16876039676761662,0.34193707141642943,0.06413076995623024,0.0,-1.5668782980153044,0.2675117290152798,0.0,0.0,1.0,501.88099863363584,0.0,-0.18026586032236394,724.5798270338563,0.0,-0.16852455319137516,-222.69882840022046,0.0,-0.011741307130988782,0.5250175281592911,0.47498247184070885,0.7008150264898357,1.0,0.7008150264898357,0.29918497351016426,,,,0.7008150264898357,0.8511819586875623,,,False,0.7008150264898357,fpi_fallback
401856686,2026,8,61,Arkansas,Georgia,SEC,SEC,True,False,-1.9993810058276813,-0.7684742393785421,-0.37989925833515226,-0.7625275209000325,-0.40817479796703615,0.0,-0.05571060701400565,-0.5532757597927798,0.0,0.0,1.0,923.2652086614927,0.15053763440860216,0.12034445408518966,1454.7175340466702,0.7304347826086957,0.32936276416267773,-531.4523253851775,-0.5798971482000935,-0.20901831007748806,0.1848306021936768,0.8151693978063232,0.13012459022181852,1.0,0.13012459022181852,0.8698754097781815,,,,0.13012459022181852,-1.8998576164236816,,,False,0.13012459022181852,fpi_fallback
401856792,2026,2306,2655,Kansas State,Tulane,Big 12,American,False,False,-0.27214222205634087,0.04382369232869619,-0.061362487948756095,-0.03477682386378273,-0.10950741586079749,0.0,-0.030459207484708095,-0.465472822772731,0.0,0.0,1.0,908.4180140804283,0.07766990291262135,0.07624696545002964,775.5318857887579,0.06493506493506493,0.10101112658160054,132.8861282916704,0.012734837977556424,-0.0247641611315709,0.6024567870557622,0.3975432129442378,0.6368868498383863,1.0,0.6368868498383863,0.3631131501616137,,,,0.6368868498383863,0.5618775158990059,,,False,0.6368868498383863,fpi_fallback
401856798,2026,66,189,Iowa State,Bowling Green,Big 12,MAC,False,False,1.0749056562102532,0.2011010593288156,0.19180985740042228,0.31816053275058204,0.1870628470709927,0.0,0.020726130517116914,0.4113020983542947,0.0,0.0,1.0,861.4912999357202,0.0673076923076923,0.16375126279945085,721.2040197767335,0.0,-0.2229314178683267,140.28728015898673,0.0673076923076923,0.38668268066777756,0.8128252637438897,0.18717473625611025,0.8339286062541684,1.0,0.8339286062541684,0.16607139374583157,,,,0.8339286062541684,1.6137300159790693,,,False,0.8339286062541684,fpi_fallback
401856812,2026,2305,9,Kansas,Arizona State,Big 12,Big 12,True,True,-0.4443224050908543,-0.26159322644347144,-0.12870219410348466,-0.12285074984718435,-0.1370543368672807,0.0,0.01052641298698731,-0.1473864572560251,0.0,0.0,0.0,728.3803919337098,0.043478260869565216,0.0987177593152587,896.2395405052043,0.1,0.2419786272205886,-167.85914857149453,-0.05652173913043479,-0.1432608679053299,0.37497170396581275,0.6250282960341873,0.4472234769347967,1.0,0.4472234769347967,0.5527765230652033,,,,0.4472234769347967,-0.2118953843411064,,,False,0.4472234769347967,fpi_fallback
401858228,2026,59,2382,Georgia Tech,Mercer,ACC,,False,False,0.7756990861568602,0.6393194277891904,0.035086701103400564,0.731737201175409,0.13383608344575115,1.0,2.7880929087757464,0.29780096997014655,0.0,0.0,1.0,968.9845275797574,0.14444444444444443,0.16709834133551948,361.68754545051365,0.0,,607.2969821292437,0.14444444444444443,,0.9630086821908548,0.03699131780914522,0.9630086821908548,0.0,0.9630086821908548,0.03699131780914522,,,,0.9630086821908548,3.259379196230169,,,False,0.9630086821908548,fpi_fallback
401858229,2026,228,153,Clemson,North Carolina,ACC,ACC,True,False,1.0949682152161995,0.5855348095538551,0.19146979755959165,0.5529372430939041,0.17358784558148138,0.0,0.04020642047804035,0.06645237159574663,0.0,0.0,1.0,1162.6283334023117,0.4827586206896552,0.13696508014615622,964.9357928955131,0.15447154471544716,-0.03466205245877597,197.69254050679854,0.32828707597420803,0.17162713260493218,0.8101601283014014,0.18983987169859862,0.7624225103311018,1.0,0.7624225103311018,0.23757748966889825,,,,0.7624225103311018,1.1660070349724743,,,False,0.7624225103311018,fpi_fallback
401858451,2026,135,2006,Minnesota,Akron,Big Ten,MAC,False,False,1.1559605634383638,-0.16086316323310137,0.03858882981092915,0.14204584660369526,0.1147486738363458,0.0,0.015831465216680662,-0.3357694458323931,0.0,0.0,1.0,945.3401948206013,0.12264150943396226,-0.01770528059758985,633.6115119466774,0.0,-0.3729704281556604,311.72868287392384,0.12264150943396226,0.35526514755807054,0.8352182791560024,0.16478172084399756,0.892284782458368,1.0,0.892284782458368,0.10771521754163205,,,,0.892284782458368,2.1142944746399435,,,False,0.892284782458368,fpi_fallback
401858454,2026,194,2309,Ohio State,Kent State,Big Ten,MAC,False,False,2.9192019856791376,0.7478803648679799,0.048798656945901464,1.583713600539919,0.3049177369951658,0.0,0.06755815101129059,-0.6907294690677691,0.0,0.0,1.0,1367.1424727059755,0.6039603960396039,0.5199884434427365,709.4657050110235,0.012658227848101266,-0.3216129524444867,657.676767694952,0.5913021681915027,0.8416013958872233,0.9893616823435095,0.010638317656490481,0.9944914903888953,1.0,0.9944914903888953,0.005508509611104717,,,,0.9944914903888953,5.195937443011042,,,False,0.9944914903888953,fpi_fallback
401858456,2026,213,2084,Penn State,Buffalo,Big Ten,MAC,False,False,1.2943901600021377,0.4755923893960426,0.2216101237886356,0.5103071799533596,0.11583199584506876,0.0,0.046761765908039266,-0.13709929724818268,0.0,0.0,1.0,1093.5859854781434,0.40816326530612246,0.2572674566411734,711.4279562027778,0.0,-0.2965654738374634,382.1580292753656,0.40816326530612246,0.5538329304786368,0.9298085458069492,0.07019145419305084,0.9457792913169537,1.0,0.9457792913169537,0.05422070868304629,,,,0.9457792913169537,2.8589463200605625,,,False,0.9457792913169537,fpi_fallback
401860889,2026,326,249,Texas State,North Texas,Pac-12,American,False,False,-0.38071309881091336,0.07077827377975243,-0.04222614550454651,-0.16492982292093597,-0.1010754819494577,0.0,-0.10821358464023234,-0.8946358167550875,0.0,0.0,1.0,730.9582650396574,0.0,-0.05944701182601658,689.7607421558456,0.0273972602739726,0.18532049076085383,41.19752288381176,-0.0273972602739726,-0.2447675025868704,0.44854022094897583,0.5514597790510242,0.6204497244393241,1.0,0.6204497244393241,0.3795502755606759,,,,0.6204497244393241,0.49145751060823273,,,False,0.6204497244393241,fpi_fallback
401858460,2026,275,2199,Wisconsin,Eastern Michigan,Big Ten,MAC,False,False,0.36376725045943203,-0.2501160714466411,-0.04953312908184326,-0.1393964969892439,-0.02289383438287179,0.0,0.03141619623337899,-0.11057975118432523,0.0,0.0,1.0,907.0388207801798,0.2111111111111111,0.06697475666311872,776.7626689614904,0.0,-0.22427512620379558,130.2761518186894,0.2111111111111111,0.29124988286691433,0.7445798909606387,0.2554201090393613,0.9243320303478019,1.0,0.9243320303478019,0.07566796965219813,,,,0.9243320303478019,2.5027163985595724,,,False,0.9243320303478019,fpi_fallback
401856689,2026,142,2653,Missouri,Troy,SEC,Sun Belt,False,False,0.5259523173142111,0.22785890783392387,0.014397971993289516,0.36016921142417624,0.05023043992801113,0.0,-0.005089069507471677,-0.18372506198544897,0.0,0.0,1.0,991.2097296268986,0.2823529411764706,0.29316690406481605,776.4629635065345,0.0,-0.13824595035975623,214.7467661203641,0.2823529411764706,0.4314128544245723,0.864606476261023,0.13539352373897695,0.911639072341237,1.0,0.911639072341237,0.08836092765876302,,,,0.911639072341237,2.3338142806065174,,,False,0.911639072341237,fpi_fallback
401856695,2026,238,152,Vanderbilt,NC State,SEC,ACC,False,False,0.31808670907406394,0.09148207357160139,-0.03726181580387289,0.2733152514852856,0.03172326954494609,0.0,-0.015504186535965303,0.7155747332906276,0.0,0.0,1.0,898.5992310035647,0.10588235294117647,0.2747700076748849,940.0143298590317,0.12244897959183673,0.20064371785902324,-41.41509885546702,-0.016566626650660263,0.07412628981586167,0.6191501650653494,0.38084983493465063,0.6947634722047493,1.0,0.6947634722047493,0.3052365277952507,,,,0.6947634722047493,0.8224844828472627,,,False,0.6947634722047493,fpi_fallback
401864508,2026,2117,2751,Central Michigan,Wyoming,MAC,Mountain West,False,False,0.2803570326848444,0.20491251534510566,0.13470903433582665,0.152609139347866,0.1041877223943301,0.0,0.0,0.5893917823115749,0.0,0.0,1.0,710.6104865694842,0.0,-0.16936787162657693,755.9642701563448,0.0,-0.17052082000783303,-45.35378358686057,0.0,0.001152948381256097,0.5711634157675683,0.42883658423243165,0.572629399091228,1.0,0.572629399091228,0.427370600908772,,,,0.572629399091228,0.29258717987729943,,,False,0.572629399091228,fpi_fallback
401858227,2026,103,311,Boston College,Maine,ACC,,False,False,-0.012001637712983211,0.3010261890931961,0.01105531193151299,0.1442727178145699,-0.0362823898205733,1.0,2.0898043287153825,-0.4743987537239991,0.0,0.0,1.0,809.9006532485765,0.060240963855421686,-0.10883366875047422,139.81631400652853,0.0,,670.084339242048,0.060240963855421686,,0.949073616208227,0.050926383791772944,0.949073616208227,0.0,0.949073616208227,0.050926383791772944,,,,0.949073616208227,2.9251052331258114,,,False,0.949073616208227,fpi_fallback
401858448,2026,356,79,Illinois,Southern Illinois,Big Ten,,False,False,0.8604399685211138,0.33484164221581786,0.191990386361777,0.3509913668081607,0.1657692844223726,1.0,2.4190600839904137,0.15112961361408453,0.0,0.0,1.0,917.6907070888561,0.0782608695652174,0.16675780417854352,288.4858592217493,0.0,,629.2048478671068,0.0782608695652174,,0.9526164132975687,0.04738358670243126,0.9526164132975687,0.0,0.9526164132975687,0.04738358670243126,,,,0.9526164132975687,3.0009364215834755,,,False,0.9526164132975687,fpi_fallback
401862774,2026,2649,218,Toledo,Temple,MAC,American,False,False,1.2225166797206248,0.9973732810886676,0.21453470530386115,0.9982224086362835,0.20137409700869446,0.0,0.01574835696813892,-0.2004056952605947,0.0,0.0,1.0,746.2577192210606,0.02531645569620253,0.08408466429112067,743.2158993608089,0.008771929824561403,-0.039767353742940235,3.041819860251735,0.016544525871641128,0.1238520180340609,0.7515499573313427,0.24845004266865733,0.7028094915334523,1.0,0.7028094915334523,0.2971905084665477,,,,0.7028094915334523,0.8607124857193964,,,False,0.7028094915334523,fpi_fallback
401856685,2026,333,52,Alabama,Florida State,SEC,ACC,False,False,1.3085270059498522,-0.03023669049217533,0.15131298482178113,0.24265328784617263,0.21574381563986644,0.0,0.04000533461369926,-0.06462875061720297,0.0,0.0,1.0,1451.3911057034413,0.6160714285714286,0.3317978703457419,1140.327181629477,0.3627450980392157,0.27952505542872025,311.06392407396424,0.25332633053221293,0.052272814917021626,0.7620740078519179,0.23792599214808208,0.8036304796659838,1.0,0.8574581798768119,0.14254182012318806,-15.5,52.5,core_odds_api,0.8036304796659838,1.4091413690290355,15.5,0.8574581798768119,True,0.8036304796659838,fpi_market
401856694,2026,245,96,Texas A&M,Kentucky,SEC,SEC,True,False,1.1359202201568837,0.6706139937019058,0.11550614549128307,0.6880817199838951,0.20881451986311717,0.0,0.0051948168771041026,0.47401805044622736,0.0,0.0,1.0,1292.7928128569013,0.7078651685393258,0.42460359407589965,957.2511978283744,0.19148936170212766,0.12743784412898232,335.54161502852685,0.5163758068371982,0.29716574994691736,0.8961823757368488,0.10381762426315122,0.8599183946749043,1.0,0.8599183946749043,0.14008160532509573,,,,0.8599183946749043,1.814612346861167,,,False,0.8599183946749043,fpi_fallback
401856797,2026,2132,193,Cincinnati,Miami (OH),Big 12,MAC,False,False,-0.17835568294153745,-0.33288447929489023,-0.09187248224558608,-0.21382748733165965,-0.08278143704346042,0.0,0.0051948168771041026,0.5438490755821158,0.0,0.0,1.0,779.5136409431768,0.0379746835443038,0.10844840832140853,722.3685503666973,0.0,-0.19534094449480896,57.14509057647956,0.0379746835443038,0.3037893528162175,0.6944967731756813,0.30550322682431874,0.8133516147925803,1.0,0.8133516147925803,0.18664838520741966,,,,0.8133516147925803,1.4719369526943409,,,False,0.8133516147925803,fpi_fallback
401856801,2026,254,328,Utah,Utah State,Big 12,Pac-12,False,False,1.4124486960373543,0.7205530607342291,0.3121109093241153,0.7450492405113867,0.22901835807870702,0.0,0.0,0.7334204922399067,0.0,0.0,1.0,941.3110117961028,0.15294117647058825,0.30485487985898047,734.3906244961368,0.0,-0.010083142412802261,206.92038729996602,0.15294117647058825,0.31493802227178275,0.853752822986578,0.14624717701342205,0.8664454800285889,1.0,0.8664454800285889,0.1335545199714111,,,,0.8664454800285889,1.8698894036458045,,,False,0.8664454800285889,fpi_fallback
401858230,2026,97,2567,Louisville,SMU,ACC,ACC,True,False,-0.27102487875261205,-0.18090969174628332,-0.04003839939557574,-0.19337458977288602,-0.03306609418906603,0.0,-0.005089069507471677,0.026769387269077925,0.0,0.0,1.0,810.6120157818036,0.15492957746478872,0.24901211463090583,874.0415949819652,0.1625,0.2315533960010078,-63.429579200161584,-0.007570422535211285,0.017458718629898035,0.5224082232782677,0.47759177672173225,0.5221439803791238,1.0,0.549438197983389,0.450561802016611,-1.5,56.5,core_odds_api,0.5221439803791238,0.08863390139605495,1.5,0.549438197983389,True,0.5221439803791238,fpi_market
401858233,2026,25,2681,California,Wagner,ACC,,False,False,0.656605442793882,0.6636280123138044,0.11521205997563683,0.6624743516096184,0.13059811682996825,1.0,2.145399509471633,-0.1360277401469716,0.0,0.0,1.0,845.5299003506768,0.11392405063291139,-0.009139274462177608,94.37858004378062,0.0,,751.1513203068962,0.11392405063291139,,0.9692837971669679,0.030716202833032114,0.9692837971669679,0.0,0.9692837971669679,0.030716202833032114,,,,0.9692837971669679,3.4517671504000766,,,False,0.9692837971669679,fpi_fallback
401858450,2026,130,2638,Michigan,UTEP,Big Ten,Mountain West,False,False,2.017882831343452,0.4419008867989532,0.23908074363183174,0.6626898571638383,0.3193299201854244,0.0,0.026111144003685638,-0.16080227266396604,0.0,0.0,1.0,1235.613791698029,0.51,0.23626313954224643,777.8648844149413,0.0,-0.26645623566896376,457.74890728308765,0.51,0.5027193752112102,0.9416033957850752,0.05839660421492476,0.9759716269570586,1.0,0.9759716269570586,0.024028373042941364,,,,0.9759716269570586,3.7041981730394236,,,False,0.9759716269570586,fpi_fallback
401858457,2026,164,30,Rutgers,USC,Big Ten,Big Ten,True,False,-0.9043246285341411,-0.5526046081673428,-0.13939311035826718,-0.5657997559763768,-0.1485840986901772,0.0,-0.015504186535965303,-0.3768047688201341,0.0,0.0,1.0,974.5567623671036,0.1485148514851485,-0.007181304706549596,1275.9325614814477,0.4727272727272727,0.3017096492006037,-301.3757991143441,-0.32421242124212424,-0.3088909539071533,0.24441788963395122,0.7555821103660487,0.17511954900004928,1.0,0.17511954900004928,0.8248804509999508,,,,0.17511954900004928,-1.5497695901209843,,,False,0.17511954900004928,fpi_fallback
401860890,2026,265,2184,Washington State,Duquesne,Pac-12,,False,False,0.9949803859478402,1.3908099159280713,0.23178107317193697,1.0757787952979694,0.16289405593087608,1.0,2.5920512872393284,0.21823760030449876,0.0,0.0,1.0,767.2399461783762,0.007874015748031496,0.09226585663667623,198.33299294353296,0.0,,568.9069532348432,0.007874015748031496,,0.9653105299744814,0.03468947002551859,0.9653105299744814,0.0,0.9653105299744814,0.03468947002551859,,,,0.9653105299744814,3.3260136588720575,,,False,0.9653105299744814,fpi_fallback
401866424,2026,113,284,Massachusetts,Stonehill,MAC,,False,False,-1.7334182044862518,-1.1243597569799149,-0.2667238776360559,-1.134951989739773,-0.29687031379185813,1.0,5.093750200806762,-0.5700633103540917,0.0,0.0,1.0,580.0697737621826,0.0,-0.520773787951295,0.0,0.0,,580.0697737621826,0.0,,0.8687150693637878,0.13128493063621216,0.8687150693637878,0.0,0.8687150693637878,0.13128493063621216,,,,0.8687150693637878,1.8896451839001527,,,False,0.8687150693637878,fpi_fallback
401858231,2026,150,24,Duke,Stanford,ACC,ACC,True,False,1.3279291514697638,0.5681470414580871,0.25454433153408595,0.6979670466394864,0.24655996065008556,0.0,0.030930300691358603,-0.06682693614823393,0.0,0.0,1.0,835.443025727025,0.07692307692307693,0.1524012636603621,892.6689042414988,0.09574468085106383,0.018158436641050876,-57.225878514473834,-0.018821603927986902,0.13424282701931123,0.6949586165360615,0.3050413834639385,0.7299674719940757,1.0,0.7299674719940757,0.27003252800592425,,,,0.7299674719940757,0.9944575483994645,,,False,0.7299674719940757,fpi_fallback
401858449,2026,84,98,Indiana,Western Kentucky,Big Ten,CUSA,False,False,1.5014488581084289,0.7315184597273108,0.2131760006576111,0.9554166726582916,0.20831740641057805,0.0,-0.03562717764315071,1.1069952023063774,0.0,0.0,1.0,872.0069986162093,0.1,0.5357653254929933,673.5953239504531,0.0,-0.08552767474658443,198.4116746657562,0.1,0.6212930002395777,0.9229572989589239,0.07704270104107613,0.9619361777577704,1.0,0.9619361777577704,0.038063822242229595,,,,0.9619361777577704,3.229683821598904,,,False,0.9619361777577704,fpi_fallback
401858471,2026,2294,2460,Iowa,Northern Iowa,Big Ten,,False,False,1.4691397920504254,0.8612994610016207,0.259522880386959,0.881460083467603,0.22909798304269174,1.0,2.3285605793973065,0.21313337654090447,0.0,0.0,1.0,987.4538325581303,0.19607843137254902,0.26940787108696074,285.7448839677646,0.024390243902439025,,701.7089485903657,0.17168818747011,,0.9720245163037684,0.027975483696231596,0.9720245163037684,0.0,0.9720245163037684,0.027975483696231596,,,,0.9720245163037684,3.5480524823253994,,,False,0.9720245163037684,fpi_fallback
401866422,2026,2335,2050,Liberty,Ball State,CUSA,MAC,False,False,0.8151804409426836,0.5130602595074718,-0.006966853015166807,0.6316716052802949,0.0659520353719224,0.0,-0.5543107357057293,-0.5762283480460746,0.0,0.0,1.0,667.6595182095873,0.0,-0.2131392383873019,699.3573843826957,0.0,-0.4324979754700893,-31.697866173108423,0.0,0.2193587370827874,0.731235971808519,0.26876402819148104,0.7814843280593062,1.0,0.7814843280593062,0.21851567194069377,,,,0.7814843280593062,1.2743373589009852,,,False,0.7814843280593062,fpi_fallback
401867804,2026,239,2348,Baylor,Louisiana Tech,Big 12,Sun Belt,False,False,-0.0065338398731955745,-0.4757636553018899,-0.23395486200490456,-0.24512288572152582,-0.09328650333400401,0.0,-0.005167970158442614,-1.009671368153613,0.0,0.0,1.0,904.775063495865,0.15853658536585366,0.10111100596041074,726.6291678447327,0.0,-0.08608239221705838,178.14589565113226,0.15853658536585366,0.1871933981774691,0.7006165729736472,0.2993834270263528,0.8772765673168115,1.0,0.8772765673168115,0.12272343268318853,,,,0.8772765673168115,1.9668889898809125,,,False,0.8772765673168115,fpi_fallback
401856691,2026,2579,344,South Carolina,Mississippi State,SEC,SEC,True,False,0.5855794072718322,0.4946198045978301,0.061808899364870606,0.41557197176998856,0.07737670366801536,0.0,0.0051948168771041026,-0.7635702716506989,0.0,0.0,1.0,1150.3785478252003,0.4444444444444444,0.08932890748859423,1004.9310140506045,0.11570247933884298,0.08344340967405131,145.44753377459574,0.32874196510560144,0.005885497814542923,0.721574223216312,0.27842577678368796,0.744710217290887,1.0,0.744710217290887,0.25528978270911296,,,,0.744710217290887,1.070595869909337,,,False,0.744710217290887,fpi_fallback
401868317,2026,2433,2545,UL Monroe,SE Louisiana,Sun Belt,,False,False,-0.45186591574948354,0.25735160296207454,-0.06789589134917678,0.018713050414920218,-0.04828186033493559,1.0,2.0794415416798357,-0.20628447034679767,0.0,0.0,1.0,736.2526686071137,0.009433962264150943,-0.2673925024115139,281.53932856592644,0.0,,454.7133400411873,0.009433962264150943,,0.9186641928725557,0.08133580712744426,0.9186641928725557,0.0,0.9186641928725557,0.08133580712744426,,,,0.9186641928725557,2.424334298988635,,,False,0.9186641928725557,fpi_fallback
401862710,2026,295,151,Old Dominion,East Carolina,Sun Belt,American,False,False,0.13926305534892663,0.24138942946109607,0.05686370004016217,0.06944925373224978,0.023520583638623527,0.0,-0.31585294941847764,0.34422561556491243,0.0,0.0,1.0,808.9583543532183,0.026785714285714284,0.16075646446324005,776.7464762757635,0.030927835051546393,0.1482528042243568,32.2118780774548,-0.004142120765832109,0.012503660238883246,0.5932119420694796,0.4067880579305204,0.4637681942104304,1.0,0.4637681942104304,0.5362318057895696,,,,0.4637681942104304,-0.14518169511826903,,,False,0.4637681942104304,fpi_fallback
401862771,2026,2226,2229,Florida Atlantic,Florida International,American,CUSA,False,False,-0.4103715660542434,-0.4418461925858984,-0.19045687001377165,-0.25398580609490706,-0.1354547664105707,0.0,0.021164811192043054,-0.38416299411814636,0.0,0.0,1.0,708.5716649532192,0.013157894736842105,-0.057874346751056974,433.8089100421115,0.0,-0.16334506454494596,274.76275491110766,0.013157894736842105,0.10547071779388899,0.6805463485371014,0.3194536514628986,0.5998743284626536,1.0,0.5998743284626536,0.40012567153734635,,,,0.5998743284626536,0.40494150410814117,,,False,0.5998743284626536,fpi_fallback
401864574,2026,2026,2429,App State,Charlotte,Sun Belt,American,False,False,1.0542201629506007,0.5982602817163878,0.10849509318678241,0.6612838983950154,0.1421019645347164,0.0,0.17969343438768526,0.07638666066950464,0.0,0.0,1.0,741.7010701368393,0.009523809523809525,-0.2964783655947048,677.7973197292208,0.0,-0.254936540932452,63.90375040761853,0.009523809523809525,-0.04154182466225281,0.6638017228338178,0.3361982771661822,0.6845423244631473,1.0,0.6845423244631473,0.31545767553685267,,,,0.6845423244631473,0.7747259529432955,,,False,0.6845423244631473,fpi_fallback
401871047,2026,2623,276,Missouri State,Marshall,CUSA,Sun Belt,False,False,-0.4856190079640237,-0.069737230995773,0.029532002661202206,-0.2276770033160024,-0.0145059041789658,0.0,-1.8021222562636017,0.5878664697212753,0.0,0.0,1.0,523.8358831187666,0.0,-0.16300112984699,654.0487112387665,0.0,-0.13359936891867347,-130.21282811999993,0.0,-0.029401760928316534,0.47359430248806045,0.5264056975119396,0.5272672909723422,1.0,0.5272672909723422,0.47273270902765785,,,,0.5272672909723422,0.10917748188689658,,,False,0.5272672909723422,fpi_fallback
401856687,2026,2,57,Auburn,Florida,SEC,SEC,True,False,-0.062718656658692,0.3810269280340126,-0.019851256844610532,0.3012488794759885,-0.012616150141611382,0.0,0.015504186535965303,0.5892518800259654,0.0,0.0,1.0,1126.5988176305864,0.3917525773195876,0.2366688125705948,1249.4645927399758,0.5824175824175825,0.13931393188132907,-122.86577510938946,-0.19066500509799483,0.09735488068926573,0.5781138667726452,0.4218861332273548,0.5246534673890713,1.0,0.5503172283445187,0.4496827716554813,-1.5,53.5,core_odds_api,0.5246534673890713,0.0986939021518796,1.5,0.5503172283445187,True,0.5246534673890713,fpi_market
401856800,2026,2116,2247,UCF,Georgia State,Big 12,Sun Belt,False,False,0.923669606203805,0.19719175023875618,0.14647037901441573,0.5478789539397079,0.15122043919264322,0.0,0.20526312603636132,0.4551960377166051,0.0,0.0,1.0,765.5801937114245,0.0958904109589041,0.019875527945627768,759.1500550839612,0.010638297872340425,-0.2097643168708603,6.430138627463293,0.08525211308656368,0.22963984481648808,0.7476763286650042,0.2523236713349958,0.8910059324985268,1.0,0.8910059324985268,0.10899406750147322,,,,0.8910059324985268,2.101057631540174,,,False,0.8910059324985268,fpi_fallback
401856803,2026,197,93,Oklahoma State,Murray State,Big 12,,False,False,-0.3435933083054215,0.16364715008149217,-0.09802027086140225,0.040615215954181494,-0.09650036710020676,1.0,2.0489823341951277,-0.7057255722142963,0.0,0.0,1.0,755.4882199001777,0.0,-0.18509401619573237,283.13031882359616,0.0,,472.3579010765815,0.0,,0.9215518063700704,0.07844819362992961,0.9215518063700704,0.0,0.9215518063700704,0.07844819362992961,,,,0.9215518063700704,2.463620541974861,,,False,0.9215518063700704,fpi_fallback
401861963,2026,2572,41,Southern Miss,UConn,Sun Belt,FBS Indep.,False,False,-0.9321267459761566,-0.23339451101390177,-0.2003214792377383,-0.5132574848276955,-0.19796072342483312,0.0,0.053204036063464244,0.4785001694878247,0.0,0.0,1.0,741.0864815840933,0.0,-0.1422164493687413,615.5565845368845,0.0,-0.1529533590942646,125.5298970472088,0.0,0.010736909725523297,0.5471206424251074,0.4528793575748926,0.7133589007035517,1.0,0.7133589007035517,0.2866410992964483,,,,0.7133589007035517,0.9117537527121059,,,False,0.7133589007035517,fpi_fallback
401862772,2026,235,2630,Memphis,UT Martin,American,,False,False,1.148396727758434,0.5318120387068773,0.04659271139557297,0.8802792158451742,0.1775102592289584,1.0,1.945910149055313,-0.09380082136585316,0.0,0.0,1.0,811.1368939946184,0.018867924528301886,0.14052798652883336,209.89758442632464,0.0,,601.2393095682937,0.018867924528301886,,0.9630899705414404,0.03691002945855959,0.9630899705414404,0.0,0.9630899705414404,0.03691002945855959,,,,0.9630899705414404,3.261663519627338,,,False,0.9630899705414404,fpi_fallback
401862773,2026,242,2711,Rice,Western Michigan,American,MAC,False,False,-1.138928443000027,-1.489251637429646,-0.36304662327421056,-1.0323052373114578,-0.25041149174386645,0.0,-0.005249355886143725,-0.9737483406765342,0.0,0.0,1.0,724.7183407942623,0.0,-0.21833410646060722,726.859170455014,0.0,-0.030280742089063867,-2.140829660751706,0.0,-0.18805336437154335,0.35214040918474415,0.6478595908152558,0.32500043435078957,1.0,0.32500043435078957,0.6749995656492105,,,,0.32500043435078957,-0.7308855285968592,,,False,0.32500043435078957,fpi_fallback
401862777,2026,58,2169,South Florida,Delaware State,American,,False,False,0.9470170554195669,0.9950322831411526,0.14930545920883798,1.0336130229432894,0.1721049722245137,1.0,2.6925460145662448,0.6446337553356056,0.0,0.0,1.0,800.075815711071,0.03333333333333333,0.20420438658719947,152.09844325366376,0.0,,647.9773724574072,0.03333333333333333,,0.9694664764745585,0.030533523525441475,0.9694664764745585,0.0,0.9694664764745585,0.030533523525441475,,,,0.9694664764745585,3.457920683933818,,,False,0.9694664764745585,fpi_fallback
401864443,2026,2393,2440,Middle Tennessee,Nevada,CUSA,Mountain West,False,False,-0.07815450492381842,0.14867424153687286,0.05174907457752598,0.047391712664468386,0.030106811182356696,0.0,0.0,-0.16803671849881766,0.0,0.0,1.0,719.367146484565,0.0,-0.20674295963406975,726.5675162890159,0.0,-0.23295498906943338,-7.200369804450929,0.0,0.026212029435363632,0.581999552692656,0.418000447307344,0.4568233271886294,1.0,0.4568233271886294,0.5431766728113706,,,,0.4568233271886294,-0.1731379077449819,,,False,0.4568233271886294,fpi_fallback
401866423,2026,6,195,South Alabama,Ohio,Sun Belt,MAC,False,False,-0.9961820099758825,-0.49073579644927534,-0.21263200178700842,-0.4338211391054543,-0.22383223172072658,0.0,-0.0989818335488506,-0.5008633991323791,0.0,0.0,1.0,729.1418074253246,0.0,-0.1207121323726903,728.1091688566596,0.02666666666666667,-0.08827759141170993,1.0326385686649928,-0.02666666666666667,-0.03243454096098036,0.4888021505549137,0.5111978494450863,0.4980409572460055,1.0,0.4980409572460055,0.5019590427539945,,,,0.4980409572460055,-0.007836211115063711,,,False,0.4980409572460055,fpi_fallback
401869948,2026,55,290,Jacksonville State,Georgia Southern,CUSA,Sun Belt,False,False,0.3077320415680515,0.06543645689070897,-0.014296574048428323,0.29961608934928247,0.051227929610277445,0.0,-0.9985288301111268,-0.10095383890951325,0.0,0.0,1.0,675.3485562302653,0.0,-0.1740853325659812,791.051928599953,0.021739130434782608,-0.20901622803680373,-115.70337236968771,-0.021739130434782608,0.03493089547082254,0.5769953565639078,0.42300464343609223,0.5719813976669327,1.0,0.5719813976669327,0.4280186023330673,,,,0.5719813976669327,0.289939811257346,,,False,0.5719813976669327,fpi_fallback
401870764,2026,2534,2447,Sam Houston,Nicholls,CUSA,,False,False,-0.26326315384760846,-0.16228219968472932,0.03577222348133785,-0.11395724723093263,0.04186978497680538,1.0,0.3536400402435782,-0.9701226753000356,0.0,0.0,1.0,638.9854759578275,0.0,-0.4540565745975952,252.0160458066896,0.0,,386.9694301511379,0.0,,0.9013056335497083,0.09869436645029173,0.9013056335497083,0.0,0.9013056335497083,0.09869436645029173,,,,0.9013056335497083,2.2118165487082373,,,False,0.9013056335497083,fpi_fallback
401858452,2026,158,155,Nebraska,North Dakota,Big Ten,,False,False,0.3275227754438197,-0.2617074969621542,-0.005232203105820565,0.11051077553035962,0.056241533542576216,1.0,2.4901014666651045,-0.06622206336458249,0.0,0.0,1.0,1029.4228879195155,0.26262626262626265,0.04624983446854084,355.5903257973726,0.0,,673.8325621221429,0.26262626262626265,,0.9546471847382749,0.04535281526172508,0.9546471847382749,0.0,0.9546471847382749,0.04535281526172508,,,,0.9546471847382749,3.04686957898336,,,False,0.9546471847382749,fpi_fallback
401858459,2026,264,331,Washington,Eastern Washington,Big Ten,,False,False,1.2864776615067421,1.05811803344719,0.1878133402270088,0.9094476892963332,0.1739812136188827,1.0,2.3182512097384453,0.24550112235434654,0.0,0.0,1.0,1043.8640373572212,0.27,0.33176080575933187,587.0781121569803,0.0,,456.78592520024085,0.27,,0.9605393201652679,0.039460679834732115,0.9605393201652679,0.0,0.9605393201652679,0.039460679834732115,,,,0.9605393201652679,3.1921901896562734,,,False,0.9605393201652679,fpi_fallback
401856688,2026,145,99,Ole Miss,LSU,SEC,SEC,True,False,1.0273668313221287,0.5466828068545702,0.20488665420067875,0.6037574234215436,0.19616660988879064,0.0,0.0,0.5775670925918257,0.0,0.0,1.0,1077.05919274244,0.41379310344827586,0.3643332453427581,1272.669430225689,0.5098039215686274,0.18878088457719902,-195.61023748324897,-0.09601081812035156,0.1755523607655591,0.6402181048286596,0.3597818951713404,0.46024122044446086,1.0,0.5276836900801622,0.47231630991983775,-1.5,57.5,core_odds_api,0.46024122044446086,-0.15937159092122183,1.5,0.5276836900801622,True,0.46024122044446086,fpi_market
401856690,2026,201,167,Oklahoma,New Mexico,SEC,Mountain West,False,False,0.7155796485914584,-0.0580632183505377,-0.014198784394173991,0.2066291000288822,0.023615413246759975,0.0,0.04124295853404902,-0.39281483008327084,0.0,0.0,1.0,1173.5834604844968,0.4519230769230769,0.3311106400825597,607.7200445489912,0.0,-0.027256250774157314,565.8634159355056,0.4519230769230769,0.358366890856717,0.9114887382139385,0.0885112617860615,0.9256471808161331,1.0,0.9256471808161331,0.07435281918386694,,,,0.9256471808161331,2.5216715578784425,,,False,0.9256471808161331,fpi_fallback
401856795,2026,36,252,Colorado State,BYU,Pac-12,Big 12,False,False,-1.9890510522555065,-0.7945139419394118,-0.36211296570404794,-0.8594573521235187,-0.35927498154470805,0.0,-0.04700604237592998,-1.017583916075871,0.0,0.0,1.0,741.5832443465806,0.0,-0.18634317778833193,966.2180287324254,0.12871287128712872,0.23853588239442264,-224.6347843858448,-0.12871287128712872,-0.42487906018275456,0.22290396897514153,0.7770960310248585,0.08058579885989015,1.0,0.08058579885989015,0.9194142011401099,,,,0.08058579885989015,-2.4344142881647635,,,False,0.08058579885989015,fpi_fallback
401856796,2026,77,38,Northwestern,Colorado,Big Ten,Big 12,False,False,0.45857182563160676,0.744889070077841,0.2115379272412659,0.3846225563312319,0.1231134950529903,0.0,0.010471299867295336,0.9907184966308341,0.0,0.0,1.0,799.4019028452823,0.047619047619047616,0.045966842685715825,861.702384575236,0.15714285714285714,-0.03556014101794508,-62.30048172995373,-0.10952380952380952,0.0815269837036609,0.6168305450935063,0.3831694549064937,0.48327487253720697,1.0,0.48327487253720697,0.5167251274627931,,,,0.48327487253720697,-0.06692547871243332,,,False,0.48327487253720697,fpi_fallback
401856802,2026,258,277,Virginia,West Virginia,ACC,Big 12,False,True,0.7249509198534202,0.7998401873746344,0.22982266385675276,0.6492785082124053,0.200370130497443,0.0,0.005221943981151611,1.3275975938747888,0.0,0.0,0.0,681.7851759026536,0.0,0.19059254374581175,911.6964337971962,0.06349206349206349,0.006903702757038735,-229.9112578945426,-0.06349206349206349,0.18368884098877303,0.5936538444347008,0.4063461555652992,0.6932117516114317,1.0,0.6932117516114317,0.30678824838856833,,,,0.6932117516114317,0.8151777454561897,,,False,0.6932117516114317,fpi_fallback
401858232,2026,120,259,Maryland,Virginia Tech,Big Ten,ACC,False,False,0.05610039019584065,-0.055928576973144954,-0.038523032345911035,-0.07084095499679813,-0.018031005046658888,0.0,-0.04700604237592998,0.5186064996009054,0.0,0.0,1.0,934.2453153712663,0.11702127659574468,-0.04044552211638594,941.2491041062212,0.19318181818181818,0.018920152232701312,-7.003788734954924,-0.0761605415860735,-0.05936567434908725,0.5168981241553521,0.4831018758446479,0.3992109945489065,1.0,0.3992109945489065,0.6007890054510935,,,,0.3992109945489065,-0.4087537149208744,,,False,0.3992109945489065,fpi_fallback
401858453,2026,87,127,Notre Dame,Michigan State,FBS Indep.,Big Ten,False,False,2.2357083411231677,1.3099857245727364,0.35924923644435847,1.4445508662763573,0.3744139251019123,0.0,0.030930300691358603,0.05384991038418775,0.0,0.0,1.0,1331.2910121386622,0.6538461538461539,0.5226843609885897,936.667144135479,0.14444444444444443,0.03342503768153286,394.62386800318313,0.5094017094017094,0.48925932330705685,0.959147601619423,0.04085239838057697,0.9513391102797668,1.0,0.9513391102797668,0.04866088972023319,,,,0.9513391102797668,2.9729949602081764,,,False,0.9513391102797668,fpi_fallback
401856692,2026,2633,338,Tennessee,Kennesaw State,SEC,CUSA,False,False,0.8374091535068715,0.32522913143610815,-0.11935175967161332,0.5508660772877553,-0.011151838823378557,0.0,1.8021222562636017,-1.2042774308340245,0.0,0.0,1.0,1252.305283860725,0.46153846153846156,0.22869558366290296,538.417781872682,0.0,-0.11035407025344204,713.887501988043,0.46153846153846156,0.339049653916345,0.9419763963926117,0.05802360360738834,0.9434075809439557,1.0,0.9434075809439557,0.056592419056044285,,,,0.9434075809439557,2.813623369286955,,,False,0.9434075809439557,fpi_fallback
401856693,2026,251,2636,Texas,UTSA,SEC,American,False,False,0.9341173764528321,-0.2373873318746089,0.11681250473233062,0.05419834194288103,0.13540796225212337,0.0,0.14077255388108245,-0.0802407156075924,0.0,0.0,1.0,1404.970024515499,0.6060606060606061,0.3259839418805343,413.2363130808404,0.0,0.08883544728224549,991.7337114346587,0.6060606060606061,0.23714849459828882,0.9447587246222602,0.05524127537773982,0.9753276219886255,1.0,0.9753276219886255,0.024672378011374452,,,,0.9753276219886255,3.677089118371103,,,False,0.9753276219886255,fpi_fallback
401856799,2026,2628,2032,TCU,Arkansas State,Big 12,Sun Belt,False,False,0.8869982846999779,0.08143125683780784,0.04415285019759152,0.3188821477433101,0.07345073745159925,0.0,0.005141399500418586,0.00851212745575367,0.0,0.0,1.0,977.9587547112536,0.19,0.17568122172595302,798.8377398455441,0.0,-0.1622319327532929,179.12101486570953,0.19,0.3379131544792459,0.8200198329018226,0.17998016709817743,0.8708075005121899,1.0,0.8708075005121899,0.1291924994878101,,,,0.8708075005121899,1.9081174065179376,,,False,0.8708075005121899,fpi_fallback
401862775,2026,202,2837,Tulsa,East Texas A&M,American,,False,False,-0.48395675765463464,0.5033905915913729,0.06259398600551247,-0.008630509405091706,-0.03157091221324548,1.0,3.455264602932431,0.3895540775403606,0.0,0.0,1.0,698.7562176157269,0.0,-0.14037445304549245,0.0,0.0,,698.7562176157269,0.0,,0.9445122056161648,0.05548779438383522,0.9445122056161648,0.0,0.9445122056161648,0.05548779438383522,,,,0.9445122056161648,2.8345055341372456,,,False,0.9445122056161648,fpi_fallback
401862776,2026,309,5,Louisiana,UAB,Sun Belt,American,False,False,0.8017011568092903,0.40944311036975334,0.11802340152305985,0.4493984712439284,0.14233185033326134,0.0,0.16430305129127643,-0.30848287773220134,0.0,0.0,1.0,716.1153761466188,0.0,-0.25325455386875345,643.9738980506007,0.015151515151515152,-0.08778240478416661,72.14147809601809,-0.015151515151515152,-0.16547214908458685,0.5806634439144669,0.4193365560855331,0.7358132025184388,1.0,0.7358132025184388,0.26418679748156115,,,,0.7358132025184388,1.0243198664325437,,,False,0.7358132025184388,fpi_fallback
401860885,2026,68,233,Boise State,South Dakota,Pac-12,,False,False,1.0712912728540074,0.5586458483613458,0.15554244424737074,0.6779908619772618,0.20217548164273091,1.0,2.4029330668283277,-0.40997664810605783,0.0,0.0,1.0,848.8900053513655,0.02564102564102564,0.03026250522538966,371.352385626018,0.0,,477.5376197253475,0.02564102564102564,,0.9483330639629811,0.051666936037018885,0.9483330639629811,0.0,0.9483330639629811,0.051666936037018885,,,,0.9483330639629811,2.9098877319889493,,,False,0.9483330639629811,fpi_fallback
401860887,2026,21,256,San Diego State,James Madison,Pac-12,Sun Belt,False,False,-1.1171067355376385,-0.416425398545746,-0.14871154064933767,-0.582638424361061,-0.1779099957347935,0.0,1.135555803859794,0.38204596520732137,0.0,0.0,1.0,722.2374816700269,0.0,0.07918892213122844,695.234106669023,0.01282051282051282,0.2328801287423507,27.00337500100386,-0.01282051282051282,-0.15369120661112226,0.42880765208664656,0.5711923479133534,0.6525542004023118,1.0,0.6525542004023118,0.3474457995976882,,,,0.6525542004023118,0.6302855210386129,,,False,0.6525542004023118,fpi_fallback
401856793,2026,12,2459,Arizona,Northern Illinois,Big 12,Mountain West,False,False,1.0990600028376343,0.5042081378892866,0.2102691286660744,0.46042844675751426,0.1717969618556766,0.0,-0.04145671367834591,1.502859049710694,0.0,0.0,1.0,926.0198278993089,0.13592233009708737,0.23622595907028177,790.6958349919561,0.009174311926605505,-0.34283992440212285,135.32399290735282,0.12674801817048187,0.5790658834724046,0.8787229047754067,0.12127709522459329,0.9281722546599964,1.0,0.9281722546599964,0.07182774534000358,,,,0.9281722546599964,2.558946508047394,,,False,0.9281722546599964,fpi_fallback
401864507,2026,16,2449,Sacramento State,North Dakota State,MAC,Mountain West,False,False,-0.08110705454369281,-0.08981400217278544,-0.055891096464698975,-0.08682668033642116,-0.03661016824121849,0.0,0.7985076962177713,-0.054954501323854855,0.0,0.0,1.0,692.9988066587673,0.0,,645.1896273252023,0.0,,47.809179333565,0.0,,0.5818518290242136,0.4181481709757864,0.5106408149795918,1.0,0.5106408149795918,0.4893591850204082,,,,0.5106408149795918,0.04256968740885782,,,False,0.5106408149795918,fpi_fallback
401858458,2026,26,2509,UCLA,Purdue,Big Ten,Big Ten,True,False,0.48760192465421826,0.18635794586712148,0.07273837120998677,0.23109554275153193,0.1203761403423586,0.0,0.015831465216680662,-0.43735881881293154,0.0,0.0,1.0,811.0418477665968,0.0821917808219178,-0.0031423834422963023,799.8384609517241,0.05434782608695652,-0.07843402148142234,11.203386814872715,0.027843954734961283,0.07529163803912603,0.6394932685118312,0.3605067314881688,0.6018298648056138,1.0,0.6018298648056138,0.39817013519438615,,,,0.6018298648056138,0.4130953994575988,,,False,0.6018298648056138,fpi_fallback
401860886,2026,204,149,Oregon State,Montana,Pac-12,,False,False,-0.6527195473329289,-0.39784773544275404,-0.1658676664585882,-0.3735255482341158,-0.1632476502238786,1.0,3.4499875458315876,-0.7172146924124035,0.0,0.0,1.0,773.1288164683024,0.02247191011235955,-0.09009737589266646,506.3586140440942,0.0,,266.77020242420815,0.02247191011235955,,0.8639802697987463,0.13601973020125369,0.8639802697987463,0.0,0.8639802697987463,0.13601973020125369,,,,0.8639802697987463,1.8487499824393234,,,False,0.8639802697987463,fpi_fallback
401860888,2026,23,278,San José State,Fresno State,Mountain West,Pac-12,False,False,-1.0498041683217911,-1.0415137447951681,-0.3036980170240479,-0.7343025309857579,-0.22626820168627432,0.0,-0.020726130517116914,-1.0400128682398713,0.0,0.0,1.0,724.1630544316288,0.011235955056179775,-0.19911733164845075,742.5741700850772,0.0,-0.04443712518862564,-18.411115653448405,0.011235955056179775,-0.1546802064598251,0.3967074194080857,0.6032925805919143,0.2721878770559098,1.0,0.2721878770559098,0.7278121229440901,,,,0.2721878770559098,-0.9835503896852545,,,False,0.2721878770559098,fpi_fallback
401869941,2026,324,2335,Coastal Carolina,Liberty,Sun Belt,CUSA,False,False,-0.14083705506023306,-0.5421899860436239,0.029660136551500682,-0.5001026327159115,0.016254388497925154,0.0,0.06280090123903026,0.4854274004405943,0.0,0.0,1.0,724.5798270338563,0.0,-0.16852455319137516,667.6595182095873,0.0,-0.2131392383873019,56.920308824269,0.0,0.044614685195926734,0.5381351531858594,0.46186484681414064,0.451310829571601,1.0,0.451310829571601,0.5486891704283989,,,,0.451310829571601,-0.19537580415259442,,,False,0.451310829571601,fpi_fallback
401862779,2026,218,349,Temple,Army,American,American,True,False,-1.1827227356915273,-0.7002408777009365,-0.20478955102130297,-0.6200630798330273,-0.19416893241324773,0.0,-0.036367644170874236,0.7319497748392269,0.0,0.0,1.0,743.2158993608089,0.008771929824561403,-0.039767353742940235,586.599678950922,0.0,0.015280943267176026,156.61622040988686,0.008771929824561403,-0.055048297010116265,0.5161430920077421,0.4838569079922579,0.4875599353264251,1.0,0.4875599353264251,0.512440064673575,,,,0.4875599353264251,-0.04977053005513236,,,False,0.4875599353264251,fpi_fallback
401858468,2026,164,47,Rutgers,Howard,Big Ten,,False,False,0.4386477979347933,0.23934797106875041,-0.0003193295113459449,0.2721259879225739,0.03605444274456371,1.0,2.2129729343043585,-0.06376710503794585,0.0,0.0,1.0,974.5567623671036,0.1485148514851485,-0.007181304706549596,335.42878421920136,0.0,,639.1279781479022,0.1485148514851485,,0.9532111966041219,0.0467888033958781,0.9532111966041219,0.0,0.9532111966041219,0.0467888033958781,,,,0.9532111966041219,3.014192560865633,,,False,0.9532111966041219,fpi_fallback
401862778,2026,5,2426,UAB,Navy,American,American,True,False,-1.6130481065564914,-0.6600073688084753,-0.27506591973091193,-0.7178887031200425,-0.31508280043535164,0.0,-0.14903557916048804,-0.4691115589244237,0.0,0.0,1.0,643.9738980506007,0.015151515151515152,-0.08778240478416661,513.2100047675495,0.0,0.1009917703659504,130.76389328305117,0.015151515151515152,-0.18877417515011702,0.43693009321642057,0.5630699067835794,0.2148312575946086,1.0,0.2148312575946086,0.7851687424053914,,,,0.2148312575946086,-1.2960457815846074,,,False,0.2148312575946086,fpi_fallback
401858461,2026,84,77,Indiana,Northwestern,Big Ten,Big Ten,True,False,1.8217258516710195,0.7427203191866314,0.2574313515017801,1.1309550436351548,0.30305580071213345,0.0,0.0051948168771041026,0.8535111301261259,0.0,0.0,1.0,872.0069986162093,0.1,0.5357653254929933,799.4019028452823,0.047619047619047616,0.045966842685715825,72.60509577092705,0.05238095238095239,0.48979848280727745,0.888038578782072,0.11196142121792796,0.9286017159599615,1.0,0.9286017159599615,0.07139828404003845,,,,0.9286017159599615,2.56540608748008,,,False,0.9286017159599615,fpi_fallback
401858234,2026,25,228,California,Clemson,ACC,ACC,True,False,-0.8902638634140476,-0.46288393100118413,-0.09901314040986792,-0.5060066293808914,-0.08974265691299388,0.0,-0.07676401621183793,0.21849920906537362,0.0,0.0,1.0,845.5299003506768,0.11392405063291139,-0.009139274462177608,1162.6283334023117,0.4827586206896552,0.13696508014615622,-317.09843305163486,-0.3688345700567438,-0.14610435460833382,0.2905047393762057,0.7094952606237943,0.25676222463465154,1.0,0.25676222463465154,0.7432377753653485,,,,0.25676222463465154,-1.0628655535390723,,,False,0.25676222463465154,fpi_fallback
401856696,2026,333,2579,Alabama,South Carolina,SEC,SEC,True,False,1.0753180261087847,-0.12432937258580967,0.16029126767409413,0.19546205952560305,0.19819970704594214,0.0,0.055429804939330474,0.46158190968935287,0.0,0.0,1.0,1451.3911057034413,0.6160714285714286,0.3317978703457419,1150.3785478252003,0.4444444444444444,0.08932890748859423,301.01255787824107,0.17162698412698418,0.24246896285714764,0.8089419227891183,0.19105807721088175,0.760942400288591,1.0,0.760942400288591,0.23905759971140905,,,,0.760942400288591,1.157853139623017,,,False,0.760942400288591,fpi_fallback
401856698,2026,2,238,Auburn,Vanderbilt,SEC,SEC,True,False,-0.7353229180555172,-0.1641933151302138,-0.16839220362805585,-0.2112978092205773,-0.17304356091303558,0.0,0.015504186535965303,-0.9230228587761848,0.0,0.0,1.0,1126.5988176305864,0.3917525773195876,0.2366688125705948,898.5992310035647,0.10588235294117647,0.2747700076748849,227.9995866270217,0.28587022437841114,-0.03810119510429011,0.6459096243475246,0.35409037565247536,0.6421354927740245,1.0,0.6421354927740245,0.3578645072259755,,,,0.6421354927740245,0.5846448860306084,,,False,0.6421354927740245,fpi_fallback
401856699,2026,57,145,Florida,Ole Miss,SEC,SEC,True,False,-1.485977395372629,-0.6556577256865277,-0.20479669580445348,-0.8107745251087817,-0.27765334814591414,0.0,-0.015504186535965303,-0.7377443814524167,0.0,0.0,1.0,1249.4645927399758,0.5824175824175825,0.13931393188132907,1077.05919274244,0.41379310344827586,0.3643332453427581,172.40539999753582,0.1686244789693066,-0.22501931346142906,0.44500783318602866,0.5549921668139713,0.50121778715719,1.0,0.50121778715719,0.49878221284281,,,,0.50121778715719,0.0048711582607149865,,,False,0.50121778715719,fpi_fallback
401856700,2026,61,201,Georgia,Oklahoma,SEC,SEC,True,False,0.8500615780419934,0.34918094922232495,0.05250842749918483,0.32511103648565054,0.10878953932164692,0.0,0.024938948347251966,-0.34831207390381225,0.0,0.0,1.0,1454.7175340466702,0.7304347826086957,0.32936276416267773,1173.5834604844968,0.4519230769230769,0.3311106400825597,281.1340735621734,0.2785117056856187,-0.0017478759198819582,0.7455369958498546,0.25446300415014544,0.733377013252905,1.0,0.7703411860041731,0.22965881399582688,-10.0,52.5,core_odds_api,0.733377013252905,1.0118242865463618,10.0,0.7703411860041731,True,0.733377013252905,fpi_market
401856702,2026,99,245,LSU,Texas A&M,SEC,SEC,True,False,-0.4926636713853486,-0.4076191701144432,-0.11915412919081425,-0.37897808074928313,-0.11790665249845211,0.0,0.0103093696588612,-0.8890330793550629,0.0,0.0,1.0,1272.669430225689,0.5098039215686274,0.18878088457719902,1292.7928128569013,0.7078651685393258,0.42460359407589965,-20.12338263121228,-0.19806124697069838,-0.23582270949870063,0.38167482214626897,0.6183251778537311,0.5666326586846954,1.0,0.5945512169870715,0.4054487830129285,-3.0,57.5,core_odds_api,0.5666326586846954,0.26812549382892586,3.0,0.5945512169870715,True,0.5666326586846954,fpi_market
401856703,2026,344,142,Mississippi State,Missouri,SEC,SEC,True,False,-1.1397246100365146,-0.5493676579486946,-0.15862090558073183,-0.621227345841571,-0.21523053172150225,0.0,-0.020619287202735315,0.39326118378853153,0.0,0.0,1.0,1004.9310140506045,0.11570247933884298,0.08344340967405131,991.2097296268986,0.2823529411764706,0.29316690406481605,13.721284423705924,-0.1666504618376276,-0.20972349439076474,0.377409468006416,0.622590531993584,0.35599294188049974,1.0,0.35599294188049974,0.6440070581195003,,,,0.35599294188049974,-0.5927987813800663,,,False,0.35599294188049974,fpi_fallback
401856805,2026,2641,2534,Texas Tech,Sam Houston,Big 12,CUSA,False,False,2.1013534110950944,1.4528063020208148,0.2502452421896326,1.5565321234367724,0.2859494936646134,0.0,1.4228519568536884,1.989074091204018,0.0,0.0,1.0,1052.4682043539133,0.25,0.42462074344422895,638.9854759578275,0.0,-0.4540565745975952,413.4827283960858,0.25,0.8786773180418241,0.9804581412448178,0.019541858755182218,0.9870690848285832,1.0,0.9870690848285832,0.012930915171416757,,,,0.9870690848285832,4.335119062546832,,,False,0.9870690848285832,fpi_fallback
401856806,2026,290,248,Georgia Southern,Houston,Sun Belt,Big 12,False,False,-0.22542816056355378,-0.08808847453750371,-0.02211715479227605,-0.16100412530538133,-0.04177923190263566,0.0,-0.22839290720035343,-0.8591978994201622,0.0,0.0,1.0,791.051928599953,0.021739130434782608,-0.20901622803680373,866.7900327400409,0.12162162162162163,0.09223461283714135,-75.7381041400879,-0.09988249118683902,-0.30125084087394505,0.37678085613963824,0.6232191438603618,0.196135670323287,1.0,0.196135670323287,0.803864329676713,,,,0.196135670323287,-1.4106238954562098,,,False,0.196135670323287,fpi_fallback
401856813,2026,239,38,Baylor,Colorado,Big 12,Big 12,True,False,0.38863582630242033,0.29282075153612425,0.06858179693059469,0.28306851106077574,0.07590889539901224,0.0,0.01566611674439944,0.27294867600778616,0.0,0.0,1.0,904.775063495865,0.15853658536585366,0.10111100596041074,861.702384575236,0.15714285714285714,-0.03556014101794508,43.07267892062896,0.0013937282229965209,0.1366711469783558,0.6801840286963526,0.31981597130364736,0.616226320927103,1.0,0.616226320927103,0.38377367907289694,,,,0.616226320927103,0.4735612987373451,,,False,0.616226320927103,fpi_fallback
401856814,2026,2132,2306,Cincinnati,Kansas State,Big 12,Big 12,True,False,-0.5277846377433412,-0.4836301638468221,-0.1830467290567569,-0.2830662806261428,-0.10062582421803701,0.0,-0.005167970158442614,0.41562042400181326,0.0,0.0,1.0,779.5136409431768,0.0379746835443038,0.10844840832140853,908.4180140804283,0.07766990291262135,0.07624696545002964,-128.90437313725147,-0.039695219368317554,0.032201442871378896,0.4876622539864087,0.5123377460135913,0.5487940588571527,1.0,0.5487940588571527,0.4512059411428473,,,,0.5487940588571527,0.19579938313178658,,,False,0.5487940588571527,fpi_fallback
401856815,2026,2116,2628,UCF,TCU,Big 12,Big 12,True,False,-1.016700179141808,-0.4815062424928887,-0.23719971481975688,-0.3464330227961304,-0.2210501247786661,0.0,-0.005141399500418586,-0.0964273931027833,0.0,0.0,1.0,765.5801937114245,0.0958904109589041,0.019875527945627768,977.9587547112536,0.19,0.17568122172595302,-212.37856099982912,-0.0941095890410959,-0.15580569378032524,0.3665225410010416,0.6334774589989585,0.45380318093425664,1.0,0.45380318093425664,0.5461968190657434,,,,0.45380318093425664,-0.1853158033967698,,,False,0.45380318093425664,fpi_fallback
401856816,2026,66,254,Iowa State,Utah,Big 12,Big 12,True,False,-0.5137022380429608,-0.4969345781231244,-0.12218429918752916,-0.4942080919677579,-0.06512010198701834,0.0,0.015504186535965303,-1.0283760601755534,0.0,0.0,1.0,861.4912999357202,0.0673076923076923,0.16375126279945085,941.3110117961028,0.15294117647058825,0.30485487985898047,-79.81971186038254,-0.08563348416289594,-0.14110361705952962,0.39892518574123725,0.6010748142587627,0.32518630730166886,1.0,0.32518630730166886,0.6748136926983311,,,,0.32518630730166886,-0.7300383706384741,,,False,0.32518630730166886,fpi_fallback
401856881,2026,277,197,West Virginia,Oklahoma State,Big 12,Big 12,True,False,0.7474842516928607,0.008545962267185165,0.14834908170725603,0.28652491990812445,0.15889526343267985,0.0,-0.015584731016698328,0.3335338145859987,0.0,0.0,1.0,911.6964337971962,0.06349206349206349,0.006903702757038735,755.4882199001777,0.0,-0.18509401619573237,156.20821389701848,0.06349206349206349,0.19199771895277112,0.7478908326231518,0.2521091673768482,0.4828517795994911,1.0,0.4828517795994911,0.5171482204005089,,,,0.4828517795994911,-0.06861979462920399,,,False,0.4828517795994911,fpi_fallback
401858237,2026,52,2110,Florida State,Central Arkansas,ACC,,False,False,0.2384715790464361,0.4622809709520623,-0.009654479195183752,0.46595964819256597,0.005586255107318583,1.0,2.282382385676526,-0.03019926498049017,0.0,0.0,1.0,1140.327181629477,0.3627450980392157,0.27952505542872025,350.05533431751354,0.0,,790.2718473119635,0.3627450980392157,,0.9723865952418084,0.02761340475819163,0.9723865952418084,0.0,0.9723865952418084,0.02761340475819163,,,,0.9723865952418084,3.561452122652852,,,False,0.9723865952418084,fpi_fallback
401858239,2026,258,48,Virginia,Delaware,ACC,CUSA,False,False,0.6188573419118165,0.2675758304182497,0.0667908301542397,0.3637272676870622,0.09659538426271186,0.0,2.0794415416798357,0.9032980090275395,0.0,0.0,1.0,681.7851759026536,0.0,0.19059254374581175,501.88099863363584,0.0,-0.18026586032236394,179.90417726901774,0.0,0.3708584040681757,0.8160040652330326,0.1839959347669674,0.8575289263106644,1.0,0.8575289263106644,0.14247107368933565,,,,0.8575289263106644,1.794915924328711,,,False,0.8575289263106644,fpi_fallback
401858241,2026,2567,2623,SMU,Missouri State,ACC,CUSA,False,False,1.4180279464975252,0.5117621514456093,0.17497955370361634,0.6925971286810972,0.16264703295583904,0.0,1.817467825938262,-0.10552915814190328,0.0,0.0,1.0,874.0415949819652,0.1625,0.2315533960010078,523.8358831187666,0.0,-0.16300112984699,350.20571186319864,0.1625,0.3945545258479978,0.8956911961107997,0.10430880388920027,0.9260760398112698,1.0,0.9260760398112698,0.07392396018873015,,,,0.9260760398112698,2.527919347821534,,,False,0.9260760398112698,fpi_fallback
401858242,2026,103,259,Boston College,Virginia Tech,ACC,ACC,True,False,-0.00973926395221497,0.22286498169216593,0.047882983898193954,-0.010225278209845756,-0.014471204258970305,0.0,-0.010256500167188598,0.14613098842266709,0.0,0.0,1.0,809.9006532485765,0.060240963855421686,-0.10883366875047422,941.2491041062212,0.19318181818181818,0.018920152232701312,-131.3484508576447,-0.1329408543263965,-0.12775382098317553,0.4422652558194866,0.5577347441805134,0.3100860344573169,1.0,0.3100860344573169,0.6899139655426831,,,,0.3100860344573169,-0.7997171127156593,,,False,0.3100860344573169,fpi_fallback
401858243,2026,97,154,Louisville,Wake Forest,ACC,ACC,True,False,0.6631293465908061,-0.006396284952013133,-0.033398911795534114,0.24101800765887987,0.041392786717308394,0.0,0.025841231183886926,-0.6227337761868216,0.0,0.0,1.0,810.6120157818036,0.15492957746478872,0.24901211463090583,817.8332426208597,0.031578947368421054,0.2101442248687073,-7.221226839056044,0.12335063009636767,0.03886788976219854,0.6316116007686706,0.3683883992313294,0.7126004417801075,1.0,0.7126004417801075,0.2873995582198925,,,,0.7126004417801075,0.9080474366441709,,,False,0.7126004417801075,fpi_fallback
401858462,2026,120,26,Maryland,UCLA,Big Ten,Big Ten,True,False,-0.0012109816578322352,0.24531653341760754,-0.041356770572866686,0.24968242696010418,-0.02703383295669548,0.0,-0.021164811192043054,0.33841605963860727,0.0,0.0,1.0,934.2453153712663,0.11702127659574468,-0.04044552211638594,811.0418477665968,0.0821917808219178,-0.0031423834422963023,123.20346760466953,0.03482949577382688,-0.03730313867408964,0.6354482977545015,0.3645517022454985,0.5801016676584099,1.0,0.5801016676584099,0.41989833234159013,,,,0.5801016676584099,0.32319076112396605,,,False,0.5801016676584099,fpi_fallback
401858463,2026,130,2294,Michigan,Iowa,Big Ten,Big Ten,True,False,-0.08824387745611376,-0.40464719362437085,-0.11616876265364928,-0.259499852007616,-0.009590937782418596,0.0,-0.005141399500418586,-0.5489655263945679,0.0,0.0,1.0,1235.613791698029,0.51,0.23626313954224643,987.4538325581303,0.19607843137254902,0.26940787108696074,248.15995913989866,0.313921568627451,-0.03314473154471431,0.6527365816972005,0.3472634183027995,0.6956385823009607,1.0,0.6956385823009607,0.30436141769903935,,,,0.6956385823009607,0.82661437789439,,,False,0.6956385823009607,fpi_fallback
401858464,2026,127,158,Michigan State,Nebraska,Big Ten,Big Ten,True,False,-0.52433820386148,0.2078888656173375,-0.001986122445914562,-0.25246547976984834,-0.0914366353724721,0.0,-0.010416760858255714,-0.0683907483464327,0.0,0.0,1.0,936.667144135479,0.14444444444444443,0.03342503768153286,1029.4228879195155,0.26262626262626265,0.04624983446854084,-92.75574378403644,-0.11818181818181822,-0.012824796787007979,0.47471613313520006,0.5252838668647999,0.34483342357946645,1.0,0.34483342357946645,0.6551665764205336,,,,0.34483342357946645,-0.6418280482216117,,,False,0.34483342357946645,fpi_fallback
401858465,2026,194,356,Ohio State,Illinois,Big Ten,Big Ten,True,False,1.2917794793882011,0.43314848361501557,-0.06421632298984026,0.7666871349813665,0.075230865817011,0.0,0.041031396677862375,-0.15945858752077358,0.0,0.0,1.0,1367.1424727059755,0.6039603960396039,0.5199884434427365,917.6907070888561,0.0782608695652174,0.16675780417854352,449.45176561711935,0.5256995264743866,0.353230639264193,0.9262888631428297,0.07371113685717035,0.932933499501968,1.0,0.932933499501968,0.06706650049803198,,,,0.932933499501968,2.632649250426908,,,False,0.932933499501968,fpi_fallback
401858466,2026,213,275,Penn State,Wisconsin,Big Ten,Big Ten,True,False,1.257491900703967,0.6674856146472374,0.20379863677017718,0.8506709909949325,0.18517573562070633,0.0,0.015345569674660275,-0.2638655542040397,0.0,0.0,1.0,1093.5859854781434,0.40816326530612246,0.2572674566411734,907.0388207801798,0.2111111111111111,0.06697475666311872,186.54716469796358,0.19705215419501135,0.19029269997805467,0.8281427031723372,0.17185729682766282,0.7697656298958079,1.0,0.7697656298958079,0.23023437010419212,,,,0.7697656298958079,1.2069883012093603,,,False,0.7697656298958079,fpi_fallback
401858467,2026,2509,87,Purdue,Notre Dame,Big Ten,FBS Indep.,False,False,-2.6652660713625367,-2.0560914930028824,-0.49738299066502517,-1.9353737080029731,-0.5005803919609231,0.0,-0.046761765908039266,-0.04082518724095962,0.0,0.0,1.0,799.8384609517241,0.05434782608695652,-0.07843402148142234,1331.2910121386622,0.6538461538461539,0.5226843609885897,-531.4525511869381,-0.5994983277591973,-0.601118382470012,0.07153447539085306,0.9284655246091469,0.07098515962532834,1.0,0.07098515962532834,0.9290148403746716,,,,0.07098515962532834,-2.571653877423171,,,False,0.07098515962532834,fpi_fallback
401858469,2026,30,2483,USC,Oregon,Big Ten,Big Ten,True,False,-0.9443573721064559,-0.06047349863085175,-0.10966086774153705,-0.32044156393605056,-0.15264100274606474,0.0,-0.015267472130788384,0.25680251593050796,0.0,0.0,1.0,1275.9325614814477,0.4727272727272727,0.3017096492006037,1401.6094907863976,0.5378151260504201,0.4314892927531719,-125.67692930494991,-0.06508785332314743,-0.12977964355256816,0.4123459389536906,0.5876540610463095,0.35124887486926587,1.0,0.3510627787236888,0.6489372212763111,5.5,58.5,core_odds_api,0.35124887486926587,-0.6135541513605044,-5.5,0.3510627787236888,True,0.35124887486926587,fpi_market
401858470,2026,264,135,Washington,Minnesota,Big Ten,Big Ten,True,False,0.4909599704286052,0.6519777162142273,0.009140366584351911,0.5158711188441292,0.017657627791043184,0.0,0.010416760858255714,0.37517694359320103,0.0,0.0,1.0,1043.8640373572212,0.27,0.33176080575933187,945.3401948206013,0.12264150943396226,-0.01770528059758985,98.5238425366199,0.14735849056603775,0.3494660863569217,0.8173903191606043,0.18260968083939566,0.7768747709717014,1.0,0.7768747709717014,0.22312522902829857,,,,0.7768747709717014,1.2475459884670526,,,False,0.7768747709717014,fpi_fallback
401860893,2026,2649,21,Toledo,San Diego State,MAC,Pac-12,False,False,0.355216541750076,0.36141625275178385,0.076893701693177,0.4087035216518502,0.05873788363048338,0.0,-0.0051948168771041026,-0.6690576919945079,0.0,0.0,1.0,746.2577192210606,0.02531645569620253,0.08408466429112067,722.2374816700269,0.0,0.07918892213122844,24.020237551033688,0.02531645569620253,0.004895742159892233,0.6375141609333504,0.36248583906664955,0.4499214125325804,1.0,0.4499214125325804,0.5500785874674197,,,,0.4499214125325804,-0.20098822562689656,,,False,0.4499214125325804,fpi_fallback
401860896,2026,2636,36,UTSA,Colorado State,American,Pac-12,False,False,1.2784159982427832,1.1722312634852472,0.2916281922021029,0.9082973301770702,0.22224711333989133,0.0,-0.0836141400411341,0.6046534863668398,0.0,0.0,1.0,413.2363130808404,0.0,0.08883544728224549,741.5832443465806,0.0,-0.18634317778833193,-328.34693126574024,0.0,0.27517862507057744,0.6878985038585886,0.31210149614141136,0.7333563065942997,1.0,0.7333563065942997,0.26664369340570027,,,,0.7333563065942997,1.0117183918015644,,,False,0.7333563065942997,fpi_fallback
401860897,2026,2711,68,Western Michigan,Boise State,MAC,Pac-12,False,False,-0.3096130954630007,0.5534151465847852,0.16896767185394423,0.0752128599537666,0.03160701835762414,0.0,-0.041031396677862375,1.2336057374260054,0.0,0.0,1.0,726.859170455014,0.0,-0.030280742089063867,848.8900053513655,0.02564102564102564,0.03026250522538966,-122.03083489635151,-0.02564102564102564,-0.06054324731445353,0.5007457712515887,0.4992542287484113,0.3563814787881696,1.0,0.3563814787881696,0.6436185212118304,,,,0.3563814787881696,-0.5911044654632958,,,False,0.3563814787881696,fpi_fallback
401861970,2026,193,41,Miami (OH),UConn,MAC,FBS Indep.,False,False,-0.11168528592587564,-0.05966096147512422,-0.138386448668798,-0.12302923522368861,-0.09319522492814025,0.0,0.04800921918636014,-0.6616029180255532,0.0,0.0,1.0,722.3685503666973,0.0,-0.19534094449480896,615.5565845368845,0.0,-0.1529533590942646,106.81196582981272,0.0,-0.04238758540054435,0.5708208162954251,0.42917918370457486,0.6695636224000039,1.0,0.6695636224000039,0.3304363775999961,,,,0.6695636224000039,0.7062120530588895,,,False,0.6695636224000039,fpi_fallback
401862780,2026,2429,309,Charlotte,Louisiana,American,Sun Belt,False,False,-1.3827321244003088,-0.9123800925460962,-0.2782746552868922,-0.8911047674765091,-0.24776146815694744,0.0,-0.444079944235944,-0.08518598515537405,0.0,0.0,1.0,677.7973197292208,0.0,-0.254936540932452,716.1153761466188,0.0,-0.25325455386875345,-38.318056417398,0.0,-0.0016819870636985423,0.43039785225468014,0.5696021477453199,0.4006086990121343,1.0,0.4006086990121343,0.5993913009878657,,,,0.4006086990121343,-0.402929503956976,,,False,0.4006086990121343,fpi_fallback
401862782,2026,2433,2226,UL Monroe,Florida Atlantic,Sun Belt,American,False,False,-0.3442436395843629,-0.11096056006731267,-0.08071162997534254,-0.32776492198684803,-0.059650293113241826,0.0,0.005221943981151611,-0.3145255805235092,0.0,0.0,1.0,736.2526686071137,0.009433962264150943,-0.2673925024115139,708.5716649532192,0.013157894736842105,-0.057874346751056974,27.68100365389455,-0.0037239324726911615,-0.20951815566045695,0.4402778560455059,0.5597221439544942,0.35840003996670383,1.0,0.35840003996670383,0.6415999600332962,,,,0.35840003996670383,-0.5823152016450489,,,False,0.35840003996670383,fpi_fallback
401862784,2026,2655,2572,Tulane,Southern Miss,American,Sun Belt,False,False,1.4420126369084256,0.28065554176201324,0.2144717653288672,0.4942438667622727,0.23211730153206694,0.0,0.03562717764315071,-0.5464016131603444,0.0,0.0,1.0,775.5318857887579,0.06493506493506493,0.10101112658160054,741.0864815840933,0.0,-0.1422164493687413,34.445404204664555,0.06493506493506493,0.24322757595034183,0.7528189909507813,0.2471810090492187,0.7385010157082226,1.0,0.7385010157082226,0.2614989842917774,,,,0.7385010157082226,1.0381920780011018,,,False,0.7385010157082226,fpi_fallback
401862785,2026,189,58,Bowling Green,South Florida,MAC,American,False,False,-0.9642162336845809,-0.6032059100549109,-0.13424736635116613,-0.6893676805041524,-0.16335478494828765,0.0,-0.005221943981151611,-1.1644009885636661,0.0,0.0,1.0,721.2040197767335,0.0,-0.2229314178683267,800.075815711071,0.03333333333333333,0.20420438658719947,-78.87179593433746,-0.03333333333333333,-0.4271358044555262,0.2815484873953387,0.7184515126046613,0.25282140229315775,1.0,0.25282140229315775,0.7471785977068423,,,,0.25282140229315775,-1.0836209235195102,,,False,0.25282140229315775,fpi_fallback
401864509,2026,2440,2005,Nevada,Air Force,Mountain West,Mountain West,True,False,-0.6793783670255539,-0.31203162935392814,-0.05177843938159127,-0.4096066701323355,-0.10255655362991067,0.0,0.01052641298698731,0.3824786733507085,0.0,0.0,1.0,726.5675162890159,0.0,-0.23295498906943338,693.3178165578591,0.0,-0.18539588287011458,33.24969973115674,0.0,-0.0475591061993188,0.5011861560336642,0.49881384396633577,0.43188574089818615,1.0,0.43188574089818615,0.5681142591018138,,,,0.43188574089818615,-0.27416149428242076,,,False,0.43188574089818615,fpi_fallback
401864511,2026,2247,2459,Georgia State,Northern Illinois,Sun Belt,Mountain West,False,False,-0.5765589676458603,-0.3950983805095308,-0.12039925616868397,-0.5041937713720672,-0.1470595267752849,0.0,-0.2206086957110216,0.2592287575828072,0.0,0.0,1.0,759.1500550839612,0.010638297872340425,-0.2097643168708603,790.6958349919561,0.009174311926605505,-0.34283992440212285,-31.54577990799487,0.0014639859457349202,0.13307560753126255,0.5436734540777789,0.4563265459222211,0.5471153299438833,1.0,0.5471153299438833,0.45288467005611666,,,,0.5471153299438833,0.18902211946470493,,,False,0.5471153299438833,fpi_fallback
401864512,2026,2006,2439,Akron,UNLV,MAC,Mountain West,False,False,-1.4171473771926413,-0.08336837318329418,0.030138948280855837,-0.4647636712611139,-0.14950280893459444,0.0,-0.04167269640056759,0.2778738897048356,0.0,0.0,1.0,633.6115119466774,0.0,-0.3729704281556604,727.9148013639938,0.0,-0.013766461130807137,-94.30328941731636,0.0,-0.35920396702485324,0.3265622526299504,0.6734377473700496,0.15320643823399685,1.0,0.15320643823399685,0.8467935617660032,,,,0.15320643823399685,-1.709670654766197,,,False,0.15320643823399685,fpi_fallback
401864572,2026,152,2026,NC State,App State,ACC,Sun Belt,False,False,0.7317688212797816,0.6600128446335891,0.25312042463878337,0.4334016374501403,0.15168792487240285,0.0,0.24911903771747035,0.6975861826879349,0.0,0.0,1.0,940.0143298590317,0.12244897959183673,0.20064371785902324,741.7010701368393,0.009523809523809525,-0.2964783655947048,198.31325972219236,0.11292517006802721,0.49712208345372805,0.8693828264995892,0.1306171735004108,0.8445964149515426,1.0,0.8445964149515426,0.15540358504845742,,,,0.8445964149515426,1.6928333903432906,,,False,0.8445964149515426,fpi_fallback
401866425,2026,2309,2050,Kent State,Ball State,MAC,MAC,True,False,-0.11237678007125851,0.35990165896495213,0.1455882574811782,-0.025468113767681416,0.02692209737734319,0.0,-0.010695289116747553,0.7280311066955233,0.0,0.0,1.0,709.4657050110235,0.012658227848101266,-0.3216129524444867,699.3573843826957,0.0,-0.4324979754700893,10.10832062832776,0.012658227848101266,0.1108850230256026,0.6174782618592125,0.3825217381407875,0.5498951238500064,1.0,0.5498951238500064,0.4501048761499936,,,,0.5498951238500064,0.2002469624133096,,,False,0.5498951238500064,fpi_fallback
401866429,2026,16,113,Sacramento State,Massachusetts,MAC,MAC,True,False,1.584931167579191,1.0076053654295385,0.16994508983964474,1.032423533506265,0.23070786928908832,0.0,-2.0980179272527715,0.5468170360247632,0.0,0.0,1.0,692.9988066587673,0.0,,580.0697737621826,0.0,-0.520773787951295,112.92903289658466,0.0,,0.7501465866649192,0.24985341333508082,0.7605183519903568,1.0,0.7605183519903568,0.23948164800964322,,,,0.7605183519903568,1.1555234552374571,,,False,0.7605183519903568,fpi_fallback
401869961,2026,295,256,Old Dominion,James Madison,Sun Belt,Sun Belt,True,False,-0.6620582396258579,0.03379095052996105,0.06881111403146833,-0.29279203773157464,-0.057911042997283335,0.0,0.8145080375642122,0.365315322655199,0.0,0.0,1.0,808.9583543532183,0.026785714285714284,0.16075646446324005,695.234106669023,0.01282051282051282,0.2328801287423507,113.72424768419523,0.013965201465201464,-0.07212366427911066,0.5386026217650122,0.46139737823498783,0.5024090868017448,1.0,0.5024090868017448,0.4975909131982552,,,,0.5024090868017448,0.009636421776632157,,,False,0.5024090868017448,fpi_fallback
401856704,2026,2633,251,Tennessee,Texas,SEC,SEC,True,False,-0.602163447415312,-0.12432725149208593,-0.217554623597716,-0.030029876480249258,-0.13008620758755873,0.0,-0.02040887163120697,-0.0913730293440517,0.0,0.0,1.0,1252.305283860725,0.46153846153846156,0.22869558366290296,1404.970024515499,0.6060606060606061,0.3259839418805343,-152.66474065477405,-0.1445221445221445,-0.09728835821763135,0.443277606908457,0.556722393091543,0.2707637207382099,1.0,0.3040196220266312,0.6959803779733689,6.5,56.5,core_odds_api,0.2707637207382099,-0.9907512323315295,-6.5,0.3040196220266312,True,0.2707637207382099,fpi_market
401858236,2026,221,2083,Pittsburgh,Bucknell,ACC,,False,False,0.7695623896887537,0.44142005859546835,0.06965113858337368,0.5974204505935795,0.10086897279351831,1.0,3.198673117550681,0.3551382512854229,0.0,0.0,1.0,901.0402708557126,0.12643678160919541,0.25090656933998107,126.35290313242348,0.0,,774.6873677232891,0.12643678160919541,,0.9695110003922676,0.030488999607732437,0.9695110003922676,0.0,0.9695110003922676,0.030488999607732437,,,,0.9695110003922676,3.4594258711197443,,,False,0.9695110003922676,fpi_fallback
401864576,2026,96,6,Kentucky,South Alabama,SEC,Sun Belt,False,False,0.10839405908530807,-0.16718176568715665,-0.030112238956101933,-0.15920545269652298,-0.02313250598246014,0.0,0.1042037775300022,0.638282421057952,0.0,0.0,1.0,957.2511978283744,0.19148936170212766,0.12743784412898232,729.1418074253246,0.0,-0.1207121323726903,228.10939040304982,0.19148936170212766,0.24814997650167261,0.7546716847959666,0.24532831520403342,0.875244299741616,1.0,0.875244299741616,0.124755700258384,,,,0.875244299741616,1.9481456200516403,,,False,0.875244299741616,fpi_fallback
401866427,2026,2199,2815,Eastern Michigan,Lindenwood,MAC,,False,False,-0.22799240232913917,0.428836485044607,0.08169690921360662,0.11416713233984724,-0.0064224230921187675,1.0,3.8501476017100584,0.02485095635499192,0.0,0.0,1.0,776.7626689614904,0.0,-0.22427512620379558,235.09552190941668,0.0,,541.6671470520737,0.0,,0.9330862934391378,0.06691370656086215,0.9330862934391378,0.0,0.9330862934391378,0.06691370656086215,,,,0.9330862934391378,2.635093859381693,,,False,0.9330862934391378,fpi_fallback
401864510,2026,2751,62,Wyoming,Hawai'i,Mountain West,Mountain West,True,False,-0.738539168135128,-0.5579530700119811,-0.2936570966784372,-0.379677515591158,-0.21324926184084475,0.0,-0.06155789299943315,-0.8976619688795268,0.0,0.0,1.0,755.9642701563448,0.0,-0.17052082000783303,,,-0.10169282413193194,,,-0.06882799587590109,0.49824770423285214,0.5017522957671479,0.29564457567870267,1.0,0.29564457567870267,0.7043554243212973,,,,0.29564457567870267,-0.8681251178552668,,,False,0.29564457567870267,fpi_fallback
401858244,2026,150,2729,Duke,William & Mary,ACC,,False,False,1.0289849096203876,0.6126480534755961,0.24827498075778986,0.5039175438539326,0.19165670804934132,1.0,2.4499903846817723,0.21905905251855984,0.0,0.0,1.0,835.443025727025,0.07692307692307693,0.1524012636603621,119.25,0.0,,716.193025727025,0.07692307692307693,,0.9629559029267407,0.037044097073259286,0.9629559029267407,0.0,0.9629559029267407,0.037044097073259286,,,,0.9629559029267407,3.257898603606398,,,False,0.9629559029267407,fpi_fallback
401864579,2026,166,167,New Mexico State,New Mexico,CUSA,Mountain West,False,False,-0.8986177385852784,-0.5023920981678068,-0.22976905401187248,-0.47335282697817566,-0.21047806554227355,0.0,-0.026668247082161756,-0.9150006761597956,0.0,0.0,1.0,642.1178364084459,0.0,-0.20796966182041543,607.7200445489912,0.0,-0.027256250774157314,34.39779185945474,0.0,-0.18071341104625813,0.4361234756206777,0.5638765243793222,0.2641662128902363,1.0,0.2641662128902363,0.7358337871097638,,,,0.2641662128902363,-1.0244257611773422,,,False,0.2641662128902363,fpi_fallback
401866426,2026,2084,2523,Buffalo,Robert Morris,MAC,,False,False,0.14660118065376992,0.4125407226481507,-0.0055152106776718,0.448819282479039,0.056782270989076955,1.0,3.1570004211501135,-0.32248058991994183,0.0,0.0,1.0,711.4279562027778,0.0,-0.2965654738374634,152.3467271886364,0.0,,559.0812290141414,0.0,,0.9471968736333088,0.052803126366691155,0.9471968736333088,0.0,0.9471968736333088,0.052803126366691155,,,,0.9471968736333088,2.8869365630341366,,,False,0.9471968736333088,fpi_fallback
401866428,2026,195,284,Ohio,Stonehill,MAC,,False,False,0.887078924763357,0.3294011666517345,0.1743057263400487,0.403700420700504,0.1750768565892209,1.0,5.25227342804663,-0.08954555210558283,0.0,0.0,1.0,728.1091688566596,0.02666666666666667,-0.08827759141170993,0.0,0.0,,728.1091688566596,0.02666666666666667,,0.960016342516723,0.039983657483277035,0.960016342516723,0.0,0.960016342516723,0.039983657483277035,,,,0.960016342516723,3.178479500060611,,,False,0.960016342516723,fpi_fallback
401868188,2026,276,2241,Marshall,Gardner-Webb,Sun Belt,,False,False,0.7431268407666038,0.5404723154211991,0.07299449520397028,0.5721948588037215,0.14846525907368224,1.0,2.0898043287153825,-0.4677297596947051,0.0,0.0,1.0,654.0487112387665,0.0,-0.13359936891867347,167.88749763984228,0.0,,486.1612135989242,0.0,,0.9446953010409151,0.05530469895908485,0.9446953010409151,0.0,0.9446953010409151,0.05530469895908485,,,,0.9446953010409151,2.8380045656864756,,,False,0.9446953010409151,fpi_fallback
401862781,2026,151,2428,East Carolina,North Carolina Central,American,,False,False,0.8966200483306624,1.0306240295034372,0.25310424233050316,0.9474155002696484,0.20464487813139265,1.0,2.5494451709255714,0.5878085864272725,0.0,0.0,1.0,776.7464762757635,0.030927835051546393,0.1482528042243568,124.57404865501675,0.0,,652.1724276207467,0.030927835051546393,,0.9679036768866097,0.03209632311339028,0.9679036768866097,0.0,0.9679036768866097,0.03209632311339028,,,,0.9679036768866097,3.4063910961558266,,,False,0.9679036768866097,fpi_fallback
401860892,2026,326,2916,Texas State,Incarnate Word,Pac-12,,False,False,0.5888669987518278,0.8154522639705329,0.17916143015205954,0.6109311699626667,0.1001296514079395,1.0,2.679879324135514,0.14125830635786996,0.0,0.0,1.0,730.9582650396574,0.0,-0.05944701182601658,113.43244543204761,0.0,,617.5258196076097,0.0,,0.9568576838402334,0.0431423161597666,0.9568576838402334,0.0,0.9568576838402334,0.0431423161597666,,,,0.9568576838402334,3.0991503407758794,,,False,0.9568576838402334,fpi_fallback
401867909,2026,2229,2341,Florida International,Long Island University,CUSA,,False,False,0.10271801758661696,0.5114755690634475,0.07222409365297999,0.4924142607743812,0.07283777411609504,1.0,2.833213344056216,0.3316260963240779,0.0,0.0,1.0,433.8089100421115,0.0,-0.16334506454494596,159.44775136640322,0.0,,274.3611586757083,0.0,,0.9174726973861858,0.08252730261381425,0.9174726973861858,0.0,0.9174726973861858,0.08252730261381425,,,,0.9174726973861858,2.4084936425034003,,,False,0.9174726973861858,fpi_fallback
401858238,2026,2390,2117,Miami,Central Michigan,ACC,MAC,False,False,1.7374842583378587,0.5083765114576505,0.1600281483492209,0.7703480253189695,0.1975523689172516,0.0,0.04145671367834591,0.23157740538874577,0.0,0.0,1.0,1262.9288503196244,0.5233644859813084,0.4940492419545948,710.6104865694842,0.0,-0.16936787162657693,552.3183637501402,0.5233644859813084,0.6634171135811717,0.9667630222716582,0.03323697772834178,0.9807900646096036,1.0,0.9807900646096036,0.019209935390396393,,,,0.9807900646096036,3.9329308218034433,,,False,0.9807900646096036,fpi_fallback
401869931,2026,2032,338,Arkansas State,Kennesaw State,Sun Belt,CUSA,False,False,-0.01325842843218652,0.19769643060698397,-0.00017877063083049372,0.03366350443676706,-0.022301624406519616,0.0,1.8021222562636017,-0.872055068897605,0.0,0.0,1.0,798.8377398455441,0.0,-0.1622319327532929,538.417781872682,0.0,-0.11035407025344204,260.4199579728621,0.0,-0.05187786249985085,0.6453478163722188,0.35465218362778117,0.5621286771891238,1.0,0.5621286771891238,0.43787132281087615,,,,0.5621286771891238,0.24980570297884536,,,False,0.5621286771891238,fpi_fallback
401870745,2026,98,2385,Western Kentucky,Mercyhurst,CUSA,,False,False,0.45763901573388693,0.1866952310650573,0.05733863826634855,0.20246677613341615,0.0863769539756043,1.0,5.298317366548036,0.08734508020494332,0.0,0.0,1.0,673.5953239504531,0.0,-0.08552767474658443,143.01549226346165,0.0,,530.5798316869915,0.0,,0.9354419371977332,0.06455806280226684,0.9354419371977332,0.0,0.9354419371977332,0.06455806280226684,,,,0.9354419371977332,2.6734540603737886,,,False,0.9354419371977332,fpi_fallback
401871048,2026,55,2393,Jacksonville State,Middle Tennessee,CUSA,CUSA,True,False,1.3612116316191374,0.21064149678171135,0.12731274738927512,0.5706430207177747,0.2389688692885814,0.0,-1.2269217373114802,-0.1341517301347858,0.0,0.0,1.0,675.3485562302653,0.0,-0.1740853325659812,719.367146484565,0.0,-0.20674295963406975,-44.018590254299625,0.0,0.03265762706808856,0.6429542427569838,0.35704575724301624,0.7445692650580229,1.0,0.7445692650580229,0.2554307349419771,,,,0.7445692650580229,1.0698546066957504,,,False,0.7445692650580229,fpi_fallback
401856804,2026,265,12,Washington State,Arizona,Pac-12,Big 12,False,False,-0.255808973068863,0.015502522947173691,-0.006503694724440123,-0.08441135852101254,-0.04511403748499043,0.0,-0.010638398205055744,-0.6708471483634366,0.0,0.0,1.0,767.2399461783762,0.007874015748031496,0.09226585663667623,926.0198278993089,0.13592233009708737,0.23622595907028177,-158.77988172093274,-0.1280483143490559,-0.14396010243360552,0.41701295388981113,0.5829870461101889,0.28450224180538597,1.0,0.28450224180538597,0.715497758194614,,,,0.28450224180538597,-0.9222373324471235,,,False,0.28450224180538597,fpi_fallback
401860894,2026,328,2653,Utah State,Troy,Pac-12,Sun Belt,False,False,-0.41993907847305534,0.12016348031162356,-0.047806323794165995,0.03799023722748568,-0.07366601157633074,0.0,-0.025708356710206992,0.2180585977079886,0.0,0.0,1.0,734.3906244961368,0.0,-0.010083142412802261,776.4629635065345,0.0,-0.13824595035975623,-42.07233901039774,0.0,0.12816280794695398,0.6125753146690819,0.3874246853309181,0.5826788811102086,1.0,0.5826788811102086,0.4173211188897914,,,,0.5826788811102086,0.33378023560378134,,,False,0.5826788811102086,fpi_fallback
401862783,2026,249,2277,North Texas,Houston Christian,American,,False,False,1.2130059508928683,1.2524498112308773,0.27643885299026616,1.2092288924414791,0.2756388653465195,1.0,2.5649493574615367,0.9235686531279975,0.0,0.0,1.0,689.7607421558456,0.0273972602739726,0.18532049076085383,232.04985038148953,0.0,,457.71089177435607,0.0273972602739726,,0.9618685719641614,0.03813142803583858,0.9618685719641614,0.0,0.9618685719641614,0.03813142803583858,,,,0.9618685719641614,3.227838996818329,,,False,0.9618685719641614,fpi_fallback
401856697,2026,8,202,Arkansas,Tulsa,SEC,American,False,False,0.5925307116256954,-0.0890434358511292,-0.1686795145532971,0.3023976512155727,-0.06812245024367458,0.0,0.010471299867295336,-0.7327592875681421,0.0,0.0,1.0,923.2652086614927,0.15053763440860216,0.12034445408518966,698.7562176157269,0.0,-0.14037445304549245,224.5089910457658,0.15053763440860216,0.26071890713068213,0.8026933090301585,0.19730669096984155,0.8428230457120589,1.0,0.8428230457120589,0.1571769542879411,,,,0.8428230457120589,1.6793847577539245,,,False,0.8428230457120589,fpi_fallback
401860895,2026,2638,204,UTEP,Oregon State,Mountain West,Pac-12,False,False,-0.362592153141893,-0.03342742979161776,-0.055044574671288315,-0.006889309533577581,-0.043448594554986786,0.0,0.0,0.5652324126981852,0.0,0.0,1.0,777.8648844149413,0.0,-0.26645623566896376,773.1288164683024,0.02247191011235955,-0.09009737589266646,4.736067946638968,-0.02247191011235955,-0.17635885977629728,0.4864301104901081,0.5135698895098919,0.34619837116933083,1.0,0.34619837116933083,0.6538016288306692,,,,0.34619837116933083,-0.6357920477681169,,,False,0.34619837116933083,fpi_fallback
401860891,2026,278,242,Fresno State,Rice,Pac-12,American,False,False,1.1429104083024435,1.2754759086978513,0.26369559239785423,0.9618026490352998,0.2012194416699994,0.0,0.02597548640326064,0.44265743047123124,0.0,0.0,1.0,742.5741700850772,0.0,-0.04443712518862564,724.7183407942623,0.0,-0.21833410646060722,17.85582929081488,0.0,0.17389698127198158,0.7679987871904667,0.23200121280953334,0.8058601224948966,1.0,0.8058601224948966,0.19413987750510342,,,,0.8058601224948966,1.4233312648319885,,,False,0.8058601224948966,fpi_fallback
401858240,2026,24,59,Stanford,Georgia Tech,ACC,ACC,True,False,-1.0547137848738202,-0.3580651769324827,-0.03138171329500222,-0.6631976362395758,-0.16863458560414957,0.0,-0.020726130517116914,-0.035970578433918945,0.0,0.0,1.0,892.6689042414988,0.09574468085106383,0.018158436641050876,968.9845275797574,0.14444444444444443,0.16709834133551948,-76.31562333825855,-0.0486997635933806,-0.1489399046944686,0.38090270866773845,0.6190972913322615,0.3698988979743852,1.0,0.3698988979743852,0.6301011020256149,,,,0.3698988979743852,-0.5326505663347145,,,False,0.3698988979743852,fpi_fallback
401871049,2026,166,98,New Mexico State,Western Kentucky,CUSA,CUSA,True,False,-1.1225129609473128,-0.5072948814610282,-0.18823244770733133,-0.5626251922167771,-0.21107348267691062,0.0,-0.0779615414697119,-0.19563250196006948,0.0,0.0,1.0,642.1178364084459,0.0,-0.20796966182041543,673.5953239504531,0.0,-0.08552767474658443,-31.477487542007225,0.0,-0.122441987073831,0.4255055981156922,0.5744944018843078,0.2923914538365228,1.0,0.2923914538365228,0.7076085461634771,,,,0.2923914538365228,-0.8837975400853935,,,False,0.2923914538365228,fpi_fallback
401862786,2026,202,249,Tulsa,North Texas,American,American,True,False,-1.6196349195664743,-0.6901896907534477,-0.22781403333449457,-1.0121642044574017,-0.2803046663457359,0.0,-0.02597548640326064,-0.7048452199749136,0.0,0.0,1.0,698.7562176157269,0.0,-0.14037445304549245,689.7607421558456,0.0273972602739726,0.18532049076085383,8.995475459881277,-0.0273972602739726,-0.3256949438063463,0.3063203393950824,0.6936796606049176,0.4983586373515975,1.0,0.4983586373515975,0.5016413626484024,,,,0.4983586373515975,-0.006565474177485469,,,False,0.4983586373515975,fpi_fallback
401858245,2026,259,221,Virginia Tech,Pittsburgh,ACC,ACC,True,False,-0.8537529480057401,-0.39187316722569804,-0.14500182435798264,-0.434664011041659,-0.15274210746211858,0.0,0.0,-1.0330145543777325,0.0,0.0,1.0,941.2491041062212,0.19318181818181818,0.018920152232701312,901.0402708557126,0.12643678160919541,0.25090656933998107,40.20883325050863,0.06674503657262276,-0.23198641710727974,0.430847651586924,0.569152348413076,0.5856627911976021,1.0,0.5856627911976021,0.4143372088023979,,,,0.5856627911976021,0.34606402600036745,,,False,0.5856627911976021,fpi_fallback
401871050,2026,48,2335,Delaware,Liberty,CUSA,CUSA,True,False,-0.03326496855800542,0.04628508770817612,0.1984205333191173,-0.15816556129948206,0.08038515845415539,0.0,-1.5040773967762742,0.752939129455874,0.0,0.0,1.0,501.88099863363584,0.0,-0.18026586032236394,667.6595182095873,0.0,-0.2131392383873019,-165.77851957595146,0.0,0.03287337806493795,0.4969338076123669,0.5030661923876332,0.5965400831835177,1.0,0.5965400831835177,0.4034599168164823,,,,0.5965400831835177,0.39106929253958267,,,False,0.5965400831835177,fpi_fallback
401858476,2026,77,213,Northwestern,Penn State,Big Ten,Big Ten,True,False,-0.9931200532386151,-0.16495080663946668,-0.09494461947976096,-0.48563036404612553,-0.08757691847166693,0.0,-0.025708356710206992,0.8160701264156205,0.0,0.0,1.0,799.4019028452823,0.047619047619047616,0.045966842685715825,1093.5859854781434,0.40816326530612246,0.2572674566411734,-294.1840826328611,-0.36054421768707484,-0.21130061395545757,0.27894213968202475,0.7210578603179753,0.26153988656477417,1.0,0.26153988656477417,0.7384601134352258,,,,0.26153988656477417,-1.0379802885115061,,,False,0.26153988656477417,fpi_fallback
401856705,2026,61,238,Georgia,Vanderbilt,SEC,SEC,True,False,0.9428438000146616,0.10218642620858942,0.060640480598822766,0.219627492266881,0.1202258306443742,0.0,0.05571060701400565,-0.9193695404351274,0.0,0.0,1.0,1454.7175340466702,0.7304347826086957,0.32936276416267773,898.5992310035647,0.10588235294117647,0.2747700076748849,556.1183030431055,0.6245524296675192,0.054592756487792826,0.8595334208587798,0.14046657914122018,0.8747114366614894,1.0,0.8747114366614894,0.12528856333851057,,,,0.8747114366614894,1.9432744617909257,,,False,0.8747114366614894,fpi_fallback
401856707,2026,344,333,Mississippi State,Alabama,SEC,SEC,True,False,-1.6608974333806168,-0.3702904320120205,-0.22210016703896474,-0.6110340312955918,-0.2755764107139575,0.0,-0.060624621816434576,0.3019883619613461,0.0,0.0,1.0,1004.9310140506045,0.11570247933884298,0.08344340967405131,1451.3911057034413,0.6160714285714286,0.3317978703457419,-446.4600916528368,-0.5003689492325856,-0.24835446067169056,0.2094430110437693,0.7905569889562307,0.19243914765154224,1.0,0.19243914765154224,0.8075608523484578,,,,0.19243914765154224,-1.4342384235461982,,,False,0.19243914765154224,fpi_fallback
401856708,2026,142,57,Missouri,Florida,SEC,SEC,True,False,0.5975512640739135,0.2848943514316219,0.0439951299987581,0.43036828586492604,0.1283610221761221,0.0,0.020619287202735315,0.32406529442818965,0.0,0.0,1.0,991.2097296268986,0.2823529411764706,0.29316690406481605,1249.4645927399758,0.5824175824175825,0.13931393188132907,-258.25486311307725,-0.3000646412411119,0.15385297218348698,0.5545270222827309,0.4454729777172691,0.5292200902359008,1.0,0.5292200902359008,0.4707799097640992,,,,0.5292200902359008,0.11701369300195999,,,False,0.5292200902359008,fpi_fallback
401856709,2026,2579,96,South Carolina,Kentucky,SEC,SEC,True,False,0.22805204603026596,0.3841664028362624,-0.056374901520409026,0.32679944934071736,-7.167676982322568e-05,0.0,0.0051948168771041026,-0.6214361112034044,0.0,0.0,1.0,1150.3785478252003,0.4444444444444444,0.08932890748859423,957.2511978283744,0.19148936170212766,0.12743784412898232,193.12734999682584,0.25295508274231676,-0.038108936640388086,0.6995083539844632,0.3004916460155368,0.7180130634621625,1.0,0.7180130634621625,0.28198693653783746,,,,0.7180130634621625,0.9346270175885074,,,False,0.7180130634621625,fpi_fallback
401856710,2026,2633,2,Tennessee,Auburn,SEC,SEC,True,False,0.7531551572158378,-0.04021449938032763,0.06001614686921625,0.22124373169496153,0.13867808269319643,0.0,-0.005141399500418586,-0.3214502738230635,0.0,0.0,1.0,1252.305283860725,0.46153846153846156,0.22869558366290296,1126.5988176305864,0.3917525773195876,0.2366688125705948,125.70646623013863,0.06978588421887394,-0.007973228907691837,0.6499579212342883,0.3500420787657117,0.6428651931038563,1.0,0.6428651931038563,0.35713480689614374,,,,0.6428651931038563,0.5878217283745533,,,False,0.6428651931038563,fpi_fallback
401856711,2026,245,8,Texas A&M,Arkansas,SEC,SEC,True,False,1.3352071798520433,0.6376616589521271,0.28978200174747315,0.6163485223731069,0.32691494730681336,0.0,0.0051948168771041026,1.0095809296414109,0.0,0.0,1.0,1292.7928128569013,0.7078651685393258,0.42460359407589965,923.2652086614927,0.15053763440860216,0.12034445408518966,369.52760419540857,0.5573275341307237,0.30425913999070997,0.9012006114655742,0.09879938853442582,0.8718404259109955,1.0,0.8718404259109955,0.12815957408900447,,,,0.8718404259109955,1.9173302493153774,,,False,0.8718404259109955,fpi_fallback
401856807,2026,2305,2393,Kansas,Middle Tennessee,Big 12,CUSA,False,False,1.0010429311451094,-0.13252106236632358,-0.1043234958478127,0.32844480279267885,0.0574408565784032,0.0,0.0,-0.2527317135606563,0.0,0.0,1.0,728.3803919337098,0.043478260869565216,0.0987177593152587,719.367146484565,0.0,-0.20674295963406975,9.013245449144847,0.043478260869565216,0.30546071894932847,0.7460969054416278,0.25390309455837223,0.9053559726238903,1.0,0.9053559726238903,0.09464402737610966,,,,0.9053559726238903,2.2582054328206347,,,False,0.9053559726238903,fpi_fallback
401856817,2026,9,239,Arizona State,Baylor,Big 12,Big 12,True,False,0.48435501053039387,0.27309653379261517,0.11699049716694399,0.1605396775326402,0.11783743582930084,0.0,-0.020943173845243024,0.21016707025351708,0.0,0.0,1.0,896.2395405052043,0.1,0.2419786272205886,904.775063495865,0.15853658536585366,0.10111100596041074,-8.535522990660638,-0.058536585365853655,0.14086762126017788,0.6390146224088519,0.3609853775911481,0.5196333750603739,1.0,0.5196333750603739,0.4803666249396261,,,,0.5196333750603739,0.07857390064023037,,,False,0.5196333750603739,fpi_fallback
401856818,2026,2628,252,TCU,BYU,Big 12,Big 12,True,False,-0.3423504222142833,-0.030098705812175726,-0.00790105312895606,-0.1253119815914949,-0.06940516167179389,0.0,-0.005115100666770012,-0.2438096852685021,0.0,0.0,1.0,977.9587547112536,0.19,0.17568122172595302,966.2180287324254,0.12871287128712872,0.23853588239442264,11.740725978828209,0.061287128712871286,-0.06285466066846962,0.5343568630652817,0.46564313693471826,0.3891216741868206,1.0,0.3891216741868206,0.6108783258131794,,,,0.3891216741868206,-0.45100571809533796,,,False,0.3891216741868206,fpi_fallback
401856819,2026,248,2116,Houston,UCF,Big 12,Big 12,True,False,0.49131946498110435,0.46203468576770584,0.23217095751590422,0.1761500117397054,0.19245036634967455,0.0,-0.015584731016698328,0.7797818119723297,0.0,0.0,1.0,866.7900327400409,0.12162162162162163,0.09223461283714135,765.5801937114245,0.0958904109589041,0.019875527945627768,101.20983902861644,0.025731210662717524,0.07235908489151358,0.6632020268028193,0.33679797319718074,0.6888255085103562,1.0,0.6888255085103562,0.3111744914896438,,,,0.6888255085103562,0.7946341649653477,,,False,0.6888255085103562,fpi_fallback
401856820,2026,12,2132,Arizona,Cincinnati,Big 12,Big 12,True,False,0.49606037670117076,0.6904970446041203,0.215327514919728,0.38290336137790276,0.12764521213773294,0.0,-0.020943173845243024,0.6412302560763397,0.0,0.0,1.0,926.0198278993089,0.13592233009708737,0.23622595907028177,779.5136409431768,0.0379746835443038,0.10844840832140853,146.50618695613207,0.09794764655278357,0.12777755074887323,0.7362643426321273,0.26373565736787274,0.6354898022921346,1.0,0.6354898022921346,0.3645101977078654,,,,0.6354898022921346,0.5558415154455107,,,False,0.6354898022921346,fpi_fallback
401856821,2026,38,2641,Colorado,Texas Tech,Big 12,Big 12,True,False,-1.6765181483170364,-1.2999127158451036,-0.32301130229863856,-1.27626909777794,-0.30903376725948073,0.0,-0.02597548640326064,-1.6591168773925005,0.0,0.0,1.0,861.702384575236,0.15714285714285714,-0.03556014101794508,1052.4682043539133,0.25,0.42462074344422895,-190.76581977867727,-0.09285714285714286,-0.46018088446217403,0.1923610744857618,0.8076389255142382,0.20206223848993635,1.0,0.20206223848993635,0.7979377615100637,,,,0.20206223848993635,-1.3734548400320576,,,False,0.20206223848993635,fpi_fallback
401856822,2026,66,277,Iowa State,West Virginia,Big 12,Big 12,True,False,0.8827749507055228,0.7831206457530292,0.21089401800617902,0.685674599653456,0.19476737854779513,0.0,0.020726130517116914,0.29206740705820494,0.0,0.0,1.0,861.4912999357202,0.0673076923076923,0.16375126279945085,911.6964337971962,0.06349206349206349,0.006903702757038735,-50.20513386147593,0.003815628815628816,0.15684756004241213,0.7078137680497883,0.29218623195021165,0.5359421121871139,1.0,0.5359421121871139,0.46405788781288615,,,,0.5359421121871139,0.14401685292548966,,,False,0.5359421121871139,fpi_fallback
401858246,2026,2567,103,SMU,Boston College,ACC,ACC,True,False,1.6363492483921709,0.674906074042238,0.24739859578201578,0.8498578042052375,0.2936513227965335,0.0,0.015345569674660275,0.53428648974613,0.0,0.0,1.0,874.0415949819652,0.1625,0.2315533960010078,809.9006532485765,0.060240963855421686,-0.10883366875047422,64.14094173338867,0.10225903614457832,0.340387064751482,0.8325156239871939,0.16748437601280608,0.8487070331556221,1.0,0.8487070331556221,0.15129296684437787,,,,0.8487070331556221,1.724495919037939,,,False,0.8487070331556221,fpi_fallback
401858248,2026,152,97,NC State,Louisville,ACC,ACC,True,False,-0.42392930286552655,0.028862567403333435,0.03884662128101368,-0.22005292807133905,-0.04182164418597267,0.0,-0.005115100666770012,0.25596160100338466,0.0,0.0,1.0,940.0143298590317,0.12244897959183673,0.20064371785902324,810.6120157818036,0.15492957746478872,0.24901211463090583,129.40231407722808,-0.03248059787295199,-0.048368396771882594,0.5585397506748029,0.4414602493251971,0.41518545027192943,1.0,0.41518545027192943,0.5848145497280706,,,,0.41518545027192943,-0.34256949942202863,,,False,0.41518545027192943,fpi_fallback
401858249,2026,228,2390,Clemson,Miami,ACC,ACC,True,False,-0.6386649996525307,-0.09671503374090437,-0.0693474602000429,-0.28968407633461285,-0.10606958150654566,0.0,0.03000225030379866,-0.9696014390805681,0.0,0.0,1.0,1162.6283334023117,0.4827586206896552,0.13696508014615622,1262.9288503196244,0.5233644859813084,0.4940492419545948,-100.30051691731273,-0.040605865291653165,-0.3570841618084386,0.3403436632194907,0.6596563367805093,0.3483827481805013,1.0,0.32303360737293396,0.676966392627066,7.0,55.5,core_odds_api,0.3483827481805013,-0.6261556259914847,-7.0,0.32303360737293396,True,0.3483827481805013,fpi_market
401858250,2026,153,87,North Carolina,Notre Dame,ACC,FBS Indep.,False,False,-2.0633710796827405,-1.4148023271679127,-0.3859449597894365,-1.2910059352537424,-0.35561609782909637,0.0,-0.010204170174241689,-0.37462054653315136,0.0,0.0,1.0,964.9357928955131,0.15447154471544716,-0.03466205245877597,1331.2910121386622,0.6538461538461539,0.5226843609885897,-366.355219243149,-0.4993746091307067,-0.5573464134473657,0.12111101052510276,0.8788889894748972,0.12419022394320998,1.0,0.07310800597115233,0.9268919940288477,23.5,55.5,core_odds_api,0.12419022394320998,-1.9533344625467495,-23.5,0.07310800597115233,True,0.12419022394320998,fpi_market
401858251,2026,154,24,Wake Forest,Stanford,ACC,ACC,True,False,0.8570914376051132,0.6471632765791437,0.21063320805785324,0.6442856653823225,0.1972046563232941,0.0,0.0,0.42157394895473316,0.0,0.0,1.0,817.8332426208597,0.031578947368421054,0.2101442248687073,892.6689042414988,0.09574468085106383,0.018158436641050876,-74.83566162063914,-0.06416573348264278,0.1919857882276564,0.6995505646923939,0.30044943530760615,0.7264464218787654,1.0,0.7264464218787654,0.2735535781212346,,,,0.7264464218787654,0.9766672312733745,,,False,0.7264464218787654,fpi_fallback
401858253,2026,52,258,Florida State,Virginia,ACC,ACC,True,False,-0.5823852139607744,-0.2814831321549082,-0.23448468356325258,-0.1451126852980396,-0.20100249318440588,0.0,0.020619287202735315,-0.9864567061299863,0.0,0.0,1.0,1140.327181629477,0.3627450980392157,0.27952505542872025,681.7851759026536,0.0,0.19059254374581175,458.5420057268235,0.3627450980392157,0.0889325116829085,0.788054792299608,0.21194520770039205,0.6024133592818408,1.0,0.6024133592818408,0.3975866407181592,,,,0.6024133592818408,0.4155309785879566,,,False,0.6024133592818408,fpi_fallback
401858472,2026,356,2509,Illinois,Purdue,Big Ten,Big Ten,True,False,1.5142840106517224,1.0448381287827533,0.3691964891185528,1.0155519045421304,0.3746035205481935,0.0,0.015831465216680662,0.13207420986826038,0.0,0.0,1.0,917.6907070888561,0.0782608695652174,0.16675780417854352,799.8384609517241,0.05434782608695652,-0.07843402148142234,117.85224613713206,0.023913043478260877,0.24519182565996586,0.8260083694595546,0.17399163054044542,0.7372721514573995,1.0,0.7372721514573995,0.26272784854260045,,,,0.7372721514573995,1.031838393313213,,,False,0.7372721514573995,fpi_fallback
401858473,2026,2294,194,Iowa,Ohio State,Big Ten,Big Ten,True,False,-0.8820445575048848,-0.11205987706196373,0.08342179218420165,-0.44887326146022666,-0.07751313585510966,0.0,-0.02030526616074546,0.3352130114177749,0.0,0.0,1.0,987.4538325581303,0.19607843137254902,0.26940787108696074,1367.1424727059755,0.6039603960396039,0.5199884434427365,-379.68864014784515,-0.40788196466705495,-0.2505805723557758,0.2448557283584415,0.7551442716415585,0.16074446753235694,1.0,0.16074446753235694,0.8392555324676431,,,,0.16074446753235694,-1.65269928206479,,,False,0.16074446753235694,fpi_fallback
401858474,2026,135,130,Minnesota,Michigan,Big Ten,Big Ten,True,False,-0.4939942869997139,-0.10054911484716701,0.05153699222259944,-0.2667960213684291,-0.04210055676023505,0.0,-0.015584731016698328,0.2026676605178909,0.0,0.0,1.0,945.3401948206013,0.12264150943396226,-0.01770528059758985,1235.613791698029,0.51,0.23626313954224643,-290.27359687742774,-0.38735849056603777,-0.2539684201398363,0.28542309310622627,0.7145769068937737,0.20561959217309156,1.0,0.20561959217309156,0.7943804078269084,,,,0.20561959217309156,-1.35153462785884,,,False,0.20561959217309156,fpi_fallback
401858475,2026,158,120,Nebraska,Maryland,Big Ten,Big Ten,True,False,0.467504991104463,0.10654242352807948,0.10873827602946118,0.26251035178482784,0.12426079484581981,0.0,0.03158157205029877,0.15430878437752882,0.0,0.0,1.0,1029.4228879195155,0.26262626262626265,0.04624983446854084,934.2453153712663,0.11702127659574468,-0.04044552211638594,95.17757254824915,0.14560498603051797,0.08669535658492677,0.6942098805190361,0.3057901194809639,0.7488751353210097,1.0,0.7488751353210097,0.2511248646789903,,,,0.7488751353210097,1.0926219768273533,,,False,0.7488751353210097,fpi_fallback
401858478,2026,30,264,USC,Washington,Big Ten,Big Ten,True,False,-0.0780829986755225,-0.3627696908031387,-0.055971412784106,-0.1307721131933865,-0.009327814127926937,0.0,0.0103093696588612,0.019057723145024283,0.0,0.0,1.0,1275.9325614814477,0.4727272727272727,0.3017096492006037,1043.8640373572212,0.27,0.33176080575933187,232.06852412422654,0.2027272727272727,-0.030051156558728143,0.6502017213410158,0.34979827865898416,0.7340804304371839,1.0,0.7340804304371839,0.26591956956281615,,,,0.7340804304371839,1.0154247078694985,,,False,0.7340804304371839,fpi_fallback
401858479,2026,275,127,Wisconsin,Michigan State,Big Ten,Big Ten,True,False,0.2669242891723593,-0.11906189604628471,0.01628372757882479,-0.0031029343164494477,0.017301579040791326,0.0,0.015584731016698328,-0.122132646579214,0.0,0.0,1.0,907.0388207801798,0.2111111111111111,0.06697475666311872,936.667144135479,0.14444444444444443,0.03342503768153286,-29.628323355299244,0.06666666666666668,0.03354971898158586,0.5792904123379008,0.4207095876620992,0.6781278274460047,1.0,0.6781278274460047,0.32187217255399525,,,,0.6781278274460047,0.7451813191446099,,,False,0.6781278274460047,fpi_fallback
401862787,2026,2429,235,Charlotte,Memphis,American,American,True,False,-1.9164371544402001,-0.8670517337337349,-0.14282890048326224,-1.2405375505669711,-0.28015381402120076,0.0,-0.4339275727719256,-0.09522591984635027,0.0,0.0,1.0,677.7973197292208,0.0,-0.254936540932452,811.1368939946184,0.018867924528301886,0.14052798652883336,-133.33957426539757,-0.018867924528301886,-0.39546452746128535,0.22883988534723718,0.7711601146527628,0.25416400631635716,1.0,0.25416400631635716,0.7458359936836428,,,,0.25416400631635716,-1.076525975618034,,,False,0.25416400631635716,fpi_fallback
401862788,2026,242,2636,Rice,UTSA,American,American,True,False,-1.1682744655350439,-1.439498887335676,-0.2125306298084626,-1.0792102482412276,-0.16429652126470518,0.0,0.09952959534703343,-0.07611817869192464,0.0,0.0,1.0,724.7183407942623,0.0,-0.21833410646060722,413.2363130808404,0.0,0.08883544728224549,311.4820277134219,0.0,-0.3071695537428527,0.40302755829251646,0.5969724417074835,0.3552406914101034,1.0,0.3552406914101034,0.6447593085898966,,,,0.3552406914101034,-0.5960815184688093,,,False,0.3552406914101034,fpi_fallback
401862792,2026,58,218,South Florida,Temple,American,American,True,False,1.1943016559471493,1.0819913996615849,0.1882184367087723,1.016228930366961,0.19954058924057994,0.0,0.01574835696813892,0.24485173471141933,0.0,0.0,1.0,800.075815711071,0.03333333333333333,0.20420438658719947,743.2158993608089,0.008771929824561403,-0.039767353742940235,56.8599163502621,0.02456140350877193,0.2439717403301397,0.8102849822465641,0.1897150177534359,0.7455347675947834,1.0,0.7455347675947834,0.25446523240521657,,,,0.7455347675947834,1.074937554446062,,,False,0.7455347675947834,fpi_fallback
401864514,2026,167,2638,New Mexico,UTEP,Mountain West,Mountain West,True,False,1.239343414342163,0.6164991016452503,0.3159110042111847,0.5278504712054188,0.291809447673508,0.0,0.005277057100843585,0.9632659244739534,0.0,0.0,1.0,607.7200445489912,0.0,-0.027256250774157314,777.8648844149413,0.0,-0.26645623566896376,-170.1448398659502,0.0,0.23919998489480646,0.6792608698067782,0.32073913019322176,0.8387835418882171,1.0,0.8387835418882171,0.16121645811178287,,,,0.8387835418882171,1.6492047554864517,,,False,0.8387835418882171,fpi_fallback
401866430,2026,2117,2006,Central Michigan,Akron,MAC,MAC,True,False,0.4122237435698207,-0.2064310924252899,-0.07295421778493288,0.05161700877524839,0.021188270171506818,0.0,0.005305052229693352,0.17338083227439938,0.0,0.0,1.0,710.6104865694842,0.0,-0.16936787162657693,633.6115119466774,0.0,-0.3729704281556604,76.99897462280683,0.0,0.20360255652908346,0.689509576989317,0.31049042301068297,0.6667225772947452,1.0,0.6667225772947452,0.33327742270525484,,,,0.6667225772947452,0.6933987889383127,,,False,0.6667225772947452,fpi_fallback
401866431,2026,2050,2649,Ball State,Toledo,MAC,MAC,True,False,-1.4761224463964004,-1.1276883681654708,-0.20806964215344914,-1.2268300291318188,-0.21545527178455126,0.0,-0.021053409197832273,-0.3523200638581125,0.0,0.0,1.0,699.3573843826957,0.0,-0.4324979754700893,746.2577192210606,0.02531645569620253,0.08408466429112067,-46.90033483836487,-0.02531645569620253,-0.51658263976121,0.21709121672443205,0.7829087832755679,0.22259336250926365,1.0,0.22259336250926365,0.7774066374907364,,,,0.22259336250926365,-1.2506169360661994,,,False,0.22259336250926365,fpi_fallback
401866432,2026,2084,2711,Buffalo,Western Michigan,MAC,MAC,True,False,-0.6769815921706527,-0.7129314825359964,-0.33300867953606655,-0.36192791197513013,-0.18100491405911034,0.0,-0.015831465216680662,-1.1478683419719617,0.0,0.0,1.0,711.4279562027778,0.0,-0.2965654738374634,726.859170455014,0.0,-0.030280742089063867,-15.43121425223626,0.0,-0.2662847317483995,0.398354386231428,0.601645613768572,0.3894741374824479,1.0,0.3894741374824479,0.610525862517552,,,,0.3894741374824479,-0.4495231916681639,,,False,0.3894741374824479,fpi_fallback
401866433,2026,113,2199,Massachusetts,Eastern Michigan,MAC,MAC,True,False,-1.242641128732764,-1.0474343920245217,-0.2204862768496625,-0.936236264936763,-0.21380389069973943,0.0,-0.1426917620231869,-0.46926764171203106,0.0,0.0,1.0,580.0697737621826,0.0,-0.520773787951295,776.7626689614904,0.0,-0.22427512620379558,-196.6928951993077,0.0,-0.29649866174749945,0.2704119698333949,0.7295880301666051,0.49952347379268597,1.0,0.49952347379268597,0.5004765262073141,,,,0.49952347379268597,-0.0019061054063671057,,,False,0.49952347379268597,fpi_fallback
401866434,2026,2309,195,Kent State,Ohio,MAC,MAC,True,False,-1.8237092651083548,-0.5533802279078411,-0.16831242882496578,-1.0310071109193462,-0.2795885105939748,0.0,-0.026526754333428215,0.6766725934168949,0.0,0.0,1.0,709.4657050110235,0.012658227848101266,-0.3216129524444867,728.1091688566596,0.02666666666666667,-0.08827759141170993,-18.64346384563612,-0.014008438818565403,-0.23333536103277674,0.3293485663943267,0.6706514336056733,0.31276557132569527,1.0,0.31276557132569527,0.6872344286743047,,,,0.31276557132569527,-0.7872215328294767,,,False,0.31276557132569527,fpi_fallback
401866477,2026,193,189,Miami (OH),Bowling Green,MAC,MAC,True,False,0.6688110246255269,-0.04200940217129957,0.047126400641957444,0.18453662594948966,0.10878505429294666,0.0,0.005221943981151611,0.09587233741343199,0.0,0.0,1.0,722.3685503666973,0.0,-0.19534094449480896,721.2040197767335,0.0,-0.2229314178683267,1.1645305899637606,0.0,0.02759047337351775,0.6047367468179683,0.3952632531820317,0.7257092774420981,1.0,0.7257092774420981,0.2742907225579019,,,,0.7257092774420981,0.9729609152054395,,,False,0.7257092774420981,fpi_fallback
401869842,2026,2348,349,Louisiana Tech,Army,Sun Belt,American,False,False,-0.5381150793782581,-0.04748653619077075,0.04535249121161722,-0.07633487826977878,-0.039095892452932546,0.0,-0.010256500167188598,0.9528587810204908,0.0,0.0,1.0,726.6291678447327,0.0,-0.08608239221705838,586.599678950922,0.0,0.015280943267176026,140.0294888938107,0.0,-0.1013633354842344,0.5636755969466369,0.43632440305336306,0.46232009683940184,1.0,0.46232009683940184,0.5376799031605981,,,,0.46232009683940184,-0.15100590608216757,,,False,0.46232009683940184,fpi_fallback
401869932,2026,309,2032,Louisiana,Arkansas State,Sun Belt,Sun Belt,True,False,0.11149177387459985,-0.10543459203581652,-0.056875979016743905,0.030360630522671763,-0.03223642699213769,0.0,0.02040887163120697,-0.49211082082986424,0.0,0.0,1.0,716.1153761466188,0.0,-0.25325455386875345,798.8377398455441,0.0,-0.1622319327532929,-82.72236369892528,0.0,-0.09102262111546056,0.4994714338183872,0.5005285661816128,0.5884096338429103,1.0,0.5884096338429103,0.41159036615708966,,,,0.5884096338429103,0.3573947636937701,,,False,0.5884096338429103,fpi_fallback
401869942,2026,324,290,Coastal Carolina,Georgia Southern,Sun Belt,Sun Belt,True,False,-0.3098054615789147,-0.6256649094277005,-0.2212499538902452,-0.3759150200341437,-0.10474446959424133,0.0,-0.2789483924830263,-0.13707878008471425,0.0,0.0,1.0,724.5798270338563,0.0,-0.16852455319137516,791.051928599953,0.021739130434782608,-0.20901622803680373,-66.47210156609674,-0.021739130434782608,0.040491674845428566,0.5042150306907471,0.49578496930925287,0.4764030143191082,1.0,0.4764030143191082,0.5235969856808917,,,,0.4764030143191082,-0.09445811235995327,,,False,0.4764030143191082,fpi_fallback
401869956,2026,2247,295,Georgia State,Old Dominion,Sun Belt,Sun Belt,True,False,-1.7813664637180955,-1.191091243066804,-0.46127953945254296,-1.16351374188496,-0.39165702106717126,0.0,0.12095261041766303,-1.3341492310900367,0.0,0.0,1.0,759.1500550839612,0.010638297872340425,-0.2097643168708603,808.9583543532183,0.026785714285714284,0.16075646446324005,-49.80829926925708,-0.01614741641337386,-0.3705207813341004,0.2626997589139113,0.7373002410860887,0.29361989373076613,1.0,0.29361989373076613,0.7063801062692339,,,,0.29361989373076613,-0.877867434376697,,,False,0.29361989373076613,fpi_fallback
401869962,2026,256,276,James Madison,Marshall,Sun Belt,Sun Belt,True,False,1.1127593259090076,0.609552910981828,0.22980607651282037,0.6984271592535577,0.21020963368854495,0.0,-1.1407237740182365,0.9941148675508361,0.0,0.0,1.0,695.234106669023,0.01282051282051282,0.2328801287423507,654.0487112387665,0.0,-0.13359936891867347,41.18539543025656,0.01282051282051282,0.36647949766102417,0.8120341091711245,0.1879658908288755,0.7272243445219224,1.0,0.7272243445219224,0.2727756554780776,,,,0.7272243445219224,0.9805853368309063,,,False,0.7272243445219224,fpi_fallback
401871089,2026,6,2433,South Alabama,UL Monroe,Sun Belt,Sun Belt,True,False,0.8361108526723229,0.3879514883878092,0.19050728722246552,0.6098086304829391,0.1460496809880782,0.0,-0.1042037775300022,-0.3540960210262006,0.0,0.0,1.0,729.1418074253246,0.0,-0.1207121323726903,736.2526686071137,0.009433962264150943,-0.2673925024115139,-7.110861181789119,-0.009433962264150943,0.14668037003882362,0.7071660795310112,0.2928339204689888,0.7664838906158976,1.0,0.7664838906158976,0.2335161093841024,,,,0.7664838906158976,1.1885626156144808,,,False,0.7664838906158976,fpi_fallback
401858252,2026,41,183,UConn,Syracuse,FBS Indep.,ACC,False,False,0.7780367444297894,0.9263592622416308,0.3098513219479761,0.8265389635166537,0.23715056405732704,0.0,-0.05837200622190686,1.1591400749774539,0.0,0.0,1.0,615.5565845368845,0.0,-0.1529533590942646,915.4353213958169,0.08181818181818182,-0.0917346289034202,-299.87873685893237,-0.08181818181818182,-0.06121873019084441,0.5297474098289814,0.4702525901710186,0.3032639237632303,1.0,0.3032639237632303,0.6967360762367697,,,,0.3032639237632303,-0.8318032203894999,,,False,0.3032639237632303,fpi_fallback
401862791,2026,2005,2426,Air Force,Navy,Mountain West,American,False,False,-1.0825960317477938,-0.15310609290173122,-0.22473955772328352,-0.22006782491790725,-0.25273397322073055,0.0,-0.031252543504104224,-0.6340590325482413,0.0,0.0,1.0,693.3178165578591,0.0,-0.18539588287011458,513.2100047675495,0.0,0.1009917703659504,180.1078117903096,0.0,-0.28638765323606497,0.47747063493341374,0.5225293650665863,0.40506661081041756,1.0,0.40506661081041756,0.5949333891895825,,,,0.40506661081041756,-0.3843979236172991,,,False,0.40506661081041756,fpi_fallback
401858247,2026,2439,25,UNLV,California,Mountain West,ACC,False,False,0.7963682383515401,0.3410219188930221,0.05114772176476695,0.43848934288240027,0.12657440826537558,0.0,0.04167269640056759,0.06827010264721366,0.0,0.0,1.0,727.9148013639938,0.0,-0.013766461130807137,845.5299003506768,0.11392405063291139,-0.009139274462177608,-117.61509898668305,-0.11392405063291139,-0.004627186668629529,0.5649098091816046,0.4350901908183954,0.5892300587881789,1.0,0.5892300587881789,0.4107699412118211,,,,0.5892300587881789,0.36078339552731076,,,False,0.5892300587881789,fpi_fallback
401862793,2026,5,2535,UAB,Samford,American,,False,False,-0.32774040683014616,0.34932203767563585,0.055047595685838,0.1097129631026378,-0.006765360090566441,1.0,2.1795250002368185,-0.042942067733770274,0.0,0.0,1.0,643.9738980506007,0.015151515151515152,-0.08778240478416661,269.06957889367965,0.0,,374.9043191569211,0.015151515151515152,,0.9126487088926425,0.08735129110735751,0.9126487088926425,0.0,0.9126487088926425,0.08735129110735751,,,,0.9126487088926425,2.346413223506081,,,False,0.9126487088926425,fpi_fallback
401864515,2026,2449,2751,North Dakota State,Wyoming,Mountain West,Mountain West,True,False,0.43842494681659216,0.31689493708133154,0.13178241438584032,0.246098425794421,0.09699439720496922,0.0,-3.044522437723423,0.22663701341466777,0.0,0.0,1.0,645.1896273252023,0.0,,755.9642701563448,0.0,-0.17052082000783303,-110.7746428311425,0.0,,0.5684470489267688,0.4315529510732312,0.6829164945552365,1.0,0.6829164945552365,0.3170835054447635,,,,0.6829164945552365,0.7672074260626258,,,False,0.6829164945552365,fpi_fallback
401860899,2026,36,204,Colorado State,Oregon State,Pac-12,Pac-12,True,False,-0.09298900030092228,-0.2429215181122633,-0.0607265380494727,-0.08944606724582473,-0.001394371181741183,0.0,-0.010638398205055744,0.029228099605738862,0.0,0.0,1.0,741.5832443465806,0.0,-0.18634317778833193,773.1288164683024,0.02247191011235955,-0.09009737589266646,-31.54557212172176,-0.02247191011235955,-0.09624580189566546,0.4966029230317633,0.5033970769682368,0.4534619826995162,1.0,0.4534619826995162,0.5465380173004838,,,,0.4534619826995162,-0.1866924350791455,,,False,0.4534619826995162,fpi_fallback
401862790,2026,2226,2640,Florida Atlantic,Texas Southern,American,,False,False,-0.15376316874328722,0.19863193630475504,-0.032590200083994714,0.3233431854314755,-0.02176945480350928,1.0,2.6132160984313715,0.0012007454953527486,0.0,0.0,1.0,708.5716649532192,0.013157894736842105,-0.057874346751056974,249.75749633223649,0.0,,458.8141686209827,0.013157894736842105,,0.9330191365458151,0.06698086345418486,0.9330191365458151,0.0,0.9330191365458151,0.06698086345418486,,,,0.9330191365458151,2.6340187528972323,,,False,0.9330191365458151,fpi_fallback
401860898,2026,68,328,Boise State,Utah State,Pac-12,Pac-12,True,False,0.9870897761609626,0.021665691620242893,0.1406644962904922,0.2680169631565464,0.1707835593367773,0.0,0.035809452696710764,-0.6224091784084771,0.0,0.0,1.0,848.8900053513655,0.02564102564102564,0.03026250522538966,734.3906244961368,0.0,-0.010083142412802261,114.49938085522876,0.02564102564102564,0.04034564763819192,0.6666000219968075,0.33339997800319254,0.8027097438509432,1.0,0.8027097438509432,0.19729025614905682,,,,0.8027097438509432,1.403317158065137,,,False,0.8027097438509432,fpi_fallback
401856706,2026,99,2377,LSU,McNeese,SEC,,False,False,1.06086204131866,0.6556521092471969,0.07044069297508565,0.6914712115761311,0.13138340768519963,1.0,2.4397862145075306,-0.2589430837361056,0.0,0.0,1.0,1272.669430225689,0.5098039215686274,0.18878088457719902,327.30206228420303,0.0,,945.367367941486,0.5098039215686274,,0.983602505777059,0.01639749422294101,0.983602505777059,0.0,0.983602505777059,0.01639749422294101,,,,0.983602505777059,4.094093326023495,,,False,0.983602505777059,fpi_fallback
401858477,2026,164,84,Rutgers,Indiana,Big Ten,Big Ten,True,False,-1.932246607249947,-1.2749651554702504,-0.38315681926784473,-1.3573464236325368,-0.36374719282059476,0.0,-0.0051948168771041026,-1.2915976668085887,0.0,0.0,1.0,974.5567623671036,0.1485148514851485,-0.007181304706549596,872.0069986162093,0.1,0.5357653254929933,102.54976375089427,0.0485148514851485,-0.5429466301995429,0.23904209256093484,0.7609579074390651,0.09958273938292518,1.0,0.09958273938292518,0.9004172606170748,,,,0.09958273938292518,-2.201869428588017,,,False,0.09958273938292518,fpi_fallback
401860921,2026,265,278,Washington State,Fresno State,Pac-12,Pac-12,True,False,-0.12691109889994096,-0.007682000105840192,-0.04808664594025702,-0.07084547756638811,-0.06782832669760963,0.0,-0.04189094170915997,-0.17625879439371603,0.0,0.0,1.0,767.2399461783762,0.007874015748031496,0.09226585663667623,742.5741700850772,0.0,-0.04443712518862564,24.665776093298973,0.007874015748031496,0.13670298182530188,0.6272415631414221,0.3727584368585779,0.5249703693073032,1.0,0.5249703693073032,0.47502963069269677,,,,0.5249703693073032,0.09996463908945752,,,False,0.5249703693073032,fpi_fallback
401860900,2026,21,326,San Diego State,Texas State,Pac-12,Pac-12,True,False,-0.14974277893490354,-0.3720559444567826,-0.11997205122981658,-0.21095582580140038,-0.032079689310320014,0.0,0.09790421498137114,0.8251944090556345,0.0,0.0,1.0,722.2374816700269,0.0,0.07918892213122844,730.9582650396574,0.0,-0.05944701182601658,-8.720783369630453,0.0,0.13863593395724502,0.5952897145677252,0.40471028543227483,0.704090738810915,1.0,0.704090738810915,0.295909261189085,,,,0.704090738810915,0.8668543809176893,,,False,0.704090738810915,fpi_fallback
401864513,2026,62,23,Hawai'i,San José State,Mountain West,Mountain West,True,False,0.765482934396116,0.8916239456948644,0.3046095762119175,0.558502931937117,0.21777444377470817,0.0,0.05103148001244584,1.4641102957148404,0.0,0.0,1.0,,,-0.10169282413193194,724.1630544316288,0.011235955056179775,-0.19911733164845075,,,0.09742450751651881,0.6979868570807022,0.3020131429192978,0.8214896486074483,1.0,0.8214896486074483,0.17851035139255167,,,,0.8214896486074483,1.5264727462653904,,,False,0.8214896486074483,fpi_fallback
401871090,2026,2653,2572,Troy,Southern Miss,Sun Belt,Sun Belt,True,False,0.7477287121136692,0.07306204811616449,0.06449820098498499,0.23502077063398477,0.09281104675938096,0.0,0.02051353983310289,-0.7477763563448571,0.0,0.0,1.0,776.4629635065345,0.0,-0.13824595035975623,741.0864815840933,0.0,-0.1422164493687413,35.376481922441144,0.0,0.003970499008985079,0.6140735788680017,0.38592642113199827,0.5051357145014586,1.0,0.5051357145014586,0.49486428549854145,,,,0.5051357145014586,0.020543580490841824,,,False,0.5051357145014586,fpi_fallback
401871051,2026,338,55,Kennesaw State,Jacksonville State,CUSA,CUSA,True,False,-0.4306630231115855,-0.23700411307281424,-0.0025315934222039926,-0.3208746051675533,-0.031998052323729875,0.0,-0.5596157879354231,1.1403402609019804,0.0,0.0,1.0,538.417781872682,0.0,-0.11035407025344204,675.3485562302653,0.0,-0.1740853325659812,-136.93077435758335,0.0,0.06373126231253914,0.49881417404281064,0.5011858259571893,0.5514672237028921,1.0,0.5514672237028921,0.44853277629710786,,,,0.5514672237028921,0.20660064710119824,,,False,0.5514672237028921,fpi_fallback
401871066,2026,2229,166,Florida International,New Mexico State,CUSA,CUSA,True,False,0.47427521296718395,0.32412028486383193,0.17322874676067174,0.3019797952772267,0.12499653210553496,0.0,0.010752791776262427,0.5706630661850204,0.0,0.0,1.0,433.8089100421115,0.0,-0.16334506454494596,642.1178364084459,0.0,-0.20796966182041543,-208.3089263663344,0.0,0.04462459727546947,0.5498314721828201,0.45016852781717986,0.6446622841038467,1.0,0.6446622841038467,0.35533771589615326,,,,0.6446622841038467,0.5956579394896162,,,False,0.6446622841038467,fpi_fallback
401870766,2026,2335,2534,Liberty,Sam Houston,CUSA,CUSA,True,False,0.7369719469073129,0.6514688239342286,-0.02087323327118168,0.667790205662645,0.042908945773899365,0.0,0.8319836254141615,0.2627141446268706,0.0,0.0,1.0,667.6595182095873,0.0,-0.2131392383873019,638.9854759578275,0.0,-0.4540565745975952,28.67404225175983,0.0,0.2409173362102933,0.7623217857001449,0.23767821429985514,0.8013983959017078,1.0,0.8013983959017078,0.1986016040982922,,,,0.8013983959017078,1.3950573679708818,,,False,0.8013983959017078,fpi_fallback
401871052,2026,98,2623,Western Kentucky,Missouri State,CUSA,CUSA,True,False,0.6422582696966948,0.2671685793042843,0.11732019097445218,0.3296445833131075,0.1078988593363508,0.0,1.8325814637483098,-0.0048342472265835565,0.0,0.0,1.0,673.5953239504531,0.0,-0.08552767474658443,523.8358831187666,0.0,-0.16300112984699,149.75944083168656,0.0,0.07747345510040557,0.6988163738027454,0.3011836261972546,0.6976526677464737,1.0,0.6976526677464737,0.3023473322535263,,,,0.6976526677464737,0.8361449049262243,,,False,0.6976526677464737,fpi_fallback
401862794,2026,2636,58,UTSA,South Florida,American,American,True,False,-0.08123433223574239,-0.10039524522614185,0.026752055591358515,-0.23191346225711637,-0.023914586753743472,0.0,-0.11000089521432876,-0.7445769252408059,0.0,0.0,1.0,413.2363130808404,0.0,0.08883544728224549,800.075815711071,0.03333333333333333,0.20420438658719947,-386.8395026302306,-0.03333333333333333,-0.11536893930495398,0.3471372445929711,0.652862755407029,0.4508913019067868,1.0,0.4508913019067868,0.5491086980932132,,,,0.4508913019067868,-0.19707012006936447,,,False,0.4508913019067868,fpi_fallback
401869933,2026,2032,6,Arkansas State,South Alabama,Sun Belt,Sun Belt,True,False,0.13280896242443077,0.20011786689290909,0.1256676148059807,-0.05182887682918732,0.1012007700935254,0.0,0.11456656456554892,0.6631140714278467,0.0,0.0,1.0,798.8377398455441,0.0,-0.1622319327532929,729.1418074253246,0.0,-0.1207121323726903,69.69593242021949,0.0,-0.0415198003806026,0.5671307559877145,0.43286924401228555,0.6012460808273219,1.0,0.6012460808273219,0.3987539191726781,,,,0.6012460808273219,0.41065982032724146,,,False,0.6012460808273219,fpi_fallback
401858254,2026,97,52,Louisville,Florida State,ACC,ACC,True,False,0.9682497737201242,0.2888217862021684,0.19079473467109465,0.2817626818098453,0.19756269988373987,0.0,0.0,0.06077153763555998,0.0,0.0,1.0,810.6120157818036,0.15492957746478872,0.24901211463090583,1140.327181629477,0.3627450980392157,0.27952505542872025,-329.71516584767346,-0.20781552057442695,-0.030512940797814414,0.44070944873248413,0.5592905512675159,0.5693090498849885,1.0,0.5693090498849885,0.43069095011501146,,,,0.5693090498849885,0.27903265254313614,,,False,0.5693090498849885,fpi_fallback
401858487,2026,264,2294,Washington,Iowa,Big Ten,Big Ten,True,False,-0.09127819402722252,0.14678140774268947,-0.05549140384669793,-0.010424754531915983,-0.034033866751610464,0.0,-0.0103093696588612,0.02887907771652408,0.0,0.0,1.0,1043.8640373572212,0.27,0.33176080575933187,987.4538325581303,0.19607843137254902,0.26940787108696074,56.41020479909082,0.073921568627451,0.06235293467237113,0.624117313514279,0.375882686485721,0.5481384354088844,1.0,0.5481384354088844,0.4518615645911156,,,,0.5481384354088844,0.19315201451183284,,,False,0.5481384354088844,fpi_fallback
401860922,2026,328,265,Utah State,Washington State,Pac-12,Pac-12,True,False,-0.5545475471004374,-0.3536231093673933,-0.1621944913278231,-0.20188175726776691,-0.08537020092292474,0.0,0.026386755173194665,0.09615314558149066,0.0,0.0,1.0,734.3906244961368,0.0,-0.010083142412802261,767.2399461783762,0.007874015748031496,0.09226585663667623,-32.849321682239406,-0.007874015748031496,-0.1023489990494785,0.4801952865851459,0.5198047134148541,0.49594961461374687,1.0,0.49594961461374687,0.5040503853862531,,,,0.49594961461374687,-0.01620189595411734,,,False,0.49594961461374687,fpi_fallback
401864519,2026,23,2751,San José State,Wyoming,Mountain West,Mountain West,True,False,-0.026943766260988013,-0.3336708756828832,-0.010952479533480275,-0.17882541634595897,-0.00452518193386342,0.0,0.01052641298698731,-0.5664483268353138,0.0,0.0,1.0,724.1630544316288,0.011235955056179775,-0.19911733164845075,755.9642701563448,0.0,-0.17052082000783303,-31.80121572471603,0.011235955056179775,-0.028596511640617717,0.5186283104804994,0.4813716895195006,0.5339135885838615,1.0,0.5339135885838615,0.4660864114161385,,,,0.5339135885838615,0.13586295757603176,,,False,0.5339135885838615,fpi_fallback
401856826,2026,252,66,BYU,Iowa State,Big 12,Big 12,True,False,0.5187112992513084,-0.07600771604588193,0.03967433804404741,0.0904537074429025,0.0894052193283682,0.0,0.005115100666770012,0.42145239467759665,0.0,0.0,1.0,966.2180287324254,0.12871287128712872,0.23853588239442264,861.4912999357202,0.0673076923076923,0.16375126279945085,104.72672879670517,0.06140517897943641,0.07478461959497179,0.658974583270625,0.34102541672937503,0.8525149752555037,1.0,0.8525149752555037,0.14748502474449632,,,,0.8525149752555037,1.7544641318158154,,,False,0.8525149752555037,fpi_fallback
401856712,2026,333,61,Alabama,Georgia,SEC,SEC,True,False,-0.4967239739934712,-0.5415895438778681,-0.10170703592527708,-0.31199920964450023,-0.09194634024722104,0.0,0.004914014802428923,-0.1775670821116478,0.0,0.0,1.0,1451.3911057034413,0.6160714285714286,0.3317978703457419,1454.7175340466702,0.7304347826086957,0.32936276416267773,-3.3264283432288266,-0.11436335403726705,0.0024351061830641396,0.5067782309416702,0.4932217690583298,0.4417326139794159,1.0,0.4307769609575062,0.5692230390424937,3.0,51.5,core_odds_api,0.4417326139794159,-0.23413328074871842,-3.0,0.4307769609575062,True,0.4417326139794159,fpi_market
401856713,2026,8,2633,Arkansas,Tennessee,SEC,SEC,True,False,-1.0743694449733403,-0.46187999865941126,-0.2108827209774899,-0.5528459511075356,-0.2535834891028228,0.0,-0.010362787035546717,-0.22817216762865883,0.0,0.0,1.0,923.2652086614927,0.15053763440860216,0.12034445408518966,1252.305283860725,0.46153846153846156,0.22869558366290296,-329.0400751992323,-0.31100082712985944,-0.1083511295777133,0.30073051653094385,0.6992694834690562,0.2964390440797573,1.0,0.2964390440797573,0.7035609559202427,,,,0.2964390440797573,-0.8643129070425332,,,False,0.2964390440797573,fpi_fallback
401856714,2026,57,2579,Florida,South Carolina,SEC,SEC,True,False,-0.04340606130923106,-0.23014649808075746,0.052816876217103126,-0.2247129117933435,0.009492805877364785,0.0,-0.0051948168771041026,0.04624379343397777,0.0,0.0,1.0,1249.4645927399758,0.5824175824175825,0.13931393188132907,1150.3785478252003,0.4444444444444444,0.08932890748859423,99.08604491477558,0.13797313797313804,0.049985024392734834,0.6141832077265086,0.3858167922734914,0.6139950484456534,1.0,0.6139950484456534,0.38600495155434655,,,,0.6139950484456534,0.464136666450309,,,False,0.6139950484456534,fpi_fallback
401856715,2026,96,99,Kentucky,LSU,SEC,SEC,True,False,-0.6432565487715352,-0.26299482358746257,0.0036479836995311765,-0.3091036392346119,-0.09090786736466505,0.0,-0.015504186535965303,0.41501502890883557,0.0,0.0,1.0,957.2511978283744,0.19148936170212766,0.12743784412898232,1272.669430225689,0.5098039215686274,0.18878088457719902,-315.41823239731457,-0.31831455986649976,-0.0613430404482167,0.34670850934447606,0.6532914906555239,0.21610219255873742,1.0,0.21610219255873742,0.7838978074412626,,,,0.21610219255873742,-1.2885272547039384,,,False,0.21610219255873742,fpi_fallback
401856716,2026,142,245,Missouri,Texas A&M,SEC,SEC,True,False,-0.35372297136193537,-0.2316997375147789,-0.07506904079583088,-0.1556268965715952,-0.0710323685794535,0.0,0.015424470325631212,-0.7251450737874643,0.0,0.0,1.0,991.2097296268986,0.2823529411764706,0.29316690406481605,1292.7928128569013,0.7078651685393258,0.42460359407589965,-301.58308323000267,-0.4255122273628552,-0.1314366900110836,0.33071652812452057,0.6692834718754794,0.36272141024021964,1.0,0.36272141024021964,0.6372785897597804,,,,0.36272141024021964,-0.5635718318157757,,,False,0.36272141024021964,fpi_fallback
401856718,2026,238,145,Vanderbilt,Ole Miss,SEC,SEC,True,False,-0.8133731339758037,-0.11043748252230141,-0.05625574902100816,-0.29822783641221584,-0.11722593737448994,0.0,-0.015504186535965303,0.7745303573497335,0.0,0.0,1.0,898.5992310035647,0.10588235294117647,0.2747700076748849,1077.05919274244,0.41379310344827586,0.3643332453427581,-178.45996173887534,-0.3079107505070994,-0.08956323766787322,0.3823595853864044,0.6176404146135956,0.3819971725767737,1.0,0.3819971725767737,0.6180028274232263,,,,0.3819971725767737,-0.48107982561801366,,,False,0.3819971725767737,fpi_fallback
401856808,2026,9,62,Arizona State,Hawai'i,Big 12,Mountain West,False,False,0.3190467944173361,-0.2175961566964236,-0.1338693366824324,-0.03196327648091302,-0.024431192524952516,0.0,-0.06155789299943315,-0.8695067804437212,0.0,0.0,1.0,896.2395405052043,0.1,0.2419786272205886,,,-0.10169282413193194,,,0.34367145135252053,0.7221482071606113,0.27785179283938866,0.7349477218052164,1.0,0.7349477218052164,0.2650522781947836,,,,0.7349477218052164,1.0198722871510215,,,False,0.7349477218052164,fpi_fallback
401856823,2026,277,12,West Virginia,Arizona,Big 12,Big 12,True,False,-0.7943850128804297,-0.897622749562144,-0.1896655939218561,-0.7211265668986068,-0.16135336086402163,0.0,0.01052641298698731,-1.1617169777757976,0.0,0.0,1.0,911.6964337971962,0.06349206349206349,0.006903702757038735,926.0198278993089,0.13592233009708737,0.23622595907028177,-14.32339410211273,-0.07243026660502389,-0.22932225631324304,0.36056291780281097,0.6394370821971891,0.3841243442443378,1.0,0.3841243442443378,0.6158756557556622,,,,0.3841243442443378,-0.4720787723101706,,,False,0.3841243442443378,fpi_fallback
401856824,2026,197,2116,Oklahoma State,UCF,Big 12,Big 12,True,False,-0.7899199002936007,-0.2040539436692681,-0.1538166698087695,-0.5909082226168577,-0.1526125748583832,0.0,0.0,-0.7068165379505149,0.0,0.0,1.0,755.4882199001777,0.0,-0.18509401619573237,765.5801937114245,0.0958904109589041,0.019875527945627768,-10.091973811246817,-0.0958904109589041,-0.20496954414136015,0.38389689533477184,0.6161031046652281,0.5974572674657972,1.0,0.5974572674657972,0.4025427325342028,,,,0.5974572674657972,0.3948815033523165,,,False,0.5974572674657972,fpi_fallback
401856825,2026,2306,248,Kansas State,Houston,Big 12,Big 12,True,False,0.2923541603407557,0.03321320163505716,-0.08025373755853271,0.14075617169840818,-0.05183370483105221,0.0,0.015584731016698328,-1.0481982376392012,0.0,0.0,1.0,908.4180140804283,0.07766990291262135,0.07624696545002964,866.7900327400409,0.12162162162162163,0.09223461283714135,41.62798134038735,-0.043951718709000276,-0.01598764738711171,0.5883873405639463,0.41161265943605374,0.5115669367569776,1.0,0.5115669367569776,0.4884330632430224,,,,0.5115669367569776,0.04627600347679321,,,False,0.5115669367569776,fpi_fallback
401856827,2026,254,2305,Utah,Kansas,Big 12,Big 12,True,False,1.1405868946361692,0.9883271335011946,0.36348974365408265,0.8029356310539699,0.245799117761972,0.0,0.005221943981151611,1.2461106536524584,0.0,0.0,1.0,941.3110117961028,0.15294117647058825,0.30485487985898047,728.3803919337098,0.043478260869565216,0.0987177593152587,212.93061986239297,0.10946291560102303,0.20613712054372177,0.8267340296694123,0.17326597033058766,0.7042230987384934,1.0,0.7042230987384934,0.2957769012615066,,,,0.7042230987384934,0.8674897493864774,,,False,0.7042230987384934,fpi_fallback
401858255,2026,59,150,Georgia Tech,Duke,ACC,ACC,True,False,-0.2732153665959436,-0.21008186452560443,-0.22316261823908373,-0.034769410399910584,-0.077925375045936,0.0,-0.010204170174241689,0.10279751458215287,0.0,0.0,1.0,968.9845275797574,0.14444444444444443,0.16709834133551948,835.443025727025,0.07692307692307693,0.1524012636603621,133.54150185273238,0.0675213675213675,0.014697077675157377,0.6276682297451088,0.37233177025489117,0.5823440955129858,1.0,0.5823440955129858,0.4176559044870142,,,,0.5823440955129858,0.3324036039214052,,,False,0.5823440955129858,fpi_fallback
401858256,2026,221,153,Pittsburgh,North Carolina,ACC,ACC,True,False,0.6821485091264889,0.23818705764860218,0.10346842646542509,0.34191516300086244,0.11915112576261383,0.0,0.005115100666770012,0.7492606548946946,0.0,0.0,1.0,901.0402708557126,0.12643678160919541,0.25090656933998107,964.9357928955131,0.15447154471544716,-0.03466205245877597,-63.89552203980054,-0.028034763106251748,0.285568621798757,0.7074090534598872,0.29259094654011275,0.6095433923523073,1.0,0.6095433923523073,0.39045660764769274,,,,0.6095433923523073,0.445393296621036,,,False,0.6095433923523073,fpi_fallback
401858258,2026,258,183,Virginia,Syracuse,ACC,ACC,True,False,0.9146220592365375,1.1265283038882268,0.33507697588821667,0.8007375436530066,0.2278358838568807,0.0,-0.010362787035546717,1.8484971047093472,0.0,0.0,1.0,681.7851759026536,0.0,0.19059254374581175,915.4353213958169,0.08181818181818182,-0.0917346289034202,-233.65014549316334,-0.08181818181818182,0.28232717264923196,0.6990869719244708,0.3009130280755292,0.766085626807323,1.0,0.766085626807323,0.23391437319267705,,,,0.766085626807323,1.1863388259737193,,,False,0.766085626807323,fpi_fallback
401858259,2026,25,259,California,Virginia Tech,ACC,ACC,True,False,0.37630879068140305,0.27633698812976676,0.1339900550422813,0.1396794617538093,0.11743617036799225,0.0,-0.04167269640056759,0.5687054801441582,0.0,0.0,1.0,845.5299003506768,0.11392405063291139,-0.009139274462177608,941.2491041062212,0.19318181818181818,0.018920152232701312,-95.71920375554441,-0.07925776754890679,-0.02805942669487892,0.5261615102853607,0.47383848971463927,0.3956606498315598,1.0,0.3956606498315598,0.6043393501684402,,,,0.3956606498315598,-0.4235789791926164,,,False,0.3956606498315598,fpi_fallback
401858260,2026,152,154,NC State,Wake Forest,ACC,ACC,True,False,0.23920004372527956,0.0224662824513203,0.005447709485479568,0.02096507958754081,-0.00042885746866427876,0.0,0.020726130517116914,-0.36677217518343697,0.0,0.0,1.0,940.0143298590317,0.12244897959183673,0.20064371785902324,817.8332426208597,0.031578947368421054,0.2101442248687073,122.18108723817204,0.09087003222341568,-0.00950050700968405,0.623819679364153,0.37618032063584705,0.5746236688084336,1.0,0.5746236688084336,0.42537633119156637,,,,0.5746236688084336,0.3007410752267574,,,False,0.5746236688084336,fpi_fallback
401858480,2026,127,356,Michigan State,Illinois,Big Ten,Big Ten,True,False,-1.0847262804123534,-0.29873236035260725,-0.2310627348978861,-0.5247290628155147,-0.24843705368918267,0.0,0.0,-0.1450989330114885,0.0,0.0,1.0,936.667144135479,0.14444444444444443,0.03342503768153286,917.6907070888561,0.0782608695652174,0.16675780417854352,18.97643704662289,0.06618357487922703,-0.13333276649701065,0.45265418004400754,0.5473458199559924,0.40751881155212494,1.0,0.40751881155212494,0.5924811884478751,,,,0.40751881155212494,-0.3742320281166762,,,False,0.40751881155212494,fpi_fallback
401858481,2026,158,84,Nebraska,Indiana,Big Ten,Big Ten,True,False,-1.8286837844472508,-1.334082096765455,-0.38058297392510654,-1.240427256497664,-0.3265195615294921,0.0,0.0,-1.21519230741206,0.0,0.0,1.0,1029.4228879195155,0.26262626262626265,0.04624983446854084,872.0069986162093,0.1,0.5357653254929933,157.41588930330613,0.16262626262626265,-0.4895154910244524,0.29055030712810037,0.7094496928718996,0.22281333540426634,1.0,0.22281333540426634,0.7771866645957337,,,,0.22281333540426634,-1.2493461991286217,,,False,0.22281333540426634,fpi_fallback
401858482,2026,77,2050,Northwestern,Ball State,Big Ten,MAC,False,False,0.9616155824450356,0.7593740918267954,0.15267824738827485,0.6287669816077139,0.12307231105614602,0.0,0.021053409197832273,0.4817332177694061,0.0,0.0,1.0,799.4019028452823,0.047619047619047616,0.045966842685715825,699.3573843826957,0.0,-0.4324979754700893,100.04451846258655,0.047619047619047616,0.4784648181558051,0.8543573252710479,0.1456426747289521,0.9041789591700121,1.0,0.9041789591700121,0.09582104082998788,,,,0.9041789591700121,2.244545010741674,,,False,0.9041789591700121,fpi_fallback
401858483,2026,194,120,Ohio State,Maryland,Big Ten,Big Ten,True,False,2.3196725470435378,1.0463121331130398,0.27359856549159245,1.301461069811861,0.3564920789795414,0.0,0.06219620786990543,0.07155838152181104,0.0,0.0,1.0,1367.1424727059755,0.6039603960396039,0.5199884434427365,934.2453153712663,0.11702127659574468,-0.04044552211638594,432.89715733470916,0.48693911944385926,0.5604339655591225,0.963219331825431,0.03678066817456904,0.9605676681342887,1.0,0.9605676681342887,0.03943233186571127,,,,0.9605676681342887,3.1929383451539395,,,False,0.9605676681342887,fpi_fallback
401858484,2026,2483,26,Oregon,UCLA,Big Ten,Big Ten,True,False,2.2114131872845313,1.0240540050390863,0.31386163821366053,1.2815149315224865,0.3612244320342636,0.0,0.0359936026479053,0.5363217375092336,0.0,0.0,1.0,1401.6094907863976,0.5378151260504201,0.4314892927531719,811.0418477665968,0.0821917808219178,-0.0031423834422963023,590.5676430198008,0.45562334522850234,0.43463167619546816,0.9625986911677687,0.03740130883223125,0.9474171819043901,1.0,0.9474171819043901,0.05258281809560994,,,,0.9474171819043901,2.8913501119687988,,,False,0.9474171819043901,fpi_fallback
401858485,2026,213,30,Penn State,USC,Big Ten,Big Ten,True,False,0.19931618028340153,0.14459103475574292,0.08127697688755842,0.14622198806713088,-0.00031578811004895346,0.0,0.010204170174241689,-0.7547883585532918,0.0,0.0,1.0,1093.5859854781434,0.40816326530612246,0.2572674566411734,1275.9325614814477,0.4727272727272727,0.3017096492006037,-182.34657600330434,-0.06456400742115026,-0.04444219255943033,0.48968752543970967,0.5103124745602903,0.47973226812568787,1.0,0.5345634800622906,0.4654365199377094,-1.5,56.5,core_odds_api,0.47973226812568787,-0.08111537451538561,1.5,0.5345634800622906,True,0.47973226812568787,fpi_market
401858486,2026,2509,135,Purdue,Minnesota,Big Ten,Big Ten,True,False,-1.341780768079211,-0.8607304268642674,-0.32377018788186435,-0.8070699046872252,-0.3206297559674412,0.0,-0.015831465216680662,0.03846923211141529,0.0,0.0,1.0,799.8384609517241,0.05434782608695652,-0.07843402148142234,945.3401948206013,0.12264150943396226,-0.01770528059758985,-145.50173386887718,-0.06829368334700575,-0.06072874088383249,0.3724573849771786,0.6275426150228214,0.5253664683950261,1.0,0.5253664683950261,0.4746335316049739,,,,0.5253664683950261,0.10155306026142999,,,False,0.5253664683950261,fpi_fallback
401861964,2026,218,41,Temple,UConn,American,FBS Indep.,False,False,-1.010581732813971,-0.4964370489104986,-0.23948391966836163,-0.6344271110359868,-0.2381660835133792,0.0,0.03226086221822122,0.1620739984132615,0.0,0.0,1.0,743.2158993608089,0.008771929824561403,-0.039767353742940235,615.5565845368845,0.0,-0.1529533590942646,127.65931482392432,0.008771929824561403,0.11318600535132436,0.5777523928941944,0.42224760710580556,0.6309152133188751,1.0,0.6309152133188751,0.3690847866811249,,,,0.6309152133188751,0.5361450929130539,,,False,0.6309152133188751,fpi_fallback
401862796,2026,249,2429,North Texas,Charlotte,American,American,True,False,2.0746426954322055,1.4627005133562025,0.4015884721731551,1.534867311939119,0.3859913082188139,0.0,0.4288124721051556,1.4545067839632155,0.0,0.0,1.0,689.7607421558456,0.0273972602739726,0.18532049076085383,677.7973197292208,0.0,-0.254936540932452,11.963422426624788,0.0273972602739726,0.4402570316933058,0.8916097749946956,0.10839022500530437,0.7560543229587127,1.0,0.7560543229587127,0.24394567704128733,,,,0.7560543229587127,1.1311676639338812,,,False,0.7560543229587127,fpi_fallback
401862797,2026,151,242,East Carolina,Rice,American,American,True,False,1.2382927203570397,1.302686680851728,0.29586009575965977,1.104810800013053,0.22778510125496643,0.0,0.010471299867295336,0.6835391078381895,0.0,0.0,1.0,776.7464762757635,0.030927835051546393,0.1482528042243568,724.7183407942623,0.0,-0.21833410646060722,52.02813548150118,0.030927835051546393,0.366586910684964,0.8521492377630765,0.1478507622369235,0.8359135398100987,1.0,0.8359135398100987,0.16408646018990125,,,,0.8359135398100987,1.6281317012716179,,,False,0.8359135398100987,fpi_fallback
401862798,2026,235,5,Memphis,UAB,American,American,True,False,1.3354061868491818,0.36411475155739204,-0.017422353280570124,0.7988312543343904,0.17472419619751467,0.0,0.15415067982725805,-0.29844294304122515,0.0,0.0,1.0,811.1368939946184,0.018867924528301886,0.14052798652883336,643.9738980506007,0.015151515151515152,-0.08778240478416661,167.16299594401767,0.003716409376786734,0.22831039131299996,0.8112434316718031,0.18875656832819687,0.8452624007207757,1.0,0.8452624007207757,0.15473759927922426,,,,0.8452624007207757,1.6979163380936018,,,False,0.8452624007207757,fpi_fallback
401864517,2026,2638,2440,UTEP,Nevada,Mountain West,Mountain West,True,False,-0.19016982303066926,-0.1534818351160287,-0.12802564108554937,-0.0018828324250097822,-0.0436973020538719,0.0,-0.01052641298698731,-0.26316104688839687,0.0,0.0,1.0,777.8648844149413,0.0,-0.26645623566896376,726.5675162890159,0.0,-0.23295498906943338,51.29736812592546,0.0,-0.03350124659953038,0.5707066563443972,0.4292933436556028,0.4426990574550878,1.0,0.4426990574550878,0.5573009425449122,,,,0.4426990574550878,-0.230215175191187,,,False,0.4426990574550878,fpi_fallback
401866436,2026,189,16,Bowling Green,Sacramento State,MAC,MAC,True,False,-0.19207533442833438,0.14197424801279449,0.004689835037510026,0.05615875014069081,-0.01500432781117822,0.0,2.256541154492639,-0.48448128578842214,0.0,0.0,1.0,721.2040197767335,0.0,-0.2229314178683267,692.9988066587673,0.0,,28.205213117966196,0.0,,0.5943242511197872,0.40567574888021285,0.47989085128243464,1.0,0.47989085128243464,0.5201091487175653,,,,0.47989085128243464,-0.0804800060465968,,,False,0.47989085128243464,fpi_fallback
401866437,2026,2649,2084,Toledo,Buffalo,MAC,MAC,True,False,0.8157769707148873,0.6789558590952511,0.18205689907404893,0.6227398634313389,0.12063803810180707,0.0,0.021053409197832273,0.5495576752561442,0.0,0.0,1.0,746.2577192210606,0.02531645569620253,0.08408466429112067,711.4279562027778,0.0,-0.2965654738374634,34.82976301828285,0.02531645569620253,0.38065013812858406,0.8086594145791557,0.1913405854208443,0.7487157842191998,1.0,0.7487157842191998,0.2512842157808002,,,,0.7487157842191998,1.0917748188689682,,,False,0.7487157842191998,fpi_fallback
401866438,2026,195,2117,Ohio,Central Michigan,MAC,MAC,True,False,1.112526821258473,0.4683239777655513,0.21226679772177454,0.5128914830441458,0.19743580766141133,0.0,0.01052641298698731,-0.4840085479970162,0.0,0.0,1.0,728.1091688566596,0.02666666666666667,-0.08827759141170993,710.6104865694842,0.0,-0.16936787162657693,17.49868228717537,0.02666666666666667,0.081090280214867,0.6813981728196885,0.3186018271803115,0.6852964598661961,1.0,0.6852964598661961,0.31470354013380386,,,,0.6852964598661961,0.7782204795216335,,,False,0.6852964598661961,fpi_fallback
401866439,2026,2711,2309,Western Michigan,Kent State,MAC,MAC,True,False,1.4497038479234243,0.8017623326412638,0.21343316513428856,0.9914861914432914,0.24890005036451135,0.0,0.026526754333428215,0.22259962387840687,0.0,0.0,1.0,726.859170455014,0.0,-0.030280742089063867,709.4657050110235,0.012658227848101266,-0.3216129524444867,17.39346544399052,-0.012658227848101266,0.2913322103554228,0.8084620863060202,0.19153791369397977,0.8496428545633873,1.0,0.8496428545633873,0.15035714543661272,,,,0.8496428545633873,1.7318026564290114,,,False,0.8496428545633873,fpi_fallback
401866440,2026,113,193,Massachusetts,Miami (OH),MAC,MAC,True,False,-2.0616668577763835,-1.1075702112710333,-0.2217613255191122,-1.2731189095964457,-0.32448859577085676,0.0,-0.16374517122101917,-0.158208087649773,0.0,0.0,1.0,580.0697737621826,0.0,-0.520773787951295,722.3685503666973,0.0,-0.19534094449480896,-142.29877660451461,0.0,-0.32543284345648604,0.24467274688419124,0.7553272531158087,0.2710983945567018,1.0,0.2710983945567018,0.7289016054432982,,,,0.2710983945567018,-0.9890569164147587,,,False,0.2710983945567018,fpi_fallback
401869843,2026,2026,295,App State,Old Dominion,Sun Belt,Sun Belt,True,False,-0.9450151506475686,-1.0133789100384918,-0.3484178369328156,-0.7875441514512536,-0.23073312516182992,0.0,0.08223809823697259,-1.2919480730421355,0.0,0.0,1.0,741.7010701368393,0.009523809523809525,-0.2964783655947048,808.9583543532183,0.026785714285714284,0.16075646446324005,-67.25728421637893,-0.01726190476190476,-0.45723483005794485,0.2674925384507242,0.7325074615492758,0.42558341619858464,1.0,0.42558341619858464,0.5744165838014154,,,,0.42558341619858464,-0.2998939172683722,,,False,0.42558341619858464,fpi_fallback
401869943,2026,276,324,Marshall,Coastal Carolina,Sun Belt,Sun Belt,True,False,0.45090992839250477,0.6022743295137569,0.027388121060455572,0.5707688000230885,0.04221132633046887,0.0,0.522926030700078,-0.2639821293000568,0.0,0.0,1.0,654.0487112387665,0.0,-0.13359936891867347,724.5798270338563,0.0,-0.16852455319137516,-70.53111579508982,0.0,0.03492518427270169,0.6342418847804847,0.3657581152195153,0.6490647581896709,1.0,0.6490647581896709,0.3509352418103291,,,,0.6490647581896709,0.6149307830428806,,,False,0.6490647581896709,fpi_fallback
401869949,2026,290,256,Georgia Southern,James Madison,Sun Belt,Sun Belt,True,False,-1.2538637927225977,-0.5861623310678844,-0.03594424368303073,-0.8932809392425024,-0.1476764904247725,0.0,0.8967461358011848,-0.5930539581660651,0.0,0.0,1.0,791.051928599953,0.021739130434782608,-0.20901622803680373,695.234106669023,0.01282051282051282,0.2328801287423507,95.81782193093,0.008918617614269788,-0.4418963567791544,0.3085035795186531,0.691496420481347,0.39123818023302603,1.0,0.39123818023302603,0.608761819766974,,,,0.39123818023302603,-0.4421105595322931,,,False,0.39123818023302603,fpi_fallback
401869965,2026,2348,309,Louisiana Tech,Louisiana,Sun Belt,Sun Belt,True,False,-0.06123778837119971,0.2658400633063582,0.07361665877413581,0.22208621031908865,0.017511495384192832,0.0,-0.02040887163120697,1.0521364005557394,0.0,0.0,1.0,726.6291678447327,0.0,-0.08608239221705838,716.1153761466188,0.0,-0.25325455386875345,10.513791698113891,0.0,0.16717216165169507,0.673230234252217,0.32676976574778305,0.5323057764626477,1.0,0.5323057764626477,0.46769422353735235,,,,0.5323057764626477,0.12940337814334424,,,False,0.5323057764626477,fpi_fallback
401862795,2026,349,2655,Army,Tulane,American,American,True,False,-0.33774488805471264,0.1565427980423264,-0.048844654738187554,0.004649586862463163,-0.0781537292073653,0.0,-0.020202707317519497,-0.5019743327534456,0.0,0.0,1.0,586.599678950922,0.0,0.015280943267176026,775.5318857887579,0.06493506493506493,0.10101112658160054,-188.9322068378359,-0.06493506493506493,-0.08573018331442452,0.4505160097988601,0.5494839902011399,0.361278447230635,1.0,0.361278447230635,0.638721552769365,,,,0.361278447230635,-0.5698196217588669,,,False,0.361278447230635,fpi_fallback
401856717,2026,201,251,Oklahoma,Texas,SEC,SEC,True,True,-0.5272134646029645,-0.16691395999528005,-0.10104651373923845,-0.145459343173403,-0.0842844380449923,0.0,0.0,0.5820426367238816,0.0,0.0,0.0,1173.5834604844968,0.4519230769230769,0.3311106400825597,1404.970024515499,0.6060606060606061,0.3259839418805343,-231.3865640310023,-0.15413752913752915,0.0051266982020253815,0.39674779615217987,0.6032522038478201,0.27547272027599473,1.0,0.3144262160250666,0.6855737839749334,6.0,48.5,core_odds_api,0.27547272027599473,-0.9670308094967427,-6.0,0.3144262160250666,True,0.27547272027599473,fpi_market
401858257,2026,87,24,Notre Dame,Stanford,FBS Indep.,ACC,False,False,2.399611197070567,1.4923940643840186,0.3494694736596792,1.6228005201132356,0.38169049822070644,0.0,0.030930300691358603,-0.24997224665377415,0.0,0.0,1.0,1331.2910121386622,0.6538461538461539,0.5226843609885897,892.6689042414988,0.09574468085106383,0.018158436641050876,438.62210789716335,0.55810147299509,0.5045259243475388,0.968309003064383,0.031690996935617055,0.966328869425262,1.0,0.966328869425262,0.03367113057473803,,,,0.966328869425262,3.356863410101485,,,False,0.966328869425262,fpi_fallback
401862799,2026,2426,202,Navy,Tulsa,American,American,True,False,1.7390712982817786,0.39043352838206336,0.2615427346560838,0.6368918918709061,0.31482577638595977,0.0,0.02597548640326064,0.113118857823697,0.0,0.0,1.0,513.2100047675495,0.0,0.1009917703659504,698.7562176157269,0.0,-0.14037445304549245,-185.54621284817733,0.0,0.24136622341144287,0.6888517440771559,0.3111482559228441,0.7573994271493549,1.0,0.7573994271493549,0.24260057285064507,,,,0.7573994271493549,1.138474401324954,,,False,0.7573994271493549,fpi_fallback
401866435,2026,2006,2199,Akron,Eastern Michigan,MAC,MAC,True,False,-0.1468945643114489,0.14443364626686622,0.08123074718960044,0.03790765368411982,0.03951920184842145,0.0,0.0,0.3218778322590947,0.0,0.0,1.0,633.6115119466774,0.0,-0.3729704281556604,776.7626689614904,0.0,-0.22427512620379558,-143.15115701481295,0.0,-0.1486953019518648,0.4535741711688381,0.5464258288311619,0.5517553314246104,1.0,0.5517553314246104,0.4482446685753896,,,,0.5517553314246104,0.2077654892939783,,,False,0.5517553314246104,fpi_fallback
401860902,2026,204,21,Oregon State,San Diego State,Pac-12,Pac-12,True,False,-0.9396598122010027,-0.5836706192744245,-0.15357216546318353,-0.6240546818058343,-0.18786295304952477,0.0,-0.020943173845243024,-1.6022587732358784,0.0,0.0,1.0,773.1288164683024,0.02247191011235955,-0.09009737589266646,722.2374816700269,0.0,0.07918892213122844,50.891334798275466,0.02247191011235955,-0.1692862980238949,0.4300664883154363,0.5699335116845636,0.3221033531042022,1.0,0.3221033531042022,0.6778966468957979,,,,0.3221033531042022,-0.7441223716966288,,,False,0.3221033531042022,fpi_fallback
401864518,2026,2439,2449,UNLV,North Dakota State,Mountain West,Mountain West,True,False,0.8468557194910727,0.17781704387235822,0.04574188945406338,0.31965737603931055,0.13550786395244852,0.0,3.0808900818942972,-0.08849995308232791,0.0,0.0,1.0,727.9148013639938,0.0,-0.013766461130807137,645.1896273252023,0.0,,82.72517403879147,0.0,,0.6504551207358169,0.3495448792641831,0.7918086591108764,1.0,0.7918086591108764,0.2081913408891236,,,,0.7918086591108764,1.3358622056287128,,,False,0.7918086591108764,fpi_fallback
401864516,2026,2459,2005,Northern Illinois,Air Force,Mountain West,Mountain West,True,False,-0.31705522487378174,-0.1941919288854805,-0.09454496893572178,-0.15001909510133973,-0.039540849633647235,0.0,0.04145671367834591,-0.45376464422496154,0.0,0.0,1.0,790.6958349919561,0.009174311926605505,-0.34283992440212285,693.3178165578591,0.0,-0.18539588287011458,97.37801843409693,0.009174311926605505,-0.15744404153200828,0.513901274466957,0.486098725533043,0.3664994050023764,1.0,0.3664994050023764,0.6335005949976236,,,,0.3664994050023764,-0.5472640411168599,,,False,0.3664994050023764,fpi_fallback
401860901,2026,278,68,Fresno State,Boise State,Pac-12,Pac-12,True,False,-0.30563113016058424,0.33963941785299057,0.0696166409775879,0.004710271677608624,-0.017585031716242927,0.0,-0.02030526616074546,0.7025148272207025,0.0,0.0,1.0,742.5741700850772,0.0,-0.04443712518862564,848.8900053513655,0.02564102564102564,0.03026250522538966,-106.31583526628833,-0.02564102564102564,-0.0746996304140153,0.49074869285246947,0.5092513071475305,0.39457237255863414,1.0,0.39457237255863414,0.6054276274413659,,,,0.39457237255863414,-0.428132453218937,,,False,0.39457237255863414,fpi_fallback
401871067,2026,2393,48,Middle Tennessee,Delaware,CUSA,CUSA,True,False,-0.8512462149743988,-0.1080152042151019,-0.08911976431507485,-0.237048982750778,-0.14712724004029287,0.0,2.074219597698684,-0.097235057705293,0.0,0.0,1.0,719.367146484565,0.0,-0.20674295963406975,501.88099863363584,0.0,-0.18026586032236394,217.48614785092911,0.0,-0.026477099311705804,0.6035945635905247,0.39640543640947534,0.3224734231553883,1.0,0.3224734231553883,0.6775265768446117,,,,0.3224734231553883,-0.742428055779858,,,False,0.3224734231553883,fpi_fallback
401871053,2026,55,2229,Jacksonville State,Florida International,CUSA,CUSA,True,False,0.6582260610019194,0.07457028509333749,0.047716766092366525,0.26344012630278296,0.10644506828804057,0.0,-1.2057569261194372,-0.6579557162443848,0.0,0.0,1.0,675.3485562302653,0.0,-0.1740853325659812,433.8089100421115,0.0,-0.16334506454494596,241.53964618815382,0.0,-0.010740268021035226,0.6861887315553002,0.31381126844469975,0.6683441778721084,1.0,0.6683441778721084,0.3316558221278916,,,,0.6683441778721084,0.7007055263293854,,,False,0.6683441778721084,fpi_fallback
401871054,2026,2623,338,Missouri State,Kennesaw State,CUSA,CUSA,True,False,-0.2215835596068996,0.07843984527238874,-0.14750166269795512,-0.011564707508786702,-0.09626892472928583,0.0,0.0,-0.8525808616559629,0.0,0.0,1.0,523.8358831187666,0.0,-0.16300112984699,538.417781872682,0.0,-0.11035407025344204,-14.581898753915425,0.0,-0.05264705959354796,0.536051587304273,0.46394841269572695,0.5332283758100231,1.0,0.5332283758100231,0.46677162418997686,,,,0.5332283758100231,0.13310969421127983,,,False,0.5332283758100231,fpi_fallback
401871068,2026,2534,98,Sam Houston,Western Kentucky,CUSA,CUSA,True,False,-1.2036840819722556,-0.9089845157128728,-0.18302721797642896,-0.8404239529669272,-0.19476761575967838,0.0,-1.4481697648379779,-1.0671916382620998,0.0,0.0,1.0,638.9854759578275,0.0,-0.4540565745975952,673.5953239504531,0.0,-0.08552767474658443,-34.609847992625646,0.0,-0.3685288998510108,0.3006356280068026,0.6993643719931975,0.2365815098540153,1.0,0.2365815098540153,0.7634184901459847,,,,0.2365815098540153,-1.171513561701978,,,False,0.2365815098540153,fpi_fallback
401862800,2026,5,151,UAB,East Carolina,American,American,True,False,-1.2789412906582243,-0.8673127801174407,-0.23979797631560346,-0.9376724998814385,-0.2438848882342367,0.0,-0.13353139262452274,-0.6304402552591523,0.0,0.0,1.0,643.9738980506007,0.015151515151515152,-0.08778240478416661,776.7464762757635,0.030927835051546393,0.1482528042243568,-132.77257822516276,-0.01577631990003124,-0.23603520900852343,0.3051040774375633,0.6948959225624367,0.21219946848683588,1.0,0.21219946848683588,0.7878005315131641,,,,0.21219946848683588,-1.311718203814734,,,False,0.21219946848683588,fpi_fallback
401869950,2026,295,290,Old Dominion,Georgia Southern,Sun Belt,Sun Belt,True,False,0.5918055530967399,0.6199532815978455,0.10475535771449906,0.6004889015109278,0.08976544742748915,0.0,-0.08223809823697259,0.958369280821264,0.0,0.0,1.0,808.9583543532183,0.026785714285714284,0.16075646446324005,791.051928599953,0.021739130434782608,-0.20901622803680373,17.90642575326524,0.005046583850931676,0.36977269250004374,0.7963924539721787,0.20360754602782127,0.6718322659828705,1.0,0.6718322659828705,0.3281677340171295,,,,0.6718322659828705,0.7164838433043106,,,False,0.6718322659828705,fpi_fallback
401860923,2026,326,36,Texas State,Colorado State,Pac-12,Pac-12,True,False,1.1823915914368286,1.1986480818434706,0.3342707547424728,0.9244565748530594,0.22133701354158597,0.0,-0.06632264293107237,0.7478362645745051,0.0,0.0,1.0,730.9582650396574,0.0,-0.05944701182601658,741.5832443465806,0.0,-0.18634317778833193,-10.624979306923251,0.0,0.12689616596231534,0.7378006409673382,0.2621993590326618,0.7545276987335102,1.0,0.7545276987335102,0.24547230126648978,,,,0.7545276987335102,1.1229078738396256,,,False,0.7545276987335102,fpi_fallback
401862801,2026,2655,235,Tulane,Memphis,American,American,True,False,0.2809171490218796,0.20211216026716386,0.21255457710433612,-0.055661281364057666,0.10236877118023735,0.0,0.020202707317519497,0.5912120175977179,0.0,0.0,1.0,775.5318857887579,0.06493506493506493,0.10101112658160054,811.1368939946184,0.018867924528301886,0.14052798652883336,-35.605008205860486,0.046067140406763046,-0.03951685994723282,0.5343922196272873,0.46560778037271267,0.6695401929599871,1.0,0.6695401929599871,0.3304598070400129,,,,0.6695401929599871,0.706106158314091,,,False,0.6695401929599871,fpi_fallback
401858493,2026,2509,264,Purdue,Washington,Big Ten,Big Ten,True,False,-1.8327407385078163,-1.5127081430784945,-0.33291055446621626,-1.3229410235313543,-0.3382873837584844,0.0,-0.026248226074936376,-0.33670771148178574,0.0,0.0,1.0,799.8384609517241,0.05434782608695652,-0.07843402148142234,1043.8640373572212,0.27,0.33176080575933187,-244.02557640549708,-0.2156521739130435,-0.4101948272407542,0.1814036075901599,0.8185963924098401,0.2929175587623808,1.0,0.2929175587623808,0.7070824412376192,,,,0.2929175587623808,-0.8812560662102378,,,False,0.2929175587623808,fpi_fallback
401869844,2026,324,2026,Coastal Carolina,App State,Sun Belt,Sun Belt,True,False,0.043404135971914004,-0.23223928098705418,0.02241252532807131,-0.18885977009381794,0.03622320814009944,0.0,-0.2789483924830263,0.19650001213615723,0.0,0.0,1.0,724.5798270338563,0.0,-0.16852455319137516,741.7010701368393,0.009523809523809525,-0.2964783655947048,-17.121243102983044,-0.009523809523809525,0.12795381240332965,0.5891306584212935,0.41086934157870647,0.5046062910775445,1.0,0.5046062910775445,0.4953937089224555,,,,0.5046062910775445,0.018425685594878474,,,False,0.5046062910775445,fpi_fallback
401856719,2026,61,2,Georgia,Auburn,SEC,SEC,True,False,1.678166718070179,0.2663797413388032,0.2290326842268786,0.43092530148745833,0.2932693915574098,0.0,0.04020642047804035,0.0036533183410574566,0.0,0.0,1.0,1454.7175340466702,0.7304347826086957,0.32936276416267773,1126.5988176305864,0.3917525773195876,0.2366688125705948,328.11871641608377,0.33868220528910803,0.09269395159208293,0.809208165183348,0.19079183481665196,0.8352588796022797,1.0,0.8755187617304857,0.1244812382695143,-16.5,55.5,core_odds_api,0.8352588796022797,1.6233664377557018,16.5,0.8755187617304857,True,0.8352588796022797,fpi_market
401856720,2026,99,344,LSU,Mississippi State,SEC,SEC,True,False,1.0007839100131013,0.37344822534903027,0.11453581718574846,0.39787616166388323,0.16835624780250363,0.0,0.015504186535965303,-0.5571491893561301,0.0,0.0,1.0,1272.669430225689,0.5098039215686274,0.18878088457719902,1004.9310140506045,0.11570247933884298,0.08344340967405131,267.73841617508447,0.39410144222978444,0.10533747490314771,0.7993938506549653,0.20060614934503473,0.8758788666871743,1.0,0.8758788666871743,0.1241211333128257,,,,0.8758788666871743,1.953969831015539,,,False,0.8758788666871743,fpi_fallback
401856721,2026,145,142,Ole Miss,Missouri,SEC,SEC,True,False,0.8884261312987155,0.3707633742549059,0.16080156580569538,0.38040623924385564,0.14929232596979203,0.0,-0.005115100666770012,0.4136790870242271,0.0,0.0,1.0,1077.05919274244,0.41379310344827586,0.3643332453427581,991.2097296268986,0.2823529411764706,0.29316690406481605,85.84946311554143,0.13144016227180527,0.07116634127794208,0.6978492558166162,0.30215074418338383,0.6620237343463701,1.0,0.6620237343463701,0.3379762656536299,,,,0.6620237343463701,0.6723257347234798,,,False,0.6620237343463701,fpi_fallback
401856722,2026,201,96,Oklahoma,Kentucky,SEC,SEC,True,False,0.9500324680905282,0.4522456249059958,0.15311497457977735,0.5091496820251702,0.18128483120169303,0.0,0.030771658666753687,0.3660249545014085,0.0,0.0,1.0,1173.5834604844968,0.4519230769230769,0.3311106400825597,957.2511978283744,0.19148936170212766,0.12743784412898232,216.33226265612234,0.26043371522094927,0.20367279595357737,0.8139295911667753,0.18607040883322468,0.8291373794431108,1.0,0.8291373794431108,0.17086262055688917,,,,0.8291373794431108,1.5795260134092657,,,False,0.8291373794431108,fpi_fallback
401856723,2026,2633,333,Tennessee,Alabama,SEC,SEC,True,False,-0.4282875868608699,0.23499530315873715,-0.06730950143238529,0.10231763985200347,-0.06264496861699231,0.0,-0.05026183478088786,-0.1475365100524732,0.0,0.0,1.0,1252.305283860725,0.46153846153846156,0.22869558366290296,1451.3911057034413,0.6160714285714286,0.3317978703457419,-199.0858218427163,-0.15453296703296704,-0.10310228668283891,0.4403771663244756,0.5596228336755245,0.4324314533551989,1.0,0.45735827741389895,0.5426417225861011,1.5,56.5,core_odds_api,0.4324314533551989,-0.2719377046416596,-1.5,0.45735827741389895,True,0.4324314533551989,fpi_market
401856724,2026,251,57,Texas,Florida,SEC,SEC,True,False,1.292599947972458,0.4651396801457709,0.2577195136223217,0.5525224876511993,0.2561481401391438,0.0,0.030771658666753687,0.3591746355469536,0.0,0.0,1.0,1404.970024515499,0.6060606060606061,0.3259839418805343,1249.4645927399758,0.5824175824175825,0.13931393188132907,155.50543177552322,0.02364302364302362,0.18667000999920524,0.7711048554051827,0.2288951445948173,0.8425422794292684,1.0,0.8425422794292684,0.1574577205707316,,,,0.8425422794292684,1.6772668628579626,,,False,0.8425422794292684,fpi_fallback
401856726,2026,238,8,Vanderbilt,Arkansas,SEC,SEC,True,False,1.0565372058130196,0.6662878131699527,0.3192587777363295,0.5429000286331515,0.28794896732266195,0.0,0.0,1.4726453002279072,0.0,0.0,1.0,898.5992310035647,0.10588235294117647,0.2747700076748849,923.2652086614927,0.15053763440860216,0.12034445408518966,-24.66597765792801,-0.044655281467425686,0.15442555358969523,0.691247488393581,0.30875251160641903,0.6793516266795265,1.0,0.6793516266795265,0.32064837332047347,,,,0.6793516266795265,0.7507937406189121,,,False,0.6793516266795265,fpi_fallback
401856809,2026,252,87,BYU,Notre Dame,Big 12,FBS Indep.,False,False,-0.5887196425305865,-0.9516929844716351,-0.10779953631172845,-0.7472970446998856,-0.055850794500717615,0.0,-0.005089069507471677,0.3604197957771248,0.0,0.0,1.0,966.2180287324254,0.12871287128712872,0.23853588239442264,1331.2910121386622,0.6538461538461539,0.5226843609885897,-365.07298340623674,-0.5251332825590251,-0.2841484785941671,0.20522137634847892,0.7947786236515211,0.2528614120025745,1.0,0.24170033434514887,0.7582996656548511,10.0,54.5,core_odds_api,0.2528614120025745,-1.0834091340299141,-10.0,0.24170033434514887,True,0.2528614120025745,fpi_market
401856828,2026,2641,9,Texas Tech,Arizona State,Big 12,Big 12,True,False,0.8035273114842221,0.7339954305163642,0.1374390082010999,0.8326609091845241,0.11528743603116764,0.0,0.031252543504104224,1.1760011311311973,0.0,0.0,1.0,1052.4682043539133,0.25,0.42462074344422895,896.2395405052043,0.1,0.2419786272205886,156.22866384870895,0.15,0.18264211622364035,0.8120722799299677,0.18792772007003233,0.8676418017967588,1.0,0.8676418017967588,0.13235819820324124,,,,0.8676418017967588,1.880267088636022,,,False,0.8676418017967588,fpi_fallback
401856829,2026,277,2132,West Virginia,Cincinnati,Big 12,Big 12,True,False,-0.298324636179259,-0.20712570495802382,0.0256619209978719,-0.338223205520704,-0.03370814872628869,0.0,-0.010416760858255714,-0.520486721699458,0.0,0.0,1.0,911.6964337971962,0.06349206349206349,0.006903702757038735,779.5136409431768,0.0379746835443038,0.10844840832140853,132.18279285401934,0.02551737994775969,-0.1015447055643698,0.5278607798987176,0.4721392201012824,0.4548795504781434,1.0,0.4548795504781434,0.5451204495218567,,,,0.4548795504781434,-0.1809741188600455,,,False,0.4548795504781434,fpi_fallback
401856830,2026,2306,2305,Kansas State,Kansas,Big 12,Big 12,True,False,0.5702189798102859,0.39902777842988685,0.18779623451925948,0.24434242557960287,0.12024561017148422,0.0,0.015584731016698328,0.03053348411634488,0.0,0.0,1.0,908.4180140804283,0.07766990291262135,0.07624696545002964,728.3803919337098,0.043478260869565216,0.0987177593152587,180.0376221467185,0.034191642043056136,-0.022470793865229058,0.6616191460887246,0.33838085391127537,0.624356974120799,1.0,0.7132780098599831,0.28672199014001687,-8.5,54.5,core_odds_api,0.624356974120799,0.5080829855415429,8.5,0.7132780098599831,True,0.624356974120799,fpi_market
401856831,2026,248,197,Houston,Oklahoma State,Big 12,Big 12,True,False,1.281239365274705,0.6660886294369739,0.38598762732467373,0.7670582343565631,0.34506294120805775,0.0,-0.015584731016698328,1.4865983499228446,0.0,0.0,1.0,866.7900327400409,0.12162162162162163,0.09223461283714135,755.4882199001777,0.0,-0.18509401619573237,111.30181283986326,0.12162162162162163,0.2773286290328737,0.8201516538497429,0.17984834615025713,0.6602681753906625,1.0,0.6602681753906625,0.3397318246093375,,,,0.6602681753906625,0.6644895236084164,,,False,0.6602681753906625,fpi_fallback
401856832,2026,239,2628,Baylor,TCU,Big 12,Big 12,True,False,-0.8432781390697732,-0.3967894408691562,-0.2613670324451042,-0.3115581926230755,-0.18146217239354812,0.0,-0.0103093696588612,-0.4581579158834916,0.0,0.0,1.0,904.775063495865,0.15853658536585366,0.10111100596041074,977.9587547112536,0.19,0.17568122172595302,-73.18369121538865,-0.03146341463414634,-0.07457021576554228,0.45941766992046107,0.5405823300795389,0.5697503996117128,1.0,0.5697503996117128,0.4302496003882872,,,,0.5697503996117128,0.28083286320470446,,,False,0.5697503996117128,fpi_fallback
401856833,2026,38,254,Colorado,Utah,Big 12,Big 12,True,False,-1.5692553263781293,-1.2926511923864623,-0.42035984364813667,-1.1236930698002017,-0.3024911121230044,0.0,-0.010471299867295336,-1.5818399426577365,0.0,0.0,1.0,861.702384575236,0.15714285714285714,-0.03556014101794508,941.3110117961028,0.15294117647058825,0.30485487985898047,-79.60862722086677,0.004201680672268893,-0.34041502087692554,0.2698286949272532,0.7301713050727467,0.4628729330639535,1.0,0.4628729330639535,0.5371270669360465,,,,0.4628729330639535,-0.14878211644140654,,,False,0.4628729330639535,fpi_fallback
401858261,2026,228,2127,Clemson,Charleston Southern,ACC,,False,False,1.278186703414724,0.8687940058998077,0.19646488600677836,0.9558398215356606,0.19139015104768053,1.0,2.1777117631126375,-0.22649844421650414,0.0,0.0,1.0,1162.6283334023117,0.4827586206896552,0.13696508014615622,210.32596223408052,0.0,,952.3023711682312,0.4827586206896552,,0.9861485445848525,0.01385145541514754,0.9861485445848525,0.0,0.9861485445848525,0.01385145541514754,,,,0.9861485445848525,4.2654166857541,,,False,0.9861485445848525,fpi_fallback
401858263,2026,2390,52,Miami,Florida State,ACC,ACC,True,False,1.5179023217807617,0.40789637508590315,0.23790221003865275,0.5708749130566532,0.2646970843227745,0.0,0.005089069507471677,0.6733923823570376,0.0,0.0,1.0,1262.9288503196244,0.5233644859813084,0.4940492419545948,1140.327181629477,0.3627450980392157,0.27952505542872025,122.60166869014733,0.16061938794209268,0.21452418652587457,0.788016099321224,0.21198390067877604,0.8306174527498761,1.0,0.8742296713607436,0.1257703286392564,-16.5,53.5,core_odds_api,0.8306174527498761,1.5900095931442821,16.5,0.8742296713607436,True,0.8306174527498761,fpi_market
401858264,2026,259,59,Virginia Tech,Georgia Tech,ACC,ACC,True,False,-0.8900781063652449,-0.4341595492934726,-0.1093905973173171,-0.4241518994208793,-0.17615116691204424,0.0,0.005115100666770012,-0.9443172711038824,0.0,0.0,1.0,941.2491041062212,0.19318181818181818,0.018920152232701312,968.9845275797574,0.14444444444444443,0.16709834133551948,-27.735423473536116,0.048737373737373746,-0.14817818910281816,0.4406509487515273,0.5593490512484727,0.6464311026497549,1.0,0.6464311026497549,0.3535688973502451,,,,0.6464311026497549,0.6033882558598813,,,False,0.6464311026497549,fpi_fallback
401858265,2026,183,97,Syracuse,Louisville,ACC,ACC,True,False,-1.3004866189958875,-1.133866957935487,-0.29138702699605873,-0.9373875401648124,-0.22439609055621468,0.0,-0.010256500167188598,-0.922811936214921,0.0,0.0,1.0,915.4353213958169,0.08181818181818182,-0.0917346289034202,810.6120157818036,0.15492957746478872,0.24901211463090583,104.8233056140133,-0.0731113956466069,-0.34074674353432605,0.3321090475873447,0.6678909524126553,0.30534882337755803,1.0,0.30534882337755803,0.6946511766224419,,,,0.30534882337755803,-0.8219550091232715,,,False,0.30534882337755803,fpi_fallback
401858266,2026,150,153,Duke,North Carolina,ACC,ACC,True,False,0.9916890340819373,0.4905553042419812,0.29101981766384327,0.36617246177999324,0.2204855602584755,0.0,0.010204170174241689,0.5577658570386916,0.0,0.0,1.0,835.443025727025,0.07692307692307693,0.1524012636603621,964.9357928955131,0.15447154471544716,-0.03466205245877597,-129.49276716848817,-0.07754846779237023,0.18706331611913807,0.6398145936038777,0.3601854063961223,0.5300642705388298,1.0,0.6110451398334024,0.38895486016659764,-4.5,54.5,core_odds_api,0.5300642705388298,0.12040232483550095,4.5,0.6110451398334024,True,0.5300642705388298,fpi_market
401858267,2026,103,221,Boston College,Pittsburgh,ACC,ACC,True,False,-0.8634922119579551,-0.16900818553353208,-0.09711884045978869,-0.4448892892515048,-0.1672133117210889,0.0,-0.010256500167188598,-0.8868835659550655,0.0,0.0,1.0,809.9006532485765,0.060240963855421686,-0.10883366875047422,901.0402708557126,0.12643678160919541,0.25090656933998107,-91.13961760713607,-0.06619581775377373,-0.3597402380904553,0.3220798203403034,0.6779201796596965,0.3277476256837203,1.0,0.3277476256837203,0.6722523743162797,,,,0.3277476256837203,-0.7183899487106769,,,False,0.3277476256837203,fpi_fallback
401858268,2026,2567,258,SMU,Virginia,ACC,ACC,True,False,0.656889438511962,0.18824834579354352,-0.003651549496582196,0.3300245862846917,0.029626300888400015,0.0,0.025708356710206992,-0.9524545557635042,0.0,0.0,1.0,874.0415949819652,0.1625,0.2315533960010078,681.7851759026536,0.0,0.19059254374581175,192.25641907931163,0.1625,0.04096085225519605,0.7194437386976755,0.28055626130232447,0.6470117602585923,1.0,0.6470117602585923,0.3529882397414077,,,,0.6470117602585923,0.6059297297350377,,,False,0.6470117602585923,fpi_fallback
401858269,2026,25,154,California,Wake Forest,ACC,ACC,True,False,-0.3161469684151348,-0.4469206608103669,-0.15465203703788682,-0.26556046680981654,-0.08728506726319651,0.0,-0.015831465216680662,-0.7612151614805385,0.0,0.0,1.0,845.5299003506768,0.11392405063291139,-0.009139274462177608,817.8332426208597,0.031578947368421054,0.2101442248687073,27.69665772981716,0.08234510326449034,-0.2192834993308849,0.45602904899919544,0.5439709510008046,0.5001323684279053,1.0,0.5001323684279053,0.4998676315720947,,,,0.5001323684279053,0.0005294737239907597,,,False,0.5001323684279053,fpi_fallback
401858488,2026,84,194,Indiana,Ohio State,Big Ten,Big Ten,True,False,-0.02348377149182397,0.39431238718049466,0.21572268446297527,0.20147653847063093,0.0942882773957705,0.0,-0.03061463581960666,1.2979427102677779,0.0,0.0,1.0,872.0069986162093,0.1,0.5357653254929933,1367.1424727059755,0.6039603960396039,0.5199884434427365,-495.13547408976615,-0.503960396039604,0.015776882050256735,0.3558716045360162,0.6441283954639838,0.4203110960407877,1.0,0.4530195298671801,0.5469804701328199,1.5,48.5,core_odds_api,0.4203110960407877,-0.3214964452071954,-1.5,0.4530195298671801,True,0.4203110960407877,fpi_market
401858489,2026,120,164,Maryland,Rutgers,Big Ten,Big Ten,True,False,-0.36394216830176673,-0.16565936482328406,-0.10616443068672299,-0.1455911846499549,-0.08703316355471713,0.0,-0.026386755173194665,-0.07790342498100017,0.0,0.0,1.0,934.2453153712663,0.11702127659574468,-0.04044552211638594,974.5567623671036,0.1485148514851485,-0.007181304706549596,-40.31144699583729,-0.031493574889403825,-0.033264217409836344,0.5119359128796986,0.48806408712030136,0.5961322285928021,1.0,0.5961322285928021,0.4038677714071979,,,,0.5961322285928021,0.38937497662281245,,,False,0.5961322285928021,fpi_fallback
401858490,2026,130,213,Michigan,Penn State,Big Ten,Big Ten,True,False,-0.11819886503677025,-0.33324994531966456,-0.08598292291040377,-0.2645249723494444,0.03408653120716776,0.0,-0.015345569674660275,0.15788603129717557,0.0,0.0,1.0,1235.613791698029,0.51,0.23626313954224643,1093.5859854781434,0.40816326530612246,0.2572674566411734,142.02780621988563,0.10183673469387755,-0.021004317098926972,0.5883809978671773,0.41161900213282265,0.6208984935855019,1.0,0.6780375195832031,0.32196248041679687,-6.5,51.5,core_odds_api,0.6208984935855019,0.4933636160145997,6.5,0.6780375195832031,True,0.6208984935855019,fpi_market
401858491,2026,127,77,Michigan State,Northwestern,Big Ten,Big Ten,True,False,-0.5312961366377112,-0.38347291196148614,-0.125137744869241,-0.36193769263235753,-0.11490039618983072,0.0,-0.005221943981151611,-0.43007192563236685,0.0,0.0,1.0,936.667144135479,0.14444444444444443,0.03342503768153286,799.4019028452823,0.047619047619047616,0.045966842685715825,137.26524129019674,0.09682539682539681,-0.012541805004182963,0.5760918368154577,0.4239081631845423,0.5361264654803433,1.0,0.5361264654803433,0.46387353451965674,,,,0.5361264654803433,0.14475811613907624,,,False,0.5361264654803433,fpi_fallback
401858492,2026,2483,158,Oregon,Nebraska,Big Ten,Big Ten,True,False,1.7451191778379007,0.6721950480933991,0.24648013275706604,0.7693221527775543,0.26399747014513925,0.0,0.025576841789649585,0.04359689349309747,0.0,0.0,1.0,1401.6094907863976,0.5378151260504201,0.4314892927531719,1029.4228879195155,0.26262626262626265,0.04624983446854084,372.18660286688214,0.2751888634241575,0.385239458284631,0.9084358648990823,0.09156413510091765,0.881322207966622,1.0,0.9233584716876547,0.07664152831234528,-21.5,51.5,core_odds_api,0.881322207966622,2.005011098008248,21.5,0.9233584716876547,True,0.881322207966622,fpi_market
401858494,2026,26,275,UCLA,Wisconsin,Big Ten,Big Ten,True,False,-0.20888009475751004,-0.4406859265167398,-0.08167911058950472,-0.25662436465863425,-0.02309190555744356,0.0,-0.015584731016698328,-0.3022014490904894,0.0,0.0,1.0,811.0418477665968,0.0821917808219178,-0.0031423834422963023,907.0388207801798,0.2111111111111111,0.06697475666311872,-95.99697301358299,-0.1289193302891933,-0.07011714010541503,0.44714714743779516,0.5528528525622048,0.4512846070584493,1.0,0.4512846070584493,0.5487153929415507,,,,0.4512846070584493,-0.19548169889739236,,,False,0.4512846070584493,fpi_fallback
401862803,2026,218,2429,Temple,Charlotte,American,American,True,False,0.6768866797158398,0.5254658143422887,0.10174927182810783,0.5694627762323493,0.11019992358082509,0.0,0.3975599286010514,0.9164133795298494,0.0,0.0,1.0,743.2158993608089,0.008771929824561403,-0.039767353742940235,677.7973197292208,0.0,-0.254936540932452,65.41857963158805,0.008771929824561403,0.21516918718951175,0.7541993042279184,0.24580069577208163,0.7106010797996963,1.0,0.7106010797996963,0.28939892020030367,,,,0.7106010797996963,0.8983051201227409,,,False,0.7106010797996963,fpi_fallback
401862804,2026,2636,2426,UTSA,Navy,American,American,True,False,-0.404125070720263,0.3441176177929135,-0.11859740936650565,0.19418324498957057,-0.13468649219137618,0.0,-0.12550508175029407,-0.4460922328115362,0.0,0.0,1.0,413.2363130808404,0.0,0.08883544728224549,513.2100047675495,0.0,0.1009917703659504,-99.97369168670917,0.0,-0.012156323083704915,0.5504615896141558,0.4495384103858442,0.44468553817647705,1.0,0.44468553817647705,0.555314461823523,,,,0.44468553817647705,-0.22216717458652713,,,False,0.44468553817647705,fpi_fallback
401862805,2026,242,202,Rice,Tulsa,American,American,True,False,0.1666717620264717,-0.7049477411606991,-0.06958530451888445,-0.2481351113807509,0.015842762929878407,0.0,0.0,-0.4090915536797638,0.0,0.0,1.0,724.7183407942623,0.0,-0.21833410646060722,698.7562176157269,0.0,-0.14037445304549245,25.96212317853542,0.0,-0.07795965341511477,0.5073500167114025,0.49264998328859755,0.4478780362834806,1.0,0.4478780362834806,0.5521219637165193,,,,0.4478780362834806,-0.20924801572115248,,,False,0.4478780362834806,fpi_fallback
401862806,2026,58,2309,South Florida,Kent State,American,MAC,False,False,1.5602842026941834,0.8524048277734357,0.03616511607718209,1.2703046646301774,0.18669966663909354,0.0,0.031748698314579826,0.06954638713460326,0.0,0.0,1.0,800.075815711071,0.03333333333333333,0.20420438658719947,709.4657050110235,0.012658227848101266,-0.3216129524444867,90.61011070004747,0.02067510548523207,0.5258173390316861,0.904337919553718,0.095662080446282,0.8868343591414753,1.0,0.8868343591414753,0.11316564085852465,,,,0.8868343591414753,2.0588056283657115,,,False,0.8868343591414753,fpi_fallback
401864521,2026,62,167,Hawai'i,New Mexico,Mountain West,Mountain West,True,False,-0.0010095544166847503,0.03232529578122272,0.022111746389995024,0.004682903004835505,0.0009210515333569758,0.0,0.056280835898589565,-0.10398007194528418,0.0,0.0,1.0,,,-0.10169282413193194,607.7200445489912,0.0,-0.027256250774157314,,,-0.07443657335777462,0.5489437308777037,0.45105626912229635,0.5956987375017473,1.0,0.5956987375017473,0.4043012624982527,,,,0.5956987375017473,0.38757476596124363,,,False,0.5956987375017473,fpi_fallback
401866441,2026,189,2050,Bowling Green,Ball State,MAC,MAC,True,False,0.4836911889383441,0.609100576683477,0.04750600720719417,0.5554688703583437,0.05026697906814909,0.0,0.015831465216680662,-0.36682349473353953,0.0,0.0,1.0,721.2040197767335,0.0,-0.2229314178683267,699.3573843826957,0.0,-0.4324979754700893,21.846635394037776,0.0,0.20956655760176257,0.7357134678285848,0.2642865321714152,0.6560990172232528,1.0,0.6560990172232528,0.3439009827767472,,,,0.6560990172232528,0.6459579432687398,,,False,0.6560990172232528,fpi_fallback
401866442,2026,2084,113,Buffalo,Massachusetts,MAC,MAC,True,False,1.5695101198940256,0.9892115458290756,0.1531416607493608,1.137203578989092,0.2602537960925052,0.0,0.1426917620231869,0.2319216335718488,0.0,0.0,1.0,711.4279562027778,0.0,-0.2965654738374634,580.0697737621826,0.0,-0.520773787951295,131.3581824405951,0.0,0.22420831411383163,0.8320067065064869,0.1679932934935131,0.7535063749333448,1.0,0.7535063749333448,0.24649362506665518,,,,0.7535063749333448,1.1174013471101212,,,False,0.7535063749333448,fpi_fallback
401866443,2026,2117,2711,Central Michigan,Western Michigan,MAC,MAC,True,False,-0.7385214040735423,-0.7167060824989739,-0.2573875340310973,-0.47337056356809093,-0.16674734743194786,0.0,-0.01052641298698731,-0.41526366929828556,0.0,0.0,1.0,710.6104865694842,0.0,-0.16936787162657693,726.859170455014,0.0,-0.030280742089063867,-16.248683885529772,0.0,-0.13908712953751307,0.43554133095843706,0.5644586690415629,0.33987436123279524,1.0,0.33987436123279524,0.6601256387672048,,,,0.33987436123279524,-0.6638541551396275,,,False,0.33987436123279524,fpi_fallback
401866444,2026,2199,2649,Eastern Michigan,Toledo,MAC,MAC,True,False,-1.1426459618761486,-0.620733012899805,-0.11471228297374725,-0.8237071774836678,-0.16708794349457284,0.0,-0.021053409197832273,-0.312211667115962,0.0,0.0,1.0,776.7626689614904,0.0,-0.22427512620379558,746.2577192210606,0.02531645569620253,0.08408466429112067,30.504949740429765,-0.02531645569620253,-0.30835979049491624,0.33933449892730594,0.6606655010726941,0.2407955980657565,1.0,0.2407955980657565,0.7592044019342434,,,,0.2407955980657565,-1.1483226125911823,,,False,0.2407955980657565,fpi_fallback
401866445,2026,16,195,Sacramento State,Ohio,MAC,MAC,True,False,-1.0355659616704178,-0.44615555820211084,-0.27108451413645984,-0.506228876934012,-0.2412393010919907,0.0,-2.256541154492639,0.06629927777625426,0.0,0.0,1.0,692.9988066587673,0.0,,728.1091688566596,0.02666666666666667,-0.08827759141170993,-35.1103621978923,-0.02666666666666667,,0.48892281403441695,0.511077185965583,0.500926577956301,1.0,0.500926577956301,0.499073422043699,,,,0.500926577956301,0.0037063160679352593,,,False,0.500926577956301,fpi_fallback
401866478,2026,193,2006,Miami (OH),Akron,MAC,MAC,True,False,0.9659202933550682,-0.08429782702035458,-0.07995569852015072,0.29897499097556274,0.07116550322269588,0.0,0.021053409197832273,-0.6329373863213528,0.0,0.0,1.0,722.3685503666973,0.0,-0.19534094449480896,633.6115119466774,0.0,-0.3729704281556604,88.75703842001985,0.0,0.17762948366085143,0.7142488785425258,0.28575112145747417,0.7873221703082143,1.0,0.7873221703082143,0.21267782969178572,,,,0.7873221703082143,1.3088590457051839,,,False,0.7873221703082143,fpi_fallback
401869934,2026,2572,2032,Southern Miss,Arkansas State,Sun Belt,Sun Belt,True,False,-0.5158986839720546,-0.22930633234302725,-0.19423892204490495,-0.1701117345131967,-0.12959261147971396,0.0,-0.005167970158442614,0.6555427446191743,0.0,0.0,1.0,741.0864815840933,0.0,-0.1422164493687413,798.8377398455441,0.0,-0.1622319327532929,-57.751258261450744,0.0,0.020015483384551586,0.5299658073553004,0.4700341926446996,0.6679450218904049,1.0,0.6679450218904049,0.33205497810959506,,,,0.6679450218904049,0.6989053156678164,,,False,0.6679450218904049,fpi_fallback
401869957,2026,256,2247,James Madison,Georgia State,Sun Belt,Sun Belt,True,False,2.443424703343953,1.1573002925368427,0.39246842542107463,1.4563057796165346,0.4495680640644546,0.0,-0.9354606479818752,0.9688339084348376,0.0,0.0,1.0,695.234106669023,0.01282051282051282,0.2328801287423507,759.1500550839612,0.010638297872340425,-0.2097643168708603,-63.91594841493816,0.002182214948172395,0.44264444561321103,0.8712613056912765,0.12873869430872353,0.8405654864034541,1.0,0.8405654864034541,0.15943451359654592,,,,0.8405654864034541,1.6624415985862202,,,False,0.8405654864034541,fpi_fallback
401869966,2026,309,2653,Louisiana,Troy,Sun Belt,Sun Belt,True,False,-0.1203382542670147,0.05080969219104624,0.07286474204317606,-0.03454840559811628,0.004545137728195314,0.0,0.005063301956546695,-0.39987720910418145,0.0,0.0,1.0,716.1153761466188,0.0,-0.25325455386875345,776.4629635065345,0.0,-0.13824595035975623,-60.34758735991568,0.0,-0.11500860350899722,0.48843157387123176,0.5115684261287683,0.5417574074388775,1.0,0.5417574074388775,0.45824259256112254,,,,0.5417574074388775,0.16741959152588154,,,False,0.5417574074388775,fpi_fallback
401871091,2026,2433,2348,UL Monroe,Louisiana Tech,Sun Belt,Sun Belt,True,False,-1.0191738006001538,-0.74847482655126,-0.33291558178583813,-0.8104265944955122,-0.23252551947365874,0.0,-0.010362787035546717,-0.8690436301275213,0.0,0.0,1.0,736.2526686071137,0.009433962264150943,-0.2673925024115139,726.6291678447327,0.0,-0.08608239221705838,9.623500762381013,0.009433962264150943,-0.18131011019445553,0.3859964062603495,0.6140035937396505,0.31813925223300676,1.0,0.31813925223300676,0.6818607477669932,,,,0.31813925223300676,-0.762336267801911,,,False,0.31813925223300676,fpi_fallback
401862802,2026,349,2226,Army,Florida Atlantic,American,American,True,False,1.213045240394049,0.6850008026747181,0.20685146059887838,0.558996550778443,0.21197111881334946,0.0,0.025841231183886926,-0.3983407314164788,0.0,0.0,1.0,586.599678950922,0.0,0.015280943267176026,708.5716649532192,0.013157894736842105,-0.057874346751056974,-121.97198600229717,-0.013157894736842105,0.073155290018233,0.6284395040036241,0.37156049599637586,0.7027652535206677,1.0,0.7027652535206677,0.29723474647933235,,,,0.7027652535206677,0.8605006962298,,,False,0.7027652535206677,fpi_fallback
401856725,2026,245,2643,Texas A&M,The Citadel,SEC,,False,False,1.3577024188611768,1.0092598276805418,0.1535142708558388,1.0681327620508976,0.23392391502189996,1.0,2.2669579153508947,0.4943627480745636,0.0,0.0,1.0,1292.7928128569013,0.7078651685393258,0.42460359407589965,58.5,0.0,,1234.2928128569013,0.7078651685393258,,0.9933675344491467,0.006632465550853284,0.9933675344491467,0.0,0.9933675344491467,0.006632465550853284,,,,0.9933675344491467,5.009124107867066,,,False,0.9933675344491467,fpi_fallback
401864522,2026,2751,2459,Wyoming,Northern Illinois,Mountain West,Mountain West,True,False,-0.05269827339209087,-0.1804502081699844,-0.040893457608676353,-0.10861454883690914,-0.027231768684115087,0.0,-0.04145671367834591,0.5347061543364157,0.0,0.0,1.0,755.9642701563448,0.0,-0.17052082000783303,790.6958349919561,0.009174311926605505,-0.34283992440212285,-34.731564835611266,-0.009174311926605505,0.17231910439428982,0.6132058643771617,0.38679413562283826,0.6028444508497363,1.0,0.6028444508497363,0.39715554915026374,,,,0.6028444508497363,0.41733118924952506,,,False,0.6028444508497363,fpi_fallback
401864524,2026,2005,2439,Air Force,UNLV,Mountain West,Mountain West,True,False,-0.9155271680417922,-0.12006984389822484,-0.04208587729550556,-0.30712215789548264,-0.1657296428396554,0.0,-0.036367644170874236,-0.21907857044379397,0.0,0.0,1.0,693.3178165578591,0.0,-0.18539588287011458,727.9148013639938,0.0,-0.013766461130807137,-34.59698480613463,0.0,-0.17162942173930745,0.4372195883511168,0.5627804116488833,0.3431129326001003,1.0,0.3431129326001003,0.6568870673998997,,,,0.3431129326001003,-0.6494524698470785,,,False,0.3431129326001003,fpi_fallback
401860903,2026,204,265,Oregon State,Washington State,Pac-12,Pac-12,True,False,-1.0331518418093197,-0.7576047666293189,-0.2339799708017648,-0.6305981861589297,-0.18994733586583473,0.0,0.010638398205055744,-0.8241620433581693,0.0,0.0,1.0,773.1288164683024,0.02247191011235955,-0.09009737589266646,767.2399461783762,0.007874015748031496,0.09226585663667623,5.888870289926217,0.014597894364328054,-0.1823632325293427,0.4073031339075713,0.5926968660924288,0.4591365533415486,1.0,0.4591365533415486,0.5408634466584514,,,,0.4591365533415486,-0.16381917020274464,,,False,0.4591365533415486,fpi_fallback
401864520,2026,2449,2440,North Dakota State,Nevada,Mountain West,Mountain West,True,False,0.7480498155762735,0.2542844293797948,0.04812242722303345,0.3970714519885076,0.13277833251711757,0.0,-3.0550488507104103,-0.0749001498245866,0.0,0.0,1.0,645.1896273252023,0.0,,726.5675162890159,0.0,-0.23295498906943338,-81.37788896381358,0.0,,0.6004458901248184,0.3995541098751816,0.6562662513792961,1.0,0.6562662513792961,0.34373374862070394,,,,0.6562662513792961,0.6466992064823265,,,False,0.6562662513792961,fpi_fallback
401858262,2026,24,2210,Stanford,Elon,ACC,,False,False,-0.29780686618158597,-0.009569506898602777,0.0029867758676472844,-0.18134060513530795,-0.037825850944813166,1.0,2.4796847058068487,0.21902371888306787,0.0,0.0,1.0,892.6689042414988,0.09574468085106383,0.018158436641050876,130.88017829892618,0.0,,761.7887259425727,0.09574468085106383,,0.9477476726820057,0.05225232731799434,0.9477476726820057,0.0,0.9477476726820057,0.05225232731799434,,,,0.9477476726820057,2.8980038669449217,,,False,0.9477476726820057,fpi_fallback
401864523,2026,2638,23,UTEP,San José State,Mountain West,Mountain West,True,False,-0.4728509255293625,0.2427995482683912,-0.033413174389262223,0.02596955772686257,-0.07495605543215683,0.0,-0.01052641298698731,0.6048244431861712,0.0,0.0,1.0,777.8648844149413,0.0,-0.26645623566896376,724.1630544316288,0.011235955056179775,-0.19911733164845075,53.701829983312564,-0.011235955056179775,-0.06733890402051301,0.5588747242208412,0.44112527577915883,0.5047915905116948,1.0,0.5047915905116948,0.49520840948830525,,,,0.5047915905116948,0.01916694880846566,,,False,0.5047915905116948,fpi_fallback
401860904,2026,21,278,San Diego State,Fresno State,Pac-12,Pac-12,True,False,-0.22040312850825786,-0.1816161474607345,-0.1284944512788383,-0.07738898191948344,-0.06991270951391959,0.0,-0.0103093696588612,0.6018379354839931,0.0,0.0,1.0,722.2374816700269,0.0,0.07918892213122844,742.5741700850772,0.0,-0.04443712518862564,-20.336688415050276,0.0,0.12362604731985408,0.6027945705160717,0.39720542948392834,0.6637984740255378,1.0,0.6637984740255378,0.3362015259744622,,,,0.6637984740255378,0.6802678405833416,,,False,0.6637984740255378,fpi_fallback
401871055,2026,2229,2393,Florida International,Middle Tennessee,CUSA,CUSA,True,False,0.7029855706172179,0.13607121168837386,0.07959598129690859,0.3072028944149917,0.13252380100054084,0.0,-0.021164811192043054,0.523803986109599,0.0,0.0,1.0,433.8089100421115,0.0,-0.16334506454494596,719.367146484565,0.0,-0.20674295963406975,-285.55823644245345,0.0,0.043397895089123784,0.5209781415481515,0.4790218584518485,0.6533700649025339,1.0,0.6533700649025339,0.3466299350974661,,,,0.6533700649025339,0.6338859423617499,,,False,0.6533700649025339,fpi_fallback
401871069,2026,48,2623,Delaware,Missouri State,CUSA,CUSA,True,False,0.14228116607374658,0.055937975233816085,0.11184027304595884,-0.0011547252906566805,0.03642534780472717,0.0,-0.2876820724517808,-0.05637261140593864,0.0,0.0,1.0,501.88099863363584,0.0,-0.18026586032236394,523.8358831187666,0.0,-0.16300112984699,-21.95488448513072,0.0,-0.01726473047537394,0.5504047118557263,0.44959528814427374,0.6584843878199637,1.0,0.6584843878199637,0.34151561218003634,,,,0.6584843878199637,0.6565474177485551,,,False,0.6584843878199637,fpi_fallback
401871092,2026,276,6,Marshall,South Alabama,Sun Belt,Sun Belt,True,False,0.4101028392137414,0.15059851255408682,-0.05118727992234612,0.13061991454126132,0.04173937394972499,0.0,0.11456656456554892,0.0947218089482135,0.0,0.0,1.0,654.0487112387665,0.0,-0.13359936891867347,729.1418074253246,0.0,-0.1207121323726903,-75.09309618655811,0.0,-0.012887236545983172,0.5506652325283719,0.44933476747162815,0.610525862517552,1.0,0.610525862517552,0.38947413748244797,,,,0.610525862517552,0.4495231916681637,,,False,0.610525862517552,fpi_fallback
401871070,2026,2534,166,Sam Houston,New Mexico State,CUSA,CUSA,True,False,-0.08117112102494276,-0.4016896342518446,0.005205229730902372,-0.27779876075015003,0.016305866917232237,0.0,-1.370208223368266,-0.8715591363020303,0.0,0.0,1.0,638.9854759578275,0.0,-0.4540565745975952,642.1178364084459,0.0,-0.20796966182041543,-3.132360450618421,0.0,-0.24608691277717976,0.4213291842362904,0.5786708157637096,0.4942554628721082,1.0,0.4942554628721082,0.5057445371278918,,,,0.4942554628721082,-0.02297915962119959,,,False,0.4942554628721082,fpi_fallback
401869845,2026,2026,256,App State,James Madison,Sun Belt,Sun Belt,True,False,-1.6070733902734264,-0.9795879595085307,-0.27960672290134725,-1.0803361891828283,-0.28864416815911326,0.0,0.8967461358011848,-0.9266327503869366,0.0,0.0,1.0,741.7010701368393,0.009523809523809525,-0.2964783655947048,695.234106669023,0.01282051282051282,0.2328801287423507,46.4669634678163,-0.0032967032967032954,-0.5293584943370555,0.2491342439331536,0.7508657560668464,0.3647064580219254,1.0,0.3647064580219254,0.6352935419780745,,,,0.3647064580219254,-0.5549943574871251,,,False,0.3647064580219254,fpi_fallback
401871056,2026,338,2335,Kennesaw State,Liberty,CUSA,CUSA,True,False,0.04603742497514759,-0.08809273279802869,0.23408192297111358,-0.14544612850003866,0.14022873537871405,0.0,-1.2163953243244934,1.6618926025177756,0.0,0.0,1.0,538.417781872682,0.0,-0.11035407025344204,667.6595182095873,0.0,-0.2131392383873019,-129.24173633690532,0.0,0.10278516813385985,0.5431497851144615,0.45685021488553845,0.5326748430674417,1.0,0.5326748430674417,0.46732515693255827,,,,0.5326748430674417,0.130885904570518,,,False,0.5326748430674417,fpi_fallback
401862807,2026,235,151,Memphis,East Carolina,American,American,True,False,0.05646489619095746,-0.5031980285600487,-0.2572203295961736,-0.1388412455470482,-0.06916069203672204,0.0,0.020619287202735315,-0.9288831983003775,0.0,0.0,1.0,811.1368939946184,0.018867924528301886,0.14052798652883336,776.7464762757635,0.030927835051546393,0.1482528042243568,34.390417718854906,-0.012059910523244507,-0.007724817695523439,0.5549834674277205,0.44501653257227947,0.5303280418380013,1.0,0.5303280418380013,0.4696719581619987,,,,0.5303280418380013,0.12146127228348269,,,False,0.5303280418380013,fpi_fallback
401858271,2026,258,150,Virginia,Duke,ACC,ACC,True,False,-0.19357292703319445,0.06528129612178331,-0.03362008637960889,0.05068662988991018,-0.004522724308817061,0.0,-0.025708356710206992,0.7913522774105718,0.0,0.0,1.0,681.7851759026536,0.0,0.19059254374581175,835.443025727025,0.07692307692307693,0.1524012636603621,-153.6578498243714,-0.07692307692307693,0.03819128008544964,0.5216871590233794,0.47831284097662063,0.6737438559888074,1.0,0.6956357081613137,0.3043642918386863,-6.5,53.5,core_odds_api,0.6737438559888074,0.725167212377759,6.5,0.6956357081613137,True,0.6737438559888074,fpi_market
401861965,2026,41,113,UConn,Massachusetts,FBS Indep.,MAC,False,False,2.173352143702259,1.1672311727461577,0.3601477741879102,1.3961481448201343,0.417683820698997,0.0,0.11573595203465903,0.8198110056753262,0.0,0.0,1.0,615.5565845368845,0.0,-0.1529533590942646,580.0697737621826,0.0,-0.520773787951295,35.486810774701894,0.0,0.3678204288570304,0.8689538943607878,0.13104610563921215,0.7459363501272285,1.0,0.7459363501272285,0.2540636498727715,,,,0.7459363501272285,1.0770554493420248,,,False,0.7459363501272285,fpi_fallback
401862808,2026,202,349,Tulsa,Army,American,American,True,False,-1.4046016395416359,-0.4531958694404703,-0.1327643840107503,-0.6668227485836594,-0.19868221412099485,0.0,-0.03109058707003065,0.5651979592976795,0.0,0.0,1.0,698.7562176157269,0.0,-0.14037445304549245,586.599678950922,0.0,0.015280943267176026,112.15653866480488,0.0,-0.15565539631266848,0.44884129622073504,0.5511587037792649,0.47796170765098117,1.0,0.47796170765098117,0.5220382923490188,,,,0.47796170765098117,-0.08821032241686233,,,False,0.47796170765098117,fpi_fallback
401864525,2026,2751,2005,Wyoming,Air Force,Mountain West,Mountain West,True,False,-0.3697534982658726,-0.3746421370554649,-0.13543842654439814,-0.2586336439382489,-0.06677261831776232,0.0,0.0,0.08094151011145413,0.0,0.0,1.0,755.9642701563448,0.0,-0.17052082000783303,693.3178165578591,0.0,-0.18539588287011458,62.646453598485664,0.0,0.014875062862281546,0.5607040254370432,0.43929597456295677,0.4025936693983566,1.0,0.4025936693983566,0.5974063306016434,,,,0.4025936693983566,-0.39466971386272015,,,False,0.4025936693983566,fpi_fallback
401858272,2026,24,152,Stanford,NC State,ACC,ACC,True,False,-1.0962914813303928,-0.6696295590304641,-0.2160809175433328,-0.6652507449698633,-0.1967757988546298,0.0,-0.020726130517116914,-0.05480177377129621,0.0,0.0,1.0,892.6689042414988,0.09574468085106383,0.018158436641050876,940.0143298590317,0.12244897959183673,0.20064371785902324,-47.3454256175329,-0.026704298740772903,-0.18248528121797236,0.3799348108493927,0.6200651891506073,0.3814973149445973,1.0,0.3814973149445973,0.6185026850554027,,,,0.3814973149445973,-0.4831977205139771,,,False,0.3814973149445973,fpi_fallback
401856727,2026,333,245,Alabama,Texas A&M,SEC,SEC,True,False,0.16744985198216683,-0.410776963451453,-0.011589779337597972,-0.16582021111757467,-0.010686489586998249,0.0,0.055429804939330474,-0.6338722519602789,0.0,0.0,1.0,1451.3911057034413,0.6160714285714286,0.3317978703457419,1292.7928128569013,0.7078651685393258,0.42460359407589965,158.59829284654006,-0.09179373996789719,-0.09280572373015777,0.5489146119070042,0.4510853880929958,0.5690234119125206,1.0,0.5856237299470672,0.41437627005293276,-2.5,54.5,core_odds_api,0.5690234119125206,0.27786781035035635,2.5,0.5856237299470672,True,0.5690234119125206,fpi_market
401856729,2026,96,238,Kentucky,Vanderbilt,SEC,SEC,True,False,-0.8572502461178602,-0.6992401479197313,-0.14498292148013942,-0.6146332262439397,-0.16984853987896575,0.0,0.0,-0.9370824210327237,0.0,0.0,1.0,957.2511978283744,0.19148936170212766,0.12743784412898232,898.5992310035647,0.10588235294117647,0.2747700076748849,58.65196682480973,0.08560700876095119,-0.1473321635459026,0.4516997420521427,0.5483002579478573,0.470384179137393,1.0,0.470384179137393,0.529615820862607,,,,0.470384179137393,-0.11860211417393252,,,False,0.470384179137393,fpi_fallback
401856730,2026,344,201,Mississippi State,Oklahoma,SEC,SEC,True,False,-1.3075598293320945,-0.5626990266675634,-0.271298775465057,-0.5979222044544414,-0.2587332116395316,0.0,-0.030771658666753687,-0.22389079405411394,0.0,0.0,1.0,1004.9310140506045,0.11570247933884298,0.08344340967405131,1173.5834604844968,0.4519230769230769,0.3311106400825597,-168.65244643389224,-0.33622059758423395,-0.24766723040850838,0.29249001305334443,0.7075099869466556,0.2339713065238055,1.0,0.2339713065238055,0.7660286934761945,,,,0.2339713065238055,-1.1860211417393252,,,False,0.2339713065238055,fpi_fallback
401856731,2026,2579,2633,South Carolina,Tennessee,SEC,SEC,True,False,-0.6470304392479147,-0.11066593057292749,-0.09298176624170884,-0.29777969937760645,-0.13555473842894983,0.0,-0.005167970158442614,-0.31404539963687966,0.0,0.0,1.0,1150.3785478252003,0.4444444444444444,0.08932890748859423,1252.305283860725,0.46153846153846156,0.22869558366290296,-101.92673603552475,-0.017094017094017144,-0.13936667617430873,0.4258497191768845,0.5741502808231155,0.47708984128282456,1.0,0.47708984128282456,0.5229101587171754,,,,0.47708984128282456,-0.09170484899520154,,,False,0.47708984128282456,fpi_fallback
401856732,2026,251,145,Texas,Ole Miss,SEC,SEC,True,False,-0.19337744740017115,-0.1905180455407569,0.05292281781786823,-0.2582520374575824,-0.02150520800677036,0.0,0.015267472130788384,-0.37856974590546316,0.0,0.0,1.0,1404.970024515499,0.6060606060606061,0.3259839418805343,1077.05919274244,0.41379310344827586,0.3643332453427581,327.91083177305904,0.19226750261233022,-0.038349303462223816,0.662829305692937,0.33717069430706303,0.8049306768261221,1.0,0.7742336537702423,0.22576634622975766,-8.5,54.5,core_odds_api,0.8049306768261221,1.417401159123292,8.5,0.7742336537702423,True,0.8049306768261221,fpi_market
401856834,2026,2305,239,Kansas,Baylor,Big 12,Big 12,True,False,0.04003260543953956,0.011503307349143701,-0.011711696936540672,0.037688927685455856,-0.01921690103797985,0.0,-0.010416760858255714,0.06278061299749198,0.0,0.0,1.0,728.3803919337098,0.043478260869565216,0.0987177593152587,904.775063495865,0.15853658536585366,0.10111100596041074,-176.39467156215517,-0.11505832449628844,-0.0023932466451520445,0.48830201859828,0.51169798140172,0.46671891103080104,1.0,0.46671891103080104,0.533281088969199,,,,0.46671891103080104,-0.13332148370087604,,,False,0.46671891103080104,fpi_fallback
401856835,2026,2116,252,UCF,BYU,Big 12,Big 12,True,False,-1.3590506013560912,-0.5116049483050643,-0.24510076794871294,-0.4717450043876253,-0.29045528645046,0.0,-0.010256500167188598,-0.3402370783712854,0.0,0.0,1.0,765.5801937114245,0.0958904109589041,0.019875527945627768,966.2180287324254,0.12871287128712872,0.23853588239442264,-200.6378350210009,-0.03282246032822461,-0.21866035444879486,0.3398292282991689,0.6601707717008312,0.2888330478123077,1.0,0.2888330478123077,0.7111669521876923,,,,0.2888330478123077,-0.9010583834874927,,,False,0.2888330478123077,fpi_fallback
401856836,2026,197,38,Oklahoma State,Colorado,Big 12,Big 12,True,False,-0.5747061140632149,0.004050006243123619,-0.06106755525282753,-0.3427145417291368,-0.11629163184448893,0.0,0.020834086902842053,-0.07213733916202045,0.0,0.0,1.0,755.4882199001777,0.0,-0.18509401619573237,861.702384575236,0.15714285714285714,-0.03556014101794508,-106.21416467505833,-0.15714285714285714,-0.1495338751777873,0.39642357702267556,0.6035764229773244,0.5343351945504851,1.0,0.5343351945504851,0.46566480544951494,,,,0.5343351945504851,0.13755727349280228,,,False,0.5343351945504851,fpi_fallback
401856837,2026,254,248,Utah,Houston,Big 12,Big 12,True,False,0.8627220751666391,0.6225125567063649,0.09543977157629047,0.6993493771727753,0.07371980275943557,0.0,0.005221943981151611,0.1673789318969125,0.0,0.0,1.0,941.3110117961028,0.15294117647058825,0.30485487985898047,866.7900327400409,0.12162162162162163,0.09223461283714135,74.52097905606183,0.03131955484896662,0.21262026702183912,0.7730844414994492,0.22691555850055078,0.6000522370740611,1.0,0.6712433215000746,0.3287566784999254,-6.5,50.5,core_odds_api,0.6000522370740611,0.40568276732172837,6.5,0.6712433215000746,True,0.6000522370740611,fpi_market
401856838,2026,12,66,Arizona,Iowa State,Big 12,Big 12,True,False,-0.08838993782509305,0.11450210380911487,-0.021228424084322906,0.03545196724515073,-0.0334140176837735,0.0,-0.031252543504104224,0.8696495707175927,0.0,0.0,1.0,926.0198278993089,0.13592233009708737,0.23622595907028177,861.4912999357202,0.0673076923076923,0.16375126279945085,64.52852796358866,0.06861463778939507,0.07247469627083092,0.6369941388262749,0.36300586117372513,0.7544099995189822,1.0,0.7544099995189822,0.24559000048101776,,,,0.7544099995189822,1.122272505370837,,,False,0.7544099995189822,fpi_fallback
401856839,2026,9,2306,Arizona State,Kansas State,Big 12,Big 12,True,False,-0.12589657471943155,-0.13743455198641535,-0.05909404041577482,-0.12149167573241851,0.016808726695796472,0.0,-0.026111144003685638,0.11685297313968021,0.0,0.0,1.0,896.2395405052043,0.1,0.2419786272205886,908.4180140804283,0.07766990291262135,0.07624696545002964,-12.178473575223961,0.022330097087378653,0.16573166177055898,0.6213608583420993,0.3786391416579007,0.5580584624067128,1.0,0.5580584624067128,0.44194153759328725,,,,0.5580584624067128,0.23328612279033334,,,False,0.5580584624067128,fpi_fallback
401856840,2026,2132,2641,Cincinnati,Texas Tech,Big 12,Big 12,True,False,-1.2054153745081317,-1.0801910423767709,-0.26139169684208197,-0.9942355140782484,-0.23272198694500112,0.0,-0.0103093696588612,-0.8772336802690642,0.0,0.0,1.0,779.5136409431768,0.0379746835443038,0.10844840832140853,1052.4682043539133,0.25,0.42462074344422895,-272.95456341073645,-0.2120253164556962,-0.3161723351228204,0.22253637879627713,0.7774636212037229,0.19968247035461292,1.0,0.19968247035461292,0.800317529645387,,,,0.19968247035461292,-1.3882801043037993,,,False,0.19968247035461292,fpi_fallback
401856841,2026,2628,277,TCU,West Virginia,Big 12,Big 12,True,False,1.059135827742548,0.6770142238949716,0.24266730292127037,0.6508163255048637,0.21476743620436944,0.0,0.020726130517116914,0.4697101164672995,0.0,0.0,1.0,977.9587547112536,0.19,0.17568122172595302,911.6964337971962,0.06349206349206349,0.006903702757038735,66.26232091405745,0.1265079365079365,0.1687775189689143,0.7605895272139269,0.23941047278607308,0.714634731307496,1.0,0.714634731307496,0.285365268692504,,,,0.714634731307496,0.9180015426551975,,,False,0.714634731307496,fpi_fallback
401858270,2026,2567,25,SMU,California,ACC,ACC,True,False,1.2503011937585529,0.6214340676046372,0.16129152463792845,0.6999530642415824,0.16174394816957094,0.0,0.046761765908039266,0.11171199802463888,0.0,0.0,1.0,874.0415949819652,0.1625,0.2315533960010078,845.5299003506768,0.11392405063291139,-0.009139274462177608,28.51169463128838,0.04857594936708862,0.2406926704631854,0.7712534400210039,0.22874655997899607,0.79386101654297,1.0,0.79386101654297,0.20613898345702997,,,,0.79386101654297,1.348357785514895,,,False,0.79386101654297,fpi_fallback
401858273,2026,59,103,Georgia Tech,Boston College,ACC,ACC,True,False,0.8998173703174598,0.2112945676013067,0.06150761341912314,0.434377177630725,0.19062237117101455,0.0,0.005141399500418586,0.7981862826812153,0.0,0.0,1.0,968.9845275797574,0.14444444444444443,0.16709834133551948,809.9006532485765,0.060240963855421686,-0.10883366875047422,159.08387433118082,0.08420348058902274,0.2759320100859937,0.796204318542812,0.20379568145718796,0.7291944592426305,1.0,0.7291944592426305,0.2708055407573695,,,,0.7291944592426305,0.9905394428419324,,,False,0.7291944592426305,fpi_fallback
401858274,2026,2390,221,Miami,Pittsburgh,ACC,ACC,True,False,1.0514847057422412,0.44406278564615725,0.15734883129420946,0.5007061564276546,0.16050630132541321,0.0,0.005089069507471677,0.28679315578162007,0.0,0.0,1.0,1262.9288503196244,0.5233644859813084,0.4940492419545948,901.0402708557126,0.12643678160919541,0.25090656933998107,361.8885794639118,0.39692770437211294,0.24314267261461375,0.8687831489839904,0.13121685101600955,0.8671790035566882,1.0,0.8671790035566882,0.1328209964433118,,,,0.8671790035566882,1.8762430883336938,,,False,0.8671790035566882,fpi_fallback
401858275,2026,153,183,North Carolina,Syracuse,ACC,ACC,True,False,0.11650595218779472,0.5706917035244624,0.07767724460398229,0.3838784519831033,0.011873047907222267,0.0,0.005141399500418586,0.4993789702600839,0.0,0.0,1.0,964.9357928955131,0.15447154471544716,-0.03466205245877597,915.4353213958169,0.08181818181818182,-0.0917346289034202,49.50047149969623,0.07265336289726534,0.05707257644464423,0.6720411144084164,0.3279588855915836,0.7047962613806793,1.0,0.7047962613806793,0.2952037386193207,,,,0.7047962613806793,0.8702430127512296,,,False,0.7047962613806793,fpi_fallback
401858276,2026,228,259,Clemson,Virginia Tech,ACC,ACC,True,False,1.2665726540954507,0.7392209191309508,0.2330031954521492,0.6456860911347008,0.20717882728098613,0.0,0.03509131981127034,0.35020627107878455,0.0,0.0,1.0,1162.6283334023117,0.4827586206896552,0.13696508014615622,941.2491041062212,0.19318181818181818,0.018920152232701312,221.37922929609044,0.289576802507837,0.1180449279134549,0.8049315422807095,0.1950684577192905,0.7117756177568699,1.0,0.7117756177568699,0.2882243822431301,,,,0.7117756177568699,0.9040234363418411,,,False,0.7117756177568699,fpi_fallback
401858495,2026,356,2483,Illinois,Oregon,Big Ten,Big Ten,True,False,-1.1847311012870272,-0.16557382212345434,-0.01740352030509451,-0.497058569731888,-0.10699705182842867,0.0,-0.0359936026479053,0.03311129117195833,0.0,0.0,1.0,917.6907070888561,0.0782608695652174,0.16675780417854352,1401.6094907863976,0.5378151260504201,0.4314892927531719,-483.91878369754147,-0.45955425648520276,-0.26473148857462836,0.20961290337767258,0.7903870966223274,0.14891537243493944,1.0,0.14891537243493944,0.8510846275650605,,,,0.14891537243493944,-1.7431333941224134,,,False,0.14891537243493944,fpi_fallback
401858496,2026,130,84,Michigan,Indiana,Big Ten,Big Ten,True,False,-0.9468046634691746,-0.9110194578668293,-0.2484696549324229,-0.9098496519384736,-0.18139235103329876,0.0,0.005167970158442614,-1.5116952252445708,0.0,0.0,1.0,1235.613791698029,0.51,0.23626313954224643,872.0069986162093,0.1,0.5357653254929933,363.60679308181966,0.41000000000000003,-0.29950218595074685,0.5027490485647376,0.49725095143526243,0.37646297135710144,1.0,0.35063446481712135,0.6493655351828787,6.0,52.5,core_odds_api,0.37646297135710144,-0.5045884589632043,-6.0,0.35063446481712135,True,0.37646297135710144,fpi_market
401858497,2026,135,2294,Minnesota,Iowa,Big Ten,Big Ten,True,False,-0.5822381644558277,-0.5051963084715378,-0.06463177043104984,-0.5262958733760451,-0.05169149454265365,0.0,-0.020726130517116914,-0.34629786587667694,0.0,0.0,1.0,945.3401948206013,0.12264150943396226,-0.01770528059758985,987.4538325581303,0.19607843137254902,0.26940787108696074,-42.113637737529075,-0.07343692193858675,-0.2871131516845506,0.3529290395309909,0.647070960469009,0.3122422988698034,1.0,0.3122422988698034,0.6877577011301965,,,,0.3122422988698034,-0.7896571119598347,,,False,0.3122422988698034,fpi_fallback
401858498,2026,77,164,Northwestern,Rutgers,Big Ten,Big Ten,True,False,0.11052075557892749,0.5322448362836191,0.12572546776606464,0.22639137999738215,0.060691392108461306,0.0,0.0,0.4380865366824628,0.0,0.0,1.0,799.4019028452823,0.047619047619047616,0.045966842685715825,974.5567623671036,0.1485148514851485,-0.007181304706549596,-175.15485952182132,-0.10089580386610089,0.05314814739226542,0.5411948144354511,0.45880518556454886,0.6060345845113763,1.0,0.6060345845113763,0.39396541548862374,,,,0.6060345845113763,0.43067392709409247,,,False,0.6060345845113763,fpi_fallback
401858499,2026,26,127,UCLA,Michigan State,Big Ten,Big Ten,True,False,0.058044194414849246,-0.5597478225630245,-0.06539538301067993,-0.2597272989750837,-0.005790326516652233,0.0,0.0,-0.4243340956697034,0.0,0.0,1.0,811.0418477665968,0.0821917808219178,-0.0031423834422963023,936.667144135479,0.14444444444444443,0.03342503768153286,-125.62529636888223,-0.06225266362252663,-0.036567421123829165,0.45934009704598344,0.5406599029540166,0.5707624879632072,1.0,0.5707624879632072,0.42923751203679283,,,,0.5707624879632072,0.2849627582518325,,,False,0.5707624879632072,fpi_fallback
401858500,2026,275,30,Wisconsin,USC,Big Ten,Big Ten,True,False,-1.0581757204205655,-0.5228945798914946,-0.12252165988261876,-0.7044490029278015,-0.18549152373075528,0.0,-0.005141399500418586,-0.4909228043492522,0.0,0.0,1.0,907.0388207801798,0.2111111111111111,0.06697475666311872,1275.9325614814477,0.4727272727272727,0.3017096492006037,-368.8937407012679,-0.26161616161616164,-0.234734892537485,0.24258950936998155,0.7574104906300184,0.26437210506233394,1.0,0.26437210506233394,0.735627894937666,,,,0.26437210506233394,-1.0233668137293606,,,False,0.26437210506233394,fpi_fallback
401862809,2026,2226,242,Florida Atlantic,Rice,American,American,True,False,0.024884637121115247,0.4731428079264515,-0.004501772069243626,0.35596130918596725,-0.029131667622233015,0.0,0.005249355886143725,0.24223432579856308,0.0,0.0,1.0,708.5716649532192,0.013157894736842105,-0.057874346751056974,724.7183407942623,0.0,-0.21833410646060722,-16.146675841043134,0.013157894736842105,0.16045975970955023,0.6802420263982274,0.3197579736017726,0.6214965306642786,1.0,0.6214965306642786,0.37850346933572143,,,,0.6214965306642786,0.49590508988975535,,,False,0.6214965306642786,fpi_fallback
401862811,2026,2655,2636,Tulane,UTSA,American,American,True,False,0.40740030003483296,-0.43789807477683296,0.038663713459359705,-0.16890197513928043,0.09669665913377656,0.0,0.15082288973458358,0.26974974844360533,0.0,0.0,1.0,775.5318857887579,0.06493506493506493,0.10101112658160054,413.2363130808404,0.0,0.08883544728224549,362.29557270791753,0.06493506493506493,0.01217567929935505,0.6905751613097418,0.30942483869025816,0.7437224786139167,1.0,0.7437224786139167,0.2562775213860833,,,,0.7437224786139167,1.0654070274142273,,,False,0.7437224786139167,fpi_fallback
401864526,2026,2459,62,Northern Illinois,Hawai'i,Mountain West,Mountain West,True,False,-0.6858408947430371,-0.3775028618419967,-0.25276363906976085,-0.27106296675424885,-0.18601749315672966,0.0,-0.020101179321087237,-1.4323681232159424,0.0,0.0,1.0,790.6958349919561,0.009174311926605505,-0.34283992440212285,,,-0.10169282413193194,,,-0.24114710027019093,0.4391279859093973,0.5608720140906027,0.2648872850401942,1.0,0.2648872850401942,0.7351127149598058,,,,0.2648872850401942,-1.0207194451094066,,,False,0.2648872850401942,fpi_fallback
401866446,2026,2309,2006,Kent State,Akron,MAC,MAC,True,False,-0.2989587002800613,-0.2914873425675798,-0.028999848888124125,-0.4664986190999521,-0.060964432761056675,0.0,-0.010695289116747553,0.36604487769427807,0.0,0.0,1.0,709.4657050110235,0.012658227848101266,-0.3216129524444867,633.6115119466774,0.0,-0.3729704281556604,75.85419306434608,0.012658227848101266,0.05135747571117372,0.5547353561694787,0.44526464383052133,0.5386537217068915,1.0,0.5386537217068915,0.4613462782931085,,,,0.5386537217068915,0.1549240116396995,,,False,0.5386537217068915,fpi_fallback
401866447,2026,2050,16,Ball State,Sacramento State,MAC,MAC,True,False,-0.6757665233666785,-0.4671263286706825,-0.04281617216968414,-0.4993101202176529,-0.0652713068793273,0.0,2.2407096892759584,-0.11765779105488264,0.0,0.0,1.0,699.3573843826957,0.0,-0.4324979754700893,692.9988066587673,0.0,,6.35857772392842,0.0,,0.5089989692709334,0.49100103072906665,0.3865823563276716,1.0,0.3865823563276716,0.6134176436723284,,,,0.3865823563276716,-0.4617010873199515,,,False,0.3865823563276716,fpi_fallback
401866448,2026,2084,189,Buffalo,Bowling Green,MAC,MAC,True,False,0.176654286743169,-0.16036806761325736,-0.021493264127793954,0.04862129534213616,0.04455025461459511,0.0,-0.015831465216680662,0.16958588333550778,0.0,0.0,1.0,711.4279562027778,0.0,-0.2965654738374634,721.2040197767335,0.0,-0.2229314178683267,-9.776063573955753,0.0,-0.07363405596913669,0.5369284175940712,0.4630715824059288,0.6391857048367763,1.0,0.6391857048367763,0.3608142951632237,,,,0.6391857048367763,0.5718316219100319,,,False,0.6391857048367763,fpi_fallback
401866449,2026,195,2199,Ohio,Eastern Michigan,MAC,MAC,True,False,1.3778560005168448,0.40632653160712756,0.2205433271264421,0.602416145503514,0.2581432796813396,0.0,0.015831465216680662,0.011250116536477889,0.0,0.0,1.0,728.1091688566596,0.02666666666666667,-0.08827759141170993,776.7626689614904,0.0,-0.22427512620379558,-48.653500104830755,0.02666666666666667,0.13599753479208565,0.6923917438498864,0.30760825615011356,0.7594946665274402,1.0,0.7594946665274402,0.24050533347255976,,,,0.7594946665274402,1.1499110337631546,,,False,0.7594946665274402,fpi_fallback
401866450,2026,2649,2711,Toledo,Western Michigan,MAC,MAC,True,False,0.1387953785442346,-0.03397562344074524,-0.15095178046201763,0.2608119514562088,-0.06036687595730328,0.0,0.005221943981151611,-0.5983106667158177,0.0,0.0,1.0,746.2577192210606,0.02531645569620253,0.08408466429112067,726.859170455014,0.0,-0.030280742089063867,19.398548766046588,0.02531645569620253,0.11436540638018454,0.6627562811323486,0.33724371886765137,0.5932735549568104,1.0,0.5932735549568104,0.40672644504318956,,,,0.5932735549568104,0.37751476520541905,,,False,0.5932735549568104,fpi_fallback
401866476,2026,2117,193,Central Michigan,Miami (OH),MAC,MAC,True,False,-0.5536965497852475,-0.12213326540493531,0.007001480735217835,-0.24735798220031432,-0.04997723305118906,0.0,-0.01574835696813892,0.8063182185957521,0.0,0.0,1.0,710.6104865694842,0.0,-0.16936787162657693,722.3685503666973,0.0,-0.19534094449480896,-11.758063797213026,0.0,0.025973072868232028,0.5391651643477174,0.46083483565228256,0.41320701073364613,1.0,0.41320701073364613,0.5867929892663539,,,,0.41320701073364613,-0.350723394771486,,,False,0.41320701073364613,fpi_fallback
401869967,2026,2572,309,Southern Miss,Louisiana,Sun Belt,Sun Belt,True,False,-0.6273904578466545,-0.12387174030721072,-0.13736294302816104,-0.20047236503586846,-0.09735618448757627,0.0,-0.025576841789649585,1.1476535654490385,0.0,0.0,1.0,741.0864815840933,0.0,-0.1422164493687413,716.1153761466188,0.0,-0.25325455386875345,24.971105437474534,0.0,0.11103810450001214,0.5971911945540056,0.4028088054459944,0.6470843119911107,1.0,0.6470843119911107,0.3529156880088893,,,,0.6470843119911107,0.606247413969432,,,False,0.6470843119911107,fpi_fallback
401871093,2026,2348,295,Louisiana Tech,Old Dominion,Sun Belt,Sun Belt,True,False,-0.6777409775690603,-0.4334190359024252,-0.10502161605856997,-0.3356370720506713,-0.10756212615540606,0.0,0.32621573645402435,-0.2310123480005268,0.0,0.0,1.0,726.6291678447327,0.0,-0.08608239221705838,808.9583543532183,0.026785714285714284,0.16075646446324005,-82.32918650848558,-0.026785714285714284,-0.24683885668029842,0.3835445586266644,0.6164554413733356,0.4310544973325872,1.0,0.4310544973325872,0.5689455026674128,,,,0.4310544973325872,-0.27755012611596164,,,False,0.4310544973325872,fpi_fallback
401871094,2026,2653,2433,Troy,UL Monroe,Sun Belt,Sun Belt,True,False,1.200749843238368,0.43182507105385554,0.18643418096852626,0.6228887897745399,0.2104688863612706,0.0,0.025708356710206992,0.21678443867596342,0.0,0.0,1.0,776.4629635065345,0.0,-0.13824595035975623,736.2526686071137,0.009433962264150943,-0.2673925024115139,40.210294899420774,-0.009433962264150943,0.12914655205175768,0.7177357195308312,0.28226428046916885,0.8211944091684734,1.0,0.8211944091684734,0.17880559083152658,,,,0.8211944091684734,1.5244607461142248,,,False,0.8211944091684734,fpi_fallback
401856728,2026,2,99,Auburn,LSU,SEC,SEC,True,False,-0.5213292207091922,0.27205200920205497,-0.019761298448385256,0.09423177778875039,-0.09410288839873487,0.0,0.0,0.4290745911653744,0.0,0.0,1.0,1126.5988176305864,0.3917525773195876,0.2366688125705948,1272.669430225689,0.5098039215686274,0.18878088457719902,-146.0706125951026,-0.11805134424903979,0.04788792799339578,0.5290061566861336,0.4709938433138664,0.35771851432849067,1.0,0.35771851432849067,0.6422814856715093,,,,0.35771851432849067,-0.5852802544993971,,,False,0.35771851432849067,fpi_fallback
401862810,2026,2426,249,Navy,North Texas,American,American,True,False,0.11943637871530427,-0.29975616237138436,0.03372870132158923,-0.37527231258649574,0.034521110040223846,0.0,0.0,-0.5917263621512165,0.0,0.0,1.0,513.2100047675495,0.0,0.1009917703659504,689.7607421558456,0.0273972602739726,0.18532049076085383,-176.55073738829606,-0.0273972602739726,-0.08432872039490343,0.41119596974281863,0.5888040302571813,0.704156923066967,1.0,0.704156923066967,0.295843076933033,,,,0.704156923066967,0.8671720651520836,,,False,0.704156923066967,fpi_fallback
401864528,2026,2440,23,Nevada,San José State,Mountain West,Mountain West,True,False,-0.2826811024986932,0.3962813833844199,0.09461246669628715,0.027852390151872353,-0.03125875337828493,0.0,0.0,0.8679854900745682,0.0,0.0,1.0,726.5675162890159,0.0,-0.23295498906943338,724.1630544316288,0.011235955056179775,-0.19911733164845075,2.404461857387105,-0.011235955056179775,-0.03383765742098263,0.5546670216989463,0.4453329783010537,0.6257715634453147,1.0,0.6257715634453147,0.3742284365546853,,,,0.6257715634453147,0.5141189859950379,,,False,0.6257715634453147,fpi_fallback
401860907,2026,265,68,Washington State,Boise State,Pac-12,Pac-12,True,False,-0.4325422290605252,0.3319574177471504,0.021529995037330885,-0.06613520588877948,-0.08541335841385256,0.0,-0.06219620786990543,0.5262560328269865,0.0,0.0,1.0,767.2399461783762,0.007874015748031496,0.09226585663667623,848.8900053513655,0.02564102564102564,0.03026250522538966,-81.65005917298936,-0.017767009892994144,0.06200335141128657,0.5514941932985209,0.4485058067014791,0.355968664613231,1.0,0.355968664613231,0.644031335386769,,,,0.355968664613231,-0.5929046761248644,,,False,0.355968664613231,fpi_fallback
401860905,2026,36,21,Colorado State,San Diego State,Pac-12,Pac-12,True,False,-1.032648812501925,-0.8265921373866879,-0.21429870351265623,-0.7135007490516591,-0.18925732423126596,0.0,-0.03158157205029877,-1.5730306736301396,0.0,0.0,1.0,741.5832443465806,0.0,-0.18634317778833193,722.2374816700269,0.0,0.07918892213122844,19.345762676553704,0.0,-0.2655320999195604,0.367353485959318,0.6326465140406821,0.2322674949567636,1.0,0.2322674949567636,0.7677325050432364,,,,0.2322674949567636,-1.1955516687711591,,,False,0.2322674949567636,fpi_fallback
401869935,2026,2032,2247,Arkansas State,Georgia State,Sun Belt,Sun Belt,True,False,1.053371500645635,0.5972667358938369,0.3395172436365811,0.5754298289925283,0.29881982651971006,0.0,0.20526312603636132,0.5431113033636348,0.0,0.0,1.0,798.8377398455441,0.0,-0.1622319327532929,759.1500550839612,0.010638297872340425,-0.2097643168708603,39.68768476158289,-0.010638297872340425,0.04753238411756741,0.6784669877642615,0.3215330122357385,0.7125353753206215,1.0,0.7125353753206215,0.2874646246793785,,,,0.7125353753206215,0.9077297524097764,,,False,0.7125353753206215,fpi_fallback
401860906,2026,326,328,Texas State,Utah State,Pac-12,Pac-12,True,False,0.6107982964270241,0.5517449064692815,0.2017587372190584,0.4062940787160719,0.1153655074169348,0.0,-0.09270939810426704,-0.143250824759416,0.0,0.0,1.0,730.9582650396574,0.0,-0.05944701182601658,734.3906244961368,0.0,-0.010083142412802261,-3.4323594564793893,0.0,-0.04936386941321432,0.5997746506858732,0.4002253493141268,0.6280502237966378,1.0,0.6280502237966378,0.3719497762033622,,,,0.6280502237966378,0.523861302516468,,,False,0.6280502237966378,fpi_fallback
401864527,2026,167,2449,New Mexico,North Dakota State,Mountain West,Mountain West,True,False,0.30112377573522053,0.20873283714942686,0.13976293590260186,0.12889618679190148,0.11533381310251856,0.0,3.0497994948242666,0.7750050274101432,0.0,0.0,1.0,607.7200445489912,0.0,-0.027256250774157314,645.1896273252023,0.0,,-37.469582776211155,0.0,,0.5797480409978317,0.4202519590021683,0.6840161392025966,1.0,0.6840161392025966,0.31598386079740337,,,,0.6840161392025966,0.7722903738129373,,,False,0.6840161392025966,fpi_fallback
401871071,2026,98,48,Western Kentucky,Delaware,CUSA,CUSA,True,False,0.4999771036229481,0.21123060407046818,0.005479917928493339,0.33079930860376416,0.07147351153162362,0.0,2.1202635362000906,0.05153836417935508,0.0,0.0,1.0,673.5953239504531,0.0,-0.08552767474658443,501.88099863363584,0.0,-0.18026586032236394,171.71432531681728,0.0,0.09473818557577951,0.7132886795972925,0.2867113204027075,0.6092913333845809,1.0,0.6092913333845809,0.39070866661541914,,,,0.6092913333845809,0.44433434917305425,,,False,0.6092913333845809,fpi_fallback
401871072,2026,2623,2534,Missouri State,Sam Houston,CUSA,CUSA,True,False,0.5614258122755609,0.6418159364085885,0.06570702700197678,0.5107793696538196,0.08686875642332759,0.0,-0.3844116989103319,1.0720258854886833,0.0,0.0,1.0,523.8358831187666,0.0,-0.16300112984699,638.9854759578275,0.0,-0.4540565745975952,-115.14959283906092,0.0,0.2910554447506052,0.7168716208168016,0.28312837918319844,0.7557612414785602,1.0,0.7557612414785602,0.24423875852143984,,,,0.7557612414785602,1.1295792427619091,,,False,0.7557612414785602,fpi_fallback
401871058,2026,2393,338,Middle Tennessee,Kennesaw State,CUSA,CUSA,True,False,-0.9305486085075517,0.026362616291102925,-0.12478115396707112,-0.24976841555022136,-0.20697081696485153,0.0,1.7865375252469033,-1.0061885307671945,0.0,0.0,1.0,719.367146484565,0.0,-0.20674295963406975,538.417781872682,0.0,-0.11035407025344204,180.94936461188297,0.0,-0.0963888893806277,0.5571589913163725,0.4428410086836275,0.3817222198931671,1.0,0.3817222198931671,0.6182777801068329,,,,0.3817222198931671,-0.4822446678107932,,,False,0.3817222198931671,fpi_fallback
401871057,2026,166,55,New Mexico State,Jacksonville State,CUSA,CUSA,True,False,-1.1325012739691034,-0.3986905699571694,-0.22094551285303826,-0.5654199215800096,-0.23144160039357553,0.0,1.1950041343431748,0.0872926500593644,0.0,0.0,1.0,642.1178364084459,0.0,-0.20796966182041543,675.3485562302653,0.0,-0.1740853325659812,-33.230719821819434,0.0,-0.03388432925443424,0.461581228955161,0.5384187710448389,0.3770348675904076,1.0,0.3770348675904076,0.6229651324095924,,,,0.3770348675904076,-0.5021528798328466,,,False,0.3770348675904076,fpi_fallback
401862812,2026,249,2226,North Texas,Florida Atlantic,American,American,True,False,1.4280785204188873,0.9219946239876956,0.30190110992262265,0.9043380066521854,0.29359357103809053,0.0,0.020726130517116914,0.8717024478561143,0.0,0.0,1.0,689.7607421558456,0.0273972602739726,0.18532049076085383,708.5716649532192,0.013157894736842105,-0.057874346751056974,-18.810922797373564,0.014239365537130497,0.2431948375119108,0.7765747822391206,0.22342521776087942,0.6854334706129509,1.0,0.6854334706129509,0.3145665293870491,,,,0.6854334706129509,0.7788558479904228,,,False,0.6854334706129509,fpi_fallback
401869963,2026,256,2653,James Madison,Troy,Sun Belt,Sun Belt,True,False,1.1582231745567038,0.7162778408698686,0.1826919028444135,0.8159669145032182,0.18752980226507754,0.0,-1.1560693436928968,0.5179562167968856,0.0,0.0,1.0,695.234106669023,0.01282051282051282,0.2328801287423507,776.4629635065345,0.0,-0.13824595035975623,-81.22885683751144,0.01282051282051282,0.37112607910210693,0.7922458367464522,0.20775416325354779,0.6962436002742731,1.0,0.6962436002742731,0.3037563997257269,,,,0.6962436002742731,0.8294735360039406,,,False,0.6962436002742731,fpi_fallback
401862813,2026,2429,2655,Charlotte,Tulane,American,American,True,False,-2.1973543034620797,-1.0691638940008987,-0.35538347758759836,-1.1848762692029133,-0.3825225852014381,0.0,-0.4541302800894451,-0.6864379374440682,0.0,0.0,1.0,677.7973197292208,0.0,-0.254936540932452,775.5318857887579,0.06493506493506493,0.10101112658160054,-97.73456605953709,-0.06493506493506493,-0.35594766751405255,0.24865039039035075,0.7513496096096492,0.17977166043285236,1.0,0.17977166043285236,0.8202283395671477,,,,0.17977166043285236,-1.51789527193674,,,False,0.17977166043285236,fpi_fallback
401856844,2026,2116,239,UCF,Baylor,Big 12,Big 12,True,False,-0.17342204007203463,-0.08471680162373249,0.024167317625347295,-0.03487483017305488,-0.039587952385117975,0.0,0.005167970158442614,0.3617305227807083,0.0,0.0,1.0,765.5801937114245,0.0958904109589041,0.019875527945627768,904.775063495865,0.15853658536585366,0.10111100596041074,-139.19486978444047,-0.06264617440694956,-0.08123547801478298,0.46540421042402613,0.5345957895759739,0.4498165822918975,1.0,0.4498165822918975,0.5501834177081024,,,,0.4498165822918975,-0.20141180460608885,,,False,0.4498165822918975,fpi_fallback
401866451,2026,16,2309,Sacramento State,Kent State,MAC,MAC,True,False,0.788143303437937,0.1072246697057303,-0.10277208531149407,0.5247782339853343,0.038349209501984116,0.0,-2.230014400159211,-0.6103733156406406,0.0,0.0,1.0,692.9988066587673,0.0,,709.4657050110235,0.012658227848101266,-0.3216129524444867,-16.46689835225618,-0.012658227848101266,,0.6401802204673676,0.35981977953263244,0.7418611946329836,1.0,0.7418611946329836,0.2581388053670164,,,,0.7418611946329836,1.0556647108927977,,,False,0.7418611946329836,fpi_fallback
401856733,2026,8,142,Arkansas,Missouri,SEC,SEC,True,False,-0.9814842084901079,-0.4059619214373482,-0.21471296095164227,-0.4607216258015116,-0.25588257872735987,0.0,-0.020619287202735315,-0.2844358558539466,0.0,0.0,1.0,923.2652086614927,0.15053763440860216,0.12034445408518966,991.2097296268986,0.2823529411764706,0.29316690406481605,-67.9445209654059,-0.13181530676786843,-0.17282244997962637,0.38868973885178454,0.6113102611482155,0.3636520892351028,1.0,0.3636520892351028,0.6363479107648973,,,,0.3636520892351028,-0.5595478315134458,,,False,0.3636520892351028,fpi_fallback
401856735,2026,145,2,Ole Miss,Auburn,SEC,SEC,True,False,1.5486960520313209,0.2746307976525152,0.224647952649064,0.5095256456327932,0.2902694982875255,0.0,0.0,0.14849250142645132,0.0,0.0,1.0,1077.05919274244,0.41379310344827586,0.3643332453427581,1126.5988176305864,0.3917525773195876,0.2366688125705948,-49.53962488814636,0.02204052612868823,0.12766443277216333,0.6760457075427312,0.3239542924572688,0.6661105117417832,1.0,0.6661105117417832,0.33388948825821685,,,,0.6661105117417832,0.690645525573561,,,False,0.6661105117417832,fpi_fallback
401856736,2026,201,2579,Oklahoma,South Carolina,SEC,SEC,True,False,0.7219804220602623,0.06807922206973335,0.20948987610018638,0.18235023268445277,0.18135650797151626,0.0,0.025576841789649585,0.9874610657048128,0.0,0.0,1.0,1173.5834604844968,0.4519230769230769,0.3311106400825597,1150.3785478252003,0.4444444444444444,0.08932890748859423,23.204912659296497,0.007478632478632508,0.24178173259396546,0.7040373987653329,0.2959626012346671,0.71292564221914,1.0,0.71292564221914,0.28707435778086,,,,0.71292564221914,0.9096358578161435,,,False,0.71292564221914,fpi_fallback
401856737,2026,251,344,Texas,Mississippi State,SEC,SEC,True,False,1.834773293935059,0.7296129866628436,0.37234528920429544,0.7433815476278445,0.3430176496845239,0.0,0.030771658666753687,-0.3581518426697676,0.0,0.0,1.0,1404.970024515499,0.6060606060606061,0.3259839418805343,1004.9310140506045,0.11570247933884298,0.08344340967405131,400.03901046489455,0.4903581267217631,0.242540532206483,0.8979302757498989,0.10206972425010108,0.935987615655308,1.0,0.935987615655308,0.06401238434469203,,,,0.935987615655308,2.682525675226836,,,False,0.935987615655308,fpi_fallback
401856842,2026,2641,12,Texas Tech,Arizona,Big 12,Big 12,True,False,0.7093549978069609,0.3896939977726506,0.04606418192235395,0.6113321527003457,0.10507677480726818,0.0,0.031252543504104224,0.23600342419272466,0.0,0.0,1.0,1052.4682043539133,0.25,0.42462074344422895,926.0198278993089,0.13592233009708737,0.23622595907028177,126.44837645460439,0.11407766990291263,0.1883947843739472,0.7795684547964565,0.22043154520354347,0.8357100921014363,1.0,0.8357100921014363,0.16428990789856368,,,,0.8357100921014363,1.626649174844443,,,False,0.8357100921014363,fpi_fallback
401856843,2026,252,9,BYU,Arizona State,Big 12,Big 12,True,False,0.7012735507536627,0.15379161288871673,0.15227758840711625,0.27633049668193016,0.13302989823604117,0.0,0.036367644170874236,0.4918005308984766,0.0,0.0,1.0,966.2180287324254,0.12871287128712872,0.23853588239442264,896.2395405052043,0.1,0.2419786272205886,69.97848822722108,0.02871287128712871,-0.0034427448261659666,0.6333049548619292,0.36669504513807083,0.7596107053960541,1.0,0.7596107053960541,0.24038929460394587,,,,0.7596107053960541,1.1505464022319432,,,False,0.7596107053960541,fpi_fallback
401856845,2026,2628,2305,TCU,Kansas,Big 12,Big 12,True,False,0.8032455336302337,0.3852861335200125,0.27307872938164485,0.27386926493761965,0.20067907343152797,0.0,0.020726130517116914,0.3953773028859996,0.0,0.0,1.0,977.9587547112536,0.19,0.17568122172595302,728.3803919337098,0.043478260869565216,0.0987177593152587,249.57836277754382,0.14652173913043479,0.07696346241069432,0.743076197533257,0.25692380246674296,0.6562662513792961,1.0,0.6562662513792961,0.34373374862070394,,,,0.6562662513792961,0.6466992064823265,,,False,0.6562662513792961,fpi_fallback
401856846,2026,38,2306,Colorado,Kansas State,Big 12,Big 12,True,False,-0.9988874115522458,-0.7033518373151547,-0.2446663345133135,-0.5650998643258345,-0.1769376045325166,0.0,-0.020834086902842053,-0.36626277312162303,0.0,0.0,1.0,861.702384575236,0.15714285714285714,-0.03556014101794508,908.4180140804283,0.07766990291262135,0.07624696545002964,-46.71562950519228,0.07947295423023579,-0.11180710646797472,0.4347840336796078,0.5652159663203922,0.5524623572651294,1.0,0.5524623572651294,0.4475376427348706,,,,0.5524623572651294,0.21062464740352818,,,False,0.5524623572651294,fpi_fallback
401856847,2026,66,197,Iowa State,Oklahoma State,Big 12,Big 12,True,False,1.6302592023983835,0.7916666080202145,0.35924309971343504,0.9721995195615805,0.353662641980475,0.0,0.005141399500418586,0.6256012216442036,0.0,0.0,1.0,861.4912999357202,0.0673076923076923,0.16375126279945085,755.4882199001777,0.0,-0.18509401619573237,106.00308003554255,0.0673076923076923,0.34884527899518325,0.8516862476700444,0.14831375232995558,0.452805955389084,1.0,0.452805955389084,0.547194044610916,,,,0.452805955389084,-0.18933980369909933,,,False,0.452805955389084,fpi_fallback
401856848,2026,2132,254,Cincinnati,Utah,Big 12,Big 12,True,False,-1.0981525525692246,-1.0729295189181298,-0.3587402381915801,-0.8416594861005099,-0.2261793318085248,0.0,0.0051948168771041026,-0.7999567455343004,0.0,0.0,1.0,779.5136409431768,0.0379746835443038,0.10844840832140853,941.3110117961028,0.15294117647058825,0.30485487985898047,-161.79737085292595,-0.11496649292628444,-0.19640647153757193,0.30951420423638903,0.690485795763611,0.4591891475183296,1.0,0.4591891475183296,0.5408108524816704,,,,0.4591891475183296,-0.16360738071314834,,,False,0.4591891475183296,fpi_fallback
401858277,2026,152,25,NC State,California,ACC,ACC,True,False,0.5553470121404144,0.46938694326168723,0.1600997465233664,0.28652554639735733,0.08685620979453224,0.0,0.03655759573379758,0.39444298629710145,0.0,0.0,1.0,940.0143298590317,0.12244897959183673,0.20064371785902324,845.5299003506768,0.11392405063291139,-0.009139274462177608,94.48442950835488,0.008524928958925343,0.20978299232120085,0.7281928139898656,0.2718071860101344,0.6375967443144934,1.0,0.6375967443144934,0.3624032556855066,,,,0.6375967443144934,0.5649484634981521,,,False,0.6375967443144934,fpi_fallback
401858278,2026,183,2567,Syracuse,SMU,ACC,ACC,True,False,-1.5715114977484996,-1.3147766496817703,-0.33142542639163447,-1.1307621299376984,-0.2574621847452807,0.0,-0.015345569674660275,-0.896042548945843,0.0,0.0,1.0,915.4353213958169,0.08181818181818182,-0.0917346289034202,874.0415949819652,0.1625,0.2315533960010078,41.39372641385171,-0.08068181818181819,-0.323288024904428,0.2982604679476698,0.7017395320523302,0.26932341898821366,1.0,0.26932341898821366,0.7306765810117863,,,,0.26932341898821366,-0.9980579697226019,,,False,0.26932341898821366,fpi_fallback
401858279,2026,150,103,Duke,Boston College,ACC,ACC,True,False,1.1730327369134033,0.4213764321269111,0.2846702316582069,0.4691465880306356,0.26854774621695054,0.0,0.015345569674660275,0.6953887680990625,0.0,0.0,1.0,835.443025727025,0.07692307692307693,0.1524012636603621,809.9006532485765,0.060240963855421686,-0.10883366875047422,25.542372478448442,0.01668211306765524,0.26123493241083634,0.7480718922069047,0.25192810779309527,0.7156270765444989,1.0,0.7156270765444989,0.28437292345550114,,,,0.7156270765444989,0.9228727009159122,,,False,0.7156270765444989,fpi_fallback
401858280,2026,52,228,Florida State,Clemson,ACC,ACC,True,False,-0.879237322128231,-0.3111813413449988,-0.16855474983860985,-0.2811908367220403,-0.15862750281622884,0.0,-0.03509131981127034,0.2962090567235305,0.0,0.0,1.0,1140.327181629477,0.3627450980392157,0.27952505542872025,1162.6283334023117,0.4827586206896552,0.13696508014615622,-22.3011517728346,-0.12001352265043952,0.14255997528256403,0.5650747430400064,0.4349252569599936,0.4576905742185867,1.0,0.4663336529520885,0.5336663470479115,1.5,51.5,core_odds_api,0.4576905742185867,-0.16964338116664263,-1.5,0.4663336529520885,True,0.4576905742185867,fpi_market
401858281,2026,221,59,Pittsburgh,Georgia Tech,ACC,ACC,True,False,-0.036325158359504714,-0.04228638206777459,0.03561122704066555,0.010512111620779807,-0.023409059449925662,0.0,0.005115100666770012,0.0886972832738502,0.0,0.0,1.0,901.0402708557126,0.12643678160919541,0.25090656933998107,968.9845275797574,0.14444444444444443,0.16709834133551948,-67.94425672404475,-0.018007662835249016,0.08380822800446158,0.5769649211235792,0.4230350788764208,0.6276295920837772,1.0,0.6276295920837772,0.3723704079162228,,,,0.6276295920837772,0.5220610918548992,,,False,0.6276295920837772,fpi_fallback
401858282,2026,153,2390,North Carolina,Miami,ACC,ACC,True,False,-1.7336332148687301,-0.6822498432947594,-0.26081725775963455,-0.8426213194285169,-0.27965742708802704,0.0,-0.010204170174241689,-1.0360538106763146,0.0,0.0,1.0,964.9357928955131,0.15447154471544716,-0.03466205245877597,1262.9288503196244,0.5233644859813084,0.4940492419545948,-297.99305742411127,-0.3688929412658612,-0.5287112944133708,0.16824510444245255,0.8317548955575474,0.17837063436455566,1.0,0.17837063436455566,0.8216293656354443,,,,0.17837063436455566,-1.5274257989685738,,,False,0.17837063436455566,fpi_fallback
401858283,2026,97,24,Louisville,Stanford,ACC,ACC,True,False,1.5202207841959194,0.6407669916271307,0.17723429626231912,0.8853036730412024,0.23859744304060249,0.0,0.025841231183886926,-0.20115982723208845,0.0,0.0,1.0,810.6120157818036,0.15492957746478872,0.24901211463090583,892.6689042414988,0.09574468085106383,0.018158436641050876,-82.05688845969519,0.05918489661372489,0.23085367798985496,0.7562762613765702,0.24372373862342978,0.8347920689520728,1.0,0.8347920689520728,0.1652079310479272,,,,0.8347920689520728,1.6199778059221608,,,False,0.8347920689520728,fpi_fallback
401858284,2026,154,258,Wake Forest,Virginia,ACC,ACC,True,False,-0.27726478683145617,0.01373493899927333,-0.010291037096623823,-0.10436801114707417,-0.04483258001797441,0.0,-0.005221943981151611,-0.3029513923076047,0.0,0.0,1.0,817.8332426208597,0.031578947368421054,0.2101442248687073,681.7851759026536,0.0,0.19059254374581175,136.0480667182061,0.031578947368421054,0.019551681122895542,0.6161558613848502,0.38384413861514977,0.4468308289675669,1.0,0.4468308289675669,0.5531691710324331,,,,0.4468308289675669,-0.21348380551307858,,,False,0.4468308289675669,fpi_fallback
401858501,2026,84,135,Indiana,Minnesota,Big Ten,Big Ten,True,False,1.4407989504688885,1.0115685727139963,0.19693266270982346,1.1766456733069026,0.2234929077935338,0.0,0.010416760858255714,1.3090275647266798,0.0,0.0,1.0,872.0069986162093,0.1,0.5357653254929933,945.3401948206013,0.12264150943396226,-0.01770528059758985,-73.33319620439192,-0.02264150943396226,0.5534706060905831,0.8728834409976769,0.1271165590023231,0.934031553274128,1.0,0.934031553274128,0.06596844672587199,,,,0.934031553274128,2.6503336728081988,,,False,0.934031553274128,fpi_fallback
401858502,2026,2294,275,Iowa,Wisconsin,Big Ten,Big Ten,True,False,1.2275369131233105,0.7388828629519438,0.2339844765134227,0.8456458706531041,0.22885320461029268,0.0,0.005141399500418586,0.4429860034877038,0.0,0.0,1.0,987.4538325581303,0.19607843137254902,0.26940787108696074,907.0388207801798,0.2111111111111111,0.06697475666311872,80.41501177795055,-0.015032679738562094,0.20243311442384201,0.7819204363932524,0.21807956360674763,0.7055228066053992,1.0,0.7055228066053992,0.29447719339460077,,,,0.7055228066053992,0.8737375393295691,,,False,0.7055228066053992,fpi_fallback
401858503,2026,120,356,Maryland,Illinois,Big Ten,Big Ten,True,False,-1.0278930676553364,-0.6131636494980243,-0.3378148884814327,-0.5347739348304942,-0.2812612131625304,0.0,-0.021164811192043054,-0.23101696904258462,0.0,0.0,1.0,934.2453153712663,0.11702127659574468,-0.04044552211638594,917.6907070888561,0.0782608695652174,0.16675780417854352,16.554608282410186,0.038760407030527286,-0.20720332629492946,0.41621138653630324,0.5837886134636967,0.42664513519733643,1.0,0.42664513519733643,0.5733548648026636,,,,0.42664513519733643,-0.2955522327316479,,,False,0.42664513519733643,fpi_fallback
401858504,2026,158,264,Nebraska,Washington,Big Ten,Big Ten,True,False,-0.8788448044069673,-0.9744912402656861,-0.192790677799635,-0.5796527020348903,-0.12068428152700145,0.0,0.0,-0.28134168627858114,0.0,0.0,1.0,1029.4228879195155,0.26262626262626265,0.04624983446854084,1043.8640373572212,0.27,0.33176080575933187,-14.44114943770569,-0.007373737373737366,-0.285510971290791,0.3639431906777122,0.6360568093222878,0.5382852841120624,1.0,0.5382852841120624,0.46171471588793755,,,,0.5382852841120624,0.15344148521252543,,,False,0.5382852841120624,fpi_fallback
401858505,2026,2483,77,Oregon,Northwestern,Big Ten,Big Ten,True,False,1.7381612450616695,0.08083327051457549,0.1233285103337396,0.6598499399150451,0.24053370932778062,0.0,0.030771658666753687,-0.3180842837928367,0.0,0.0,1.0,1401.6094907863976,0.5378151260504201,0.4314892927531719,799.4019028452823,0.047619047619047616,0.045966842685715825,602.2075879411153,0.49019607843137253,0.38552245006745606,0.9414011802226432,0.058598819777356814,0.942220063394374,1.0,0.942220063394374,0.05777993660562597,,,,0.942220063394374,2.791597262368937,,,False,0.942220063394374,fpi_fallback
401858506,2026,213,2509,Penn State,Purdue,Big Ten,Big Ten,True,False,1.9539739201156954,1.2945294870310988,0.3582161185696687,1.3383908984050987,0.3286437815205085,0.0,0.046761765908039266,-0.39902292392648175,0.0,0.0,1.0,1093.5859854781434,0.40816326530612246,0.2572674566411734,799.8384609517241,0.05434782608695652,-0.07843402148142234,293.7475245264193,0.3538154392191659,0.33570147812259576,0.9225390652660906,0.07746093473390936,0.8600331588362004,1.0,0.8600331588362004,0.13996684116379965,,,,0.8600331588362004,1.8155653995643513,,,False,0.8600331588362004,fpi_fallback
401858507,2026,164,130,Rutgers,Michigan,Big Ten,Big Ten,True,False,-0.9854419437807723,-0.36394569760342116,-0.13468716433542183,-0.44749677169406327,-0.182354841787296,0.0,-0.010362787035546717,0.22009755843598214,0.0,0.0,1.0,974.5567623671036,0.1485148514851485,-0.007181304706549596,1235.613791698029,0.51,0.23626313954224643,-261.0570293309254,-0.3614851485148515,-0.24344444424879602,0.2813270762479455,0.7186729237520545,0.19270259227600117,1.0,0.19270259227600117,0.8072974077239988,,,,0.19270259227600117,-1.4325441076294276,,,False,0.19270259227600117,fpi_fallback
401858508,2026,26,2440,UCLA,Nevada,Big Ten,Mountain West,False,False,0.4795398778880758,-0.48650254416138833,-0.08843972190299576,-0.18196335856529375,0.03327844574623484,0.0,0.0,-0.6201852457359882,0.0,0.0,1.0,811.0418477665968,0.0821917808219178,-0.0031423834422963023,726.5675162890159,0.0,-0.23295498906943338,84.4743314775809,0.0821917808219178,0.22981260562713707,0.6836421194675912,0.31635788053240876,0.8289422656045273,1.0,0.8289422656045273,0.17105773439547267,,,,0.8289422656045273,1.5781493817268888,,,False,0.8289422656045273,fpi_fallback
401858509,2026,30,194,USC,Ohio State,Big Ten,Big Ten,True,False,-1.0514057502076297,-0.32804816012241295,-0.02804102444660228,-0.590070129185529,-0.12087481673464706,0.0,-0.02030526616074546,0.3831498122793232,0.0,0.0,1.0,1275.9325614814477,0.4727272727272727,0.3017096492006037,1367.1424727059755,0.6039603960396039,0.5199884434427365,-91.20991122452779,-0.13123312331233122,-0.2182787942421328,0.34872251877300814,0.6512774812269919,0.27416426722174136,1.0,0.28846103646223603,0.711538963537764,7.5,55.5,core_odds_api,0.27416426722174136,-0.9735962836742282,-7.5,0.28846103646223603,True,0.27416426722174136,fpi_market
401860924,2026,278,204,Fresno State,Oregon State,Pac-12,Pac-12,True,False,1.1600629407092606,0.7652867667351592,0.2820666167420218,0.7014436637253177,0.25777566256344436,0.0,0.031252543504104224,1.0004208377518853,0.0,0.0,1.0,742.5741700850772,0.0,-0.04443712518862564,773.1288164683024,0.02247191011235955,-0.09009737589266646,-30.55464638322519,-0.02247191011235955,0.045660250704040825,0.6677024315155006,0.33229756848449943,0.7022562434013216,1.0,0.7022562434013216,0.29774375659867836,,,,0.7022562434013216,0.8580651170994424,,,False,0.7022562434013216,fpi_fallback
401862814,2026,235,349,Memphis,Army,American,American,True,False,0.05682773903283305,-0.3586549583094903,-0.16370992236614856,0.0510116945015945,-0.024215041972872053,0.0,0.0,-0.08923768484427227,0.0,0.0,1.0,811.1368939946184,0.018867924528301886,0.14052798652883336,586.599678950922,0.0,0.015280943267176026,224.5372150436964,0.018867924528301886,0.12524704326165734,0.7107815754815783,0.2892184245184217,0.658793900891194,1.0,0.658793900891194,0.34120609910880595,,,,0.658793900891194,0.6579240494309314,,,False,0.658793900891194,fpi_fallback
401862815,2026,151,218,East Carolina,Temple,American,American,True,False,1.183085578533403,0.8447839479514948,0.298299958251328,0.80991601988167,0.23911458247709771,0.0,0.01574835696813892,0.10769573861687831,0.0,0.0,1.0,776.7464762757635,0.030927835051546393,0.1482528042243568,743.2158993608089,0.008771929824561403,-0.039767353742940235,33.53057691495462,0.02215590522698499,0.18802015796729704,0.7633717248625368,0.2366282751374632,0.7531915468338125,1.0,0.7531915468338125,0.2468084531661875,,,,0.7531915468338125,1.1157070311933501,,,False,0.7531915468338125,fpi_fallback
401862816,2026,58,5,South Florida,UAB,American,American,True,False,1.2901573680719707,1.1045202318275307,0.12971645477304777,1.1439854103667295,0.20431089499771893,0.0,0.13353139262452274,0.7675962513536934,0.0,0.0,1.0,800.075815711071,0.03333333333333333,0.20420438658719947,643.9738980506007,0.015151515151515152,-0.08778240478416661,156.10191766047024,0.01818181818181818,0.2919867913713661,0.8577081378953147,0.14229186210468525,0.8582003520079691,1.0,0.8582003520079691,0.14179964799203093,,,,0.8582003520079691,1.8004224510582156,,,False,0.8582003520079691,fpi_fallback
401864529,2026,23,167,San José State,New Mexico,Mountain West,Mountain West,True,False,-0.7664924888128007,-0.8592986499136416,-0.28249782982192245,-0.5538200289322814,-0.2168533922413512,0.0,0.005249355886143725,-1.5680903676601248,0.0,0.0,1.0,724.1630544316288,0.011235955056179775,-0.19911733164845075,607.7200445489912,0.0,-0.027256250774157314,116.44300988263763,0.011235955056179775,-0.17186108087429344,0.460057004115534,0.5399429958844659,0.29438919812838876,1.0,0.29438919812838876,0.7056108018716112,,,,0.29438919812838876,-0.8741611183087615,,,False,0.29438919812838876,fpi_fallback
401869846,2026,290,2026,Georgia Southern,App State,Sun Belt,Sun Belt,True,False,0.3532095975508287,0.39342562844064627,0.24366247921831652,0.18705524994032574,0.14096767773434077,0.0,0.0,0.3335787922208715,0.0,0.0,1.0,791.051928599953,0.021739130434782608,-0.20901622803680373,741.7010701368393,0.009523809523809525,-0.2964783655947048,49.350858463113696,0.012215320910973083,0.08746213755790108,0.6505265163965505,0.34947348360344954,0.5932991071109768,1.0,0.5932991071109768,0.4067008928890232,,,,0.5932991071109768,0.3776206599502172,,,False,0.5932991071109768,fpi_fallback
401869944,2026,2247,324,Georgia State,Coastal Carolina,Sun Belt,Sun Belt,True,False,-0.8797554490424409,0.05452694795874212,-0.1352742278477987,-0.18710982033988838,-0.19714710404544078,0.0,0.3176629046637167,-0.23870117018405834,0.0,0.0,1.0,759.1500550839612,0.010638297872340425,-0.2097643168708603,724.5798270338563,0.0,-0.16852455319137516,34.5702280501049,0.010638297872340425,-0.04123976367948515,0.5367149756708409,0.4632850243291591,0.48327487253720697,1.0,0.48327487253720697,0.5167251274627931,,,,0.48327487253720697,-0.06692547871243332,,,False,0.48327487253720697,fpi_fallback
401871095,2026,2433,2572,UL Monroe,Southern Miss,Sun Belt,Sun Belt,True,False,-0.453021131124699,-0.3587630229376911,-0.12193597998354128,-0.38786801914055513,-0.11765783960188964,0.0,-0.0051948168771041026,-0.9645607950208205,0.0,0.0,1.0,736.2526686071137,0.009433962264150943,-0.2673925024115139,741.0864815840933,0.0,-0.1422164493687413,-4.83381297697963,0.009433962264150943,-0.1251760530427726,0.45800018472876053,0.5419998152712395,0.22457869797647473,1.0,0.22457869797647473,0.7754213020235252,,,,0.22457869797647473,-1.2391803036279982,,,False,0.22457869797647473,fpi_fallback
401871096,2026,295,276,Old Dominion,Marshall,Sun Belt,Sun Belt,True,False,0.4507010862831498,0.643343861511789,0.2986171905442887,0.405635121521983,0.15229859069126161,0.0,-0.32621573645402435,1.359430190206035,0.0,0.0,1.0,808.9583543532183,0.026785714285714284,0.16075646446324005,654.0487112387665,0.0,-0.13359936891867347,154.9096431144518,0.026785714285714284,0.2943558333819135,0.7921003671444309,0.20789963285556912,0.6738136832817039,1.0,0.6738136832817039,0.3261863167182961,,,,0.6738136832817039,0.7254848966121531,,,False,0.6738136832817039,fpi_fallback
401871097,2026,6,2348,South Alabama,Louisiana Tech,Sun Belt,Sun Belt,True,False,-0.18306294792783093,-0.3605233381634507,-0.14240829456337262,-0.2006179640125731,-0.08647583848558055,0.0,-0.11456656456554892,-1.2231396511537218,0.0,0.0,1.0,729.1418074253246,0.0,-0.1207121323726903,726.6291678447327,0.0,-0.08608239221705838,2.5126395805918946,0.0,-0.034629740155631916,0.5242121072042759,0.4757878927957241,0.5402848608995462,1.0,0.5402848608995462,0.4597151391004538,,,,0.5402848608995462,0.16148948581718484,,,False,0.5402848608995462,fpi_fallback
401859185,2026,2426,87,Navy,Notre Dame,American,FBS Indep.,False,True,-0.8952296258230468,-0.9180932807187132,-0.059686900447167845,-0.8926403116359047,-0.05819217051415815,0.0,-0.010204170174241689,0.39358159887962985,0.0,0.0,0.0,513.2100047675495,0.0,0.1009917703659504,1331.2910121386622,0.6538461538461539,0.5226843609885897,-818.0810073711126,-0.6538461538461539,-0.4216925906226393,0.0849600976524857,0.9150399023475143,0.05660372749891473,1.0,0.05660372749891473,0.9433962725010853,,,,0.05660372749891473,-2.8134115797973567,,,False,0.05660372749891473,fpi_fallback
401866452,2026,2711,189,Western Michigan,Bowling Green,MAC,MAC,True,False,0.8536358789138216,0.5525634149227391,0.3115154154082726,0.41054920731726624,0.22555516867370545,0.0,0.0,1.3174542253074697,0.0,0.0,1.0,726.859170455014,0.0,-0.030280742089063867,721.2040197767335,0.0,-0.2229314178683267,5.655150678280506,0.0,0.19265067577926284,0.7060996032868215,0.29390039671317847,0.7834849300981067,1.0,0.7834849300981067,0.2165150699018933,,,,0.7834849300981067,1.2860916755735805,,,False,0.7834849300981067,fpi_fallback
401861966,2026,2005,41,Air Force,UConn,Mountain West,FBS Indep.,False,False,-0.5759853701300949,-0.0120646051697003,-0.1306555757250087,-0.26436271283362006,-0.1805875620558971,0.0,0.03226086221822122,-0.5256179918528301,0.0,0.0,1.0,693.3178165578591,0.0,-0.18539588287011458,615.5565845368845,0.0,-0.1529533590942646,77.7612320209746,0.0,-0.03244252377584997,0.5446118613928247,0.4553881386071753,0.6731150637287505,1.0,0.6731150637287505,0.3268849362712495,,,,0.6731150637287505,0.722308054268209,,,False,0.6731150637287505,fpi_fallback
401856734,2026,61,57,Georgia,Florida,SEC,SEC,True,True,1.6154480614114868,0.6474066693728159,0.20918142738226808,0.7321741809634468,0.2806532414157984,0.0,0.05571060701400565,0.5929051983670228,0.0,0.0,0.0,1454.7175340466702,0.7304347826086957,0.32936276416267773,1249.4645927399758,0.5824175824175825,0.13931393188132907,205.2529413066943,0.1480172001911132,0.19004883228134867,0.7819605449982007,0.21803945500179933,0.7672033592067491,1.0,0.8139367068248178,0.18606329317518222,-12.5,53.5,core_odds_api,0.7672033592067491,1.1925866159168108,12.5,0.8139367068248178,True,0.7672033592067491,fpi_market
401860910,2026,328,36,Utah State,Colorado State,Pac-12,Pac-12,True,False,0.5715932950098045,0.646903175374189,0.1325120175234144,0.5181624961369875,0.10597150612465117,0.0,0.026386755173194665,0.8910870893339211,0.0,0.0,1.0,734.3906244961368,0.0,-0.010083142412802261,741.5832443465806,0.0,-0.18634317778833193,-7.192619850443862,0.0,0.17626003537552967,0.7086727968245174,0.29132720317548255,0.7034505154244677,1.0,0.7034505154244677,0.2965494845755323,,,,0.7034505154244677,0.8637834333185425,,,False,0.7034505154244677,fpi_fallback
401864531,2026,2449,2638,North Dakota State,UTEP,Mountain West,Mountain West,True,False,0.9382196386069427,0.4077662644958235,0.17614806830858282,0.3989542844135174,0.17647563457098947,0.0,-3.044522437723423,0.18826089706381027,0.0,0.0,1.0,645.1896273252023,0.0,,777.8648844149413,0.0,-0.26645623566896376,-132.67525708973903,0.0,,0.5814601202705326,0.4185398797294674,0.7579826803183499,1.0,0.7579826803183499,0.24201731968165008,,,,0.7579826803183499,1.1416512436688993,,,False,0.7579826803183499,fpi_fallback
401871059,2026,2335,2229,Liberty,Florida International,CUSA,CUSA,True,False,0.18152561291518624,-0.07434109518144807,-0.18889675030095104,0.08801164963526831,-0.06578171941440336,0.0,-0.5489773897303669,-1.17950805786018,0.0,0.0,1.0,667.6595182095873,0.0,-0.2131392383873019,433.8089100421115,0.0,-0.16334506454494596,233.8506081674758,0.0,-0.04979417384235593,0.6438754021794568,0.3561245978205432,0.6849080875888027,1.0,0.6849080875888027,0.3150919124111973,,,,0.6849080875888027,0.7764202688600651,,,False,0.6849080875888027,fpi_fallback
401860909,2026,21,265,San Diego State,Washington State,Pac-12,Pac-12,True,False,-0.0934920296083169,-0.17393414735489432,-0.08040780533858127,-0.006543504353095348,-0.00208438281630996,0.0,0.03158157205029877,0.7780967298777091,0.0,0.0,1.0,722.2374816700269,0.0,0.07918892213122844,767.2399461783762,0.007874015748031496,0.09226585663667623,-45.00246450834925,-0.007874015748031496,-0.013076934505447793,0.5417086307956482,0.45829136920435176,0.699525648655141,1.0,0.699525648655141,0.300474351344859,,,,0.699525648655141,0.8450400634892689,,,False,0.699525648655141,fpi_fallback
401860908,2026,68,326,Boise State,Texas State,Pac-12,Pac-12,True,False,0.37629147973393856,-0.5300792148490386,-0.06109424092856619,-0.13827711555952554,0.055418051919842504,0.0,0.1285188508009778,-0.4791583536490612,0.0,0.0,1.0,848.8900053513655,0.02564102564102564,0.03026250522538966,730.9582650396574,0.0,-0.05944701182601658,117.93174031170815,0.02564102564102564,0.08970951705140624,0.6345170324338759,0.3654829675661241,0.7584485951016718,1.0,0.7584485951016718,0.24155140489832816,,,,0.7584485951016718,1.144192717544054,,,False,0.7584485951016718,fpi_fallback
401864530,2026,2439,2459,UNLV,Northern Illinois,Mountain West,Mountain West,True,False,1.232582392915574,0.3142617727837053,0.13663084623122734,0.45714125299682234,0.20527049247330265,0.0,-0.005089069507471677,0.6728432146687555,0.0,0.0,1.0,727.9148013639938,0.0,-0.013766461130807137,790.6958349919561,0.009174311926605505,-0.34283992440212285,-62.7810336279623,-0.009174311926605505,0.3290734632713157,0.7409132448971014,0.2590867551028986,0.8798411853670662,1.0,0.8798411853670662,0.12015881463293376,,,,0.8798411853670662,1.9909270969500936,,,False,0.8798411853670662,fpi_fallback
401866453,2026,2006,195,Akron,Ohio,MAC,MAC,True,False,-1.5247505648282935,-0.2618928853402614,-0.13931257993684165,-0.5645084918193942,-0.21862407783291815,0.0,-0.015831465216680662,0.3106277157226168,0.0,0.0,1.0,633.6115119466774,0.0,-0.3729704281556604,728.1091688566596,0.02666666666666667,-0.08827759141170993,-94.4976569099822,-0.02666666666666667,-0.28469283674395046,0.3387539573606873,0.6612460426393127,0.33683990299455835,1.0,0.33683990299455835,0.6631600970054417,,,,0.33683990299455835,-0.6774086824737912,,,False,0.33683990299455835,fpi_fallback
401866454,2026,193,2084,Miami (OH),Buffalo,MAC,MAC,True,False,0.4921567378823579,0.1183586654419578,0.0686196647697514,0.13591533060735353,0.06423479967835155,0.0,0.021053409197832273,-0.07371354592207581,0.0,0.0,1.0,722.3685503666973,0.0,-0.19534094449480896,711.4279562027778,0.0,-0.2965654738374634,10.940594163919513,0.0,0.10122452934265444,0.633834159995166,0.366165840004834,0.6605769051401089,1.0,0.6605769051401089,0.3394230948598911,,,,0.6605769051401089,0.665866155290793,,,False,0.6605769051401089,fpi_fallback
401866455,2026,113,2050,Massachusetts,Ball State,MAC,MAC,True,False,-0.9091646442125125,-0.540479036758856,-0.1271289176699606,-0.5331134132886122,-0.165436562409761,0.0,-0.1426917620231869,-0.42915924496988056,0.0,0.0,1.0,580.0697737621826,0.0,-0.520773787951295,699.3573843826957,0.0,-0.4324979754700893,-119.28761062051308,0.0,-0.08827581248120575,0.4128034305522056,0.5871965694477944,0.5250759988235997,1.0,0.5250759988235997,0.4749240011764003,,,,0.5250759988235997,0.10038821806864973,,,False,0.5250759988235997,fpi_fallback
401866456,2026,2199,2117,Eastern Michigan,Central Michigan,MAC,MAC,True,True,-0.26532917925837185,0.06199744615842368,-0.008276529404667554,-0.08952466245936821,-0.060707472019928266,0.0,-0.005305052229693352,-0.4952586645334941,0.0,0.0,0.0,776.7626689614904,0.0,-0.22427512620379558,710.6104865694842,0.0,-0.16936787162657693,66.15218239200613,0.0,-0.05490725457721865,0.5058537490238287,0.49414625097617126,0.4081325873094268,1.0,0.4081325873094268,0.5918674126905732,,,,0.4081325873094268,-0.3716905542415204,,,False,0.4081325873094268,fpi_fallback
401866457,2026,16,2649,Sacramento State,Toledo,MAC,MAC,True,False,-0.8003559230297219,-0.6605620394947883,-0.165253469983765,-0.7275199089141658,-0.15018396490522395,0.0,-2.2617630984737906,-0.23466227280322982,0.0,0.0,1.0,692.9988066587673,0.0,,746.2577192210606,0.02531645569620253,0.08408466429112067,-53.25891256229329,-0.02531645569620253,,0.4527295437463552,0.5472704562536448,0.37187556718803266,1.0,0.37187556718803266,0.6281244328119673,,,,0.37187556718803266,-0.5241789867508627,,,False,0.37187556718803266,fpi_fallback
401862817,2026,2226,2636,Florida Atlantic,UTSA,American,American,True,False,-1.1433898284139286,-0.9663560794092246,-0.21703240187770623,-0.7232489390552602,-0.1934281888869382,0.0,0.10477895123317715,0.16611614710663844,0.0,0.0,1.0,708.5716649532192,0.013157894736842105,-0.057874346751056974,413.2363130808404,0.0,0.08883544728224549,295.3353518723788,0.013157894736842105,-0.14670979403330248,0.5140344179549053,0.48596558204509466,0.4097707193326718,1.0,0.4097707193326718,0.5902292806673282,,,,0.4097707193326718,-0.36491329057443905,,,False,0.4097707193326718,fpi_fallback
401869964,2026,2572,256,Southern Miss,James Madison,Sun Belt,Sun Belt,True,False,-1.9059518866703729,-0.789339888986033,-0.2471901038293985,-1.0509876851372029,-0.2803408490244585,0.0,1.135555803859794,0.2298201395479714,0.0,0.0,1.0,741.0864815840933,0.0,-0.1422164493687413,695.234106669023,0.01282051282051282,0.2328801287423507,45.8523749150703,-0.01282051282051282,-0.375096578111092,0.297880105844081,0.702119894155919,0.48605198712302566,1.0,0.48605198712302566,0.5139480128769743,,,,0.48605198712302566,-0.055806530508627356,,,False,0.48605198712302566,fpi_fallback
401858288,2026,2567,259,SMU,Virginia Tech,ACC,ACC,True,False,1.626609984439956,0.8977710557344037,0.29528157968020974,0.8396325259953917,0.2791801185375632,0.0,0.005089069507471677,0.680417478168797,0.0,0.0,1.0,874.0415949819652,0.1625,0.2315533960010078,941.2491041062212,0.19318181818181818,0.018920152232701312,-67.20750912425603,-0.03068181818181817,0.2126332437683065,0.738248438461387,0.261751561538613,0.6592698105996567,1.0,0.6592698105996567,0.3407301894003433,,,,0.6592698105996567,0.6600419443268947,,,False,0.6592698105996567,fpi_fallback
401862818,2026,151,58,East Carolina,South Florida,American,American,True,False,-0.011216077413746462,-0.23720745171009008,0.11008152154255568,-0.20631291048529096,0.03957399323651778,0.0,0.0,-0.13715599609454102,0.0,0.0,1.0,776.7464762757635,0.030927835051546393,0.1482528042243568,800.075815711071,0.03333333333333333,0.20420438658719947,-23.329339435307475,-0.00240549828178694,-0.05595158236284267,0.5040575564803699,0.4959424435196301,0.5757880321502234,1.0,0.5757880321502234,0.42421196784977655,,,,0.5757880321502234,0.30550633874267397,,,False,0.5757880321502234,fpi_fallback
401858510,2026,356,158,Illinois,Nebraska,Big Ten,Big Ten,True,False,0.5603880765508734,0.5066212259699447,0.22907661245197153,0.2722635830456664,0.15700041831671058,0.0,-0.010416760858255714,0.0767081846650558,0.0,0.0,1.0,917.6907070888561,0.0782608695652174,0.16675780417854352,1029.4228879195155,0.26262626262626265,0.04624983446854084,-111.73218083065933,-0.18436539306104527,0.12050796971000269,0.5894169460638264,0.41058305393617356,0.49928521095954964,1.0,0.49928521095954964,0.5007147890404504,,,,0.49928521095954964,-0.002859158109550101,,,False,0.49928521095954964,fpi_fallback
401864533,2026,2440,167,Nevada,New Mexico,Mountain West,Mountain West,True,False,-1.049173591311494,-0.46301726652922165,-0.1878853631256353,-0.5259676387804091,-0.24811214561963613,0.0,0.005249355886143725,-0.7001048775855565,0.0,0.0,1.0,726.5675162890159,0.0,-0.23295498906943338,607.7200445489912,0.0,-0.027256250774157314,118.84747174002473,0.0,-0.20569873829527607,0.4487730932970209,0.5512269067029791,0.3486953255717657,1.0,0.3486953255717657,0.6513046744282343,,,,0.3486953255717657,-0.6247789943091087,,,False,0.3486953255717657,fpi_fallback
401856855,2026,12,2628,Arizona,TCU,Big 12,Big 12,True,False,-0.2647508148621182,0.2206085256671725,-0.053001708999414254,0.07031024139374312,-0.05341407534034781,0.0,-0.031252543504104224,0.6920068613084982,0.0,0.0,1.0,926.0198278993089,0.13592233009708737,0.23622595907028177,977.9587547112536,0.19,0.17568122172595302,-51.938926811944725,-0.05407766990291263,0.06054473734432875,0.575855004183842,0.42414499581615805,0.5862023171864525,1.0,0.5862023171864525,0.41379768281354745,,,,0.5862023171864525,0.34828781564112876,,,False,0.5862023171864525,fpi_fallback
401856738,2026,2,8,Auburn,Arkansas,SEC,SEC,True,False,0.32121428775750244,0.5020944980397389,0.15086657410827364,0.3316022194125741,0.11490540640962638,0.0,0.015504186535965303,0.5496224414517223,0.0,0.0,1.0,1126.5988176305864,0.3917525773195876,0.2366688125705948,923.2652086614927,0.15053763440860216,0.12034445408518966,203.3336089690937,0.24121494291098547,0.11632435848540514,0.7608436054024847,0.23915639459751525,0.7447303491507997,1.0,0.7447303491507997,0.2552696508492003,,,,0.7447303491507997,1.0707017646541352,,,False,0.7447303491507997,fpi_fallback
401856739,2026,57,201,Florida,Oklahoma,SEC,SEC,True,False,-0.7653864833694933,-0.2982257201504908,-0.15667299988308325,-0.4070631444777963,-0.17186370209415147,0.0,-0.030771658666753687,-0.9412172722708351,0.0,0.0,1.0,1249.4645927399758,0.5824175824175825,0.13931393188132907,1173.5834604844968,0.4519230769230769,0.3311106400825597,75.88113225547909,0.13049450549450553,-0.19179670820123063,0.472886454862662,0.527113545137338,0.4549320671795138,1.0,0.4549320671795138,0.5450679328204862,,,,0.4549320671795138,-0.18076232937044906,,,False,0.4549320671795138,fpi_fallback
401856740,2026,99,333,LSU,Alabama,SEC,SEC,True,False,-0.6601135233675154,0.0031577933370098127,-0.10756434985321628,-0.21315786963170844,-0.10722016291145386,0.0,-0.04512043528046927,-0.2551608273947841,0.0,0.0,1.0,1272.669430225689,0.5098039215686274,0.18878088457719902,1451.3911057034413,0.6160714285714286,0.3317978703457419,-178.72167547775234,-0.10626750700280119,-0.14301698576854285,0.3971910556197713,0.6028089443802287,0.5634054445597069,1.0,0.6127469820989141,0.3872530179010859,-4.0,54.5,core_odds_api,0.5634054445597069,0.2549945454739547,4.0,0.6127469820989141,True,0.5634054445597069,fpi_market
401856741,2026,145,61,Ole Miss,Georgia,SEC,SEC,True,False,-0.12947066603885787,0.008251056313711988,-0.0043847315778146045,0.07860034414533487,-0.0029998932698842573,0.0,-0.04020642047804035,0.14483918308539387,0.0,0.0,1.0,1077.05919274244,0.41379310344827586,0.3643332453427581,1454.7175340466702,0.7304347826086957,0.32936276416267773,-377.65834130423013,-0.3166416791604198,0.03497048118008039,0.41033308947849445,0.5896669105215055,0.3389483925505159,1.0,0.3651943786458778,0.6348056213541222,4.5,55.5,core_odds_api,0.3389483925505159,-0.6679840501867557,-4.5,0.3651943786458778,True,0.3389483925505159,fpi_market
401856742,2026,344,238,Mississippi State,Vanderbilt,SEC,SEC,True,False,-1.2147776073594263,-0.809693549681299,-0.26316672236541905,-0.7034057486732108,-0.24729692031680434,0.0,0.0,-0.7949482605854291,0.0,0.0,1.0,1004.9310140506045,0.11570247933884298,0.08344340967405131,898.5992310035647,0.10588235294117647,0.2747700076748849,106.33178304703983,0.00982012639766651,-0.1913265980008336,0.4284521454931083,0.5715478545068917,0.43669875008835085,1.0,0.43669875008835085,0.5633012499116492,,,,0.43669875008835085,-0.25457096649476213,,,False,0.43669875008835085,fpi_fallback
401856743,2026,142,251,Missouri,Texas,SEC,SEC,True,False,-0.6950486838985444,-0.180245328714149,-0.2137243836235636,-0.12215420178627324,-0.12778711796302167,0.0,-0.010152371464018373,-0.03510934111876395,0.0,0.0,1.0,991.2097296268986,0.2823529411764706,0.29316690406481605,1404.970024515499,0.6060606060606061,0.3259839418805343,-413.76029488860047,-0.3237076648841355,-0.032817037815718264,0.3474059802692736,0.6525940197307264,0.21492058206579476,1.0,0.21492058206579476,0.7850794179342052,,,,0.21492058206579476,-1.2955163078606164,,,False,0.21492058206579476,fpi_fallback
401856744,2026,2579,245,South Carolina,Texas A&M,SEC,SEC,True,False,-0.9078681741266178,-0.28644759086564336,-0.1718810470116921,-0.3612822706431777,-0.2088861966329404,0.0,0.0,-1.0954541616496316,0.0,0.0,1.0,1150.3785478252003,0.4444444444444444,0.08932890748859423,1292.7928128569013,0.7078651685393258,0.42460359407589965,-142.414265031701,-0.2634207240948814,-0.3352746865873054,0.3030443652391182,0.6969556347608818,0.3508628832185896,1.0,0.3508628832185896,0.6491371167814104,,,,0.3508628832185896,-0.6152484672772747,,,False,0.3508628832185896,fpi_fallback
401856745,2026,2633,96,Tennessee,Kentucky,SEC,SEC,True,False,0.8750824852781807,0.49483233340918986,0.036606864721299814,0.6245791487183239,0.1354830616591266,0.0,0.010362787035546717,-0.3073907115665247,0.0,0.0,1.0,1252.305283860725,0.46153846153846156,0.22869558366290296,957.2511978283744,0.19148936170212766,0.12743784412898232,295.0540860323506,0.2700490998363339,0.10125773953392064,0.8150720481951741,0.1849279518048259,0.7843280276438758,1.0,0.7843280276438758,0.21567197235612423,,,,0.7843280276438758,1.2910687285790938,,,False,0.7843280276438758,fpi_fallback
401856849,2026,254,252,Utah,BYU,Big 12,Big 12,True,False,-0.005009061208347702,0.5729422941690062,0.08250996114348175,0.4037543845248554,-0.02428511734134986,0.0,-0.020619287202735315,0.6069236654979568,0.0,0.0,1.0,941.3110117961028,0.15294117647058825,0.30485487985898047,966.2180287324254,0.12871287128712872,0.23853588239442264,-24.907016936322634,0.02422830518345953,0.06631899746455783,0.6452379274952229,0.3547620725047771,0.4426990574550879,1.0,0.5515373143207681,0.44846268567923186,-3.0,51.5,core_odds_api,0.4426990574550879,-0.23021517519118656,3.0,0.5515373143207681,True,0.4426990574550879,fpi_market
401856850,2026,2305,2116,Kansas,UCF,Big 12,Big 12,True,False,0.2134546455115742,0.09622010897287618,-0.03587901456188797,0.07256375785851074,0.020371051347138125,0.0,-0.015584731016698328,-0.2989499097832163,0.0,0.0,1.0,728.3803919337098,0.043478260869565216,0.0987177593152587,765.5801937114245,0.0958904109589041,0.019875527945627768,-37.1998017777147,-0.05241215008933889,0.07884223136963092,0.5900450474674993,0.4099549525325007,0.5824471145645435,1.0,0.5824471145645435,0.41755288543545654,,,,0.5824471145645435,0.3328271829005979,,,False,0.5824471145645435,fpi_fallback
401856851,2026,248,2132,Houston,Cincinnati,Big 12,Big 12,True,False,0.23543047740258544,0.45041696221176497,0.2633004666152896,0.14231010892773463,0.15245952904908922,0.0,-0.010416760858255714,0.6325778136373879,0.0,0.0,1.0,866.7900327400409,0.12162162162162163,0.09223461283714135,779.5136409431768,0.0379746835443038,0.10844840832140853,87.27639179686412,0.08364693807731782,-0.016213795484267185,0.6235538566829757,0.3764461433170243,0.634630831558074,1.0,0.634630831558074,0.365369168441926,,,,0.634630831558074,0.5521351993775748,,,False,0.634630831558074,fpi_fallback
401856852,2026,9,38,Arizona State,Colorado,Big 12,Big 12,True,False,0.8729908368328142,0.5659172853287393,0.18557229409753867,0.44360818859341594,0.19374633122831308,0.0,-0.005277057100843585,0.4831157462613032,0.0,0.0,1.0,896.2395405052043,0.1,0.2419786272205886,861.702384575236,0.15714285714285714,-0.03556014101794508,34.53715592996832,-0.057142857142857134,0.2775387682385337,0.7451834978368219,0.2548165021631781,0.5713590838812563,1.0,0.5713590838812563,0.42864091611874366,,,,0.5713590838812563,0.28739833738218984,,,False,0.5713590838812563,fpi_fallback
401856853,2026,239,66,Baylor,Iowa State,Big 12,Big 12,True,False,-0.6669172620327481,-0.5028958627272139,-0.22959374753001283,-0.34641646677166793,-0.1614621147369738,0.0,-0.0103093696588612,-0.28051520647439704,0.0,0.0,1.0,904.775063495865,0.15853658536585366,0.10111100596041074,861.4912999357202,0.0673076923076923,0.16375126279945085,43.283763560144735,0.09122889305816136,-0.0626402568390401,0.5198960218622073,0.4801039781377927,0.7416989279669248,1.0,0.7416989279669248,0.2583010720330752,,,,0.7416989279669248,1.054817552934412,,,False,0.7416989279669248,fpi_fallback
401856854,2026,2306,197,Kansas State,Oklahoma State,Big 12,Big 12,True,False,1.5735935256154607,0.699301831072031,0.305733889766141,0.9078144060549713,0.29322923637700554,0.0,0.0,0.43840011228364345,0.0,0.0,1.0,908.4180140804283,0.07766990291262135,0.07624696545002964,755.4882199001777,0.0,-0.18509401619573237,152.9297941802506,0.07766990291262135,0.261340981645762,0.834382580721101,0.16561741927889895,0.6096945996744867,1.0,0.6096945996744867,0.3903054003255133,,,,0.6096945996744867,0.4460286650898248,,,False,0.6096945996744867,fpi_fallback
401856856,2026,2641,277,Texas Tech,West Virginia,Big 12,Big 12,True,False,1.5037400106873906,1.2873167473347948,0.23572977584421007,1.3324587195989523,0.2664301356712898,0.0,0.020726130517116914,1.3977204019685223,0.0,0.0,1.0,1052.4682043539133,0.25,0.42462074344422895,911.6964337971962,0.06349206349206349,0.006903702757038735,140.77177055671712,0.1865079365079365,0.41771704068719023,0.9056486185919441,0.09435138140805588,0.9139985484834586,1.0,0.9139985484834586,0.08600145151654137,,,,0.9139985484834586,2.3634648091500003,,,False,0.9139985484834586,fpi_fallback
401858285,2026,183,228,Syracuse,Clemson,ACC,ACC,True,False,-1.2114741674039942,-1.1562265130783174,-0.26914704216357394,-0.9368156950770073,-0.18546089348870365,0.0,-0.045347819978458936,-0.5658313418558305,0.0,0.0,1.0,915.4353213958169,0.08181818181818182,-0.0917346289034202,1162.6283334023117,0.4827586206896552,0.13696508014615622,-247.19301200649477,-0.40094043887147335,-0.22869970904957643,0.24029489959044317,0.7597051004095569,0.22408118741669036,1.0,0.22408118741669036,0.7759188125833096,,,,0.22408118741669036,-1.2420394617375485,,,False,0.22408118741669036,fpi_fallback
401858286,2026,152,150,NC State,Duke,ACC,ACC,True,False,-0.23163767013937103,0.10148251757237693,-0.03846341399075315,-0.032716301669623186,-0.04978416179545575,0.0,-0.010204170174241689,0.12162870991953013,0.0,0.0,1.0,940.0143298590317,0.12244897959183673,0.20064371785902324,835.443025727025,0.07692307692307693,0.1524012636603621,104.57130413200673,0.045525902668759805,0.04824245419866113,0.6287566138793699,0.3712433861206301,0.5702694926500624,1.0,0.5702694926500624,0.42973050734993756,,,,0.5702694926500624,0.2829507581006675,,,False,0.5702694926500624,fpi_fallback
401858287,2026,59,97,Georgia Tech,Louisville,ACC,ACC,True,False,-0.4655069993220991,-0.28270181469464795,-0.1458525829673169,-0.22210603680162647,-0.06996285743645292,0.0,-0.005115100666770012,0.2371304056660074,0.0,0.0,1.0,968.9845275797574,0.14444444444444443,0.16709834133551948,810.6120157818036,0.15492957746478872,0.24901211463090583,158.37251179795373,-0.01048513302034429,-0.08191377329538635,0.5574274062925824,0.44257259370741764,0.42724103045305256,1.0,0.42724103045305256,0.5727589695469475,,,,0.42724103045305256,-0.2931166536012906,,,False,0.42724103045305256,fpi_fallback
401858289,2026,103,52,Boston College,Florida State,ACC,ACC,True,False,-0.3970745959194346,-0.20517459609378616,-0.016565461715345398,-0.37472053262250615,-0.0630225287237276,0.0,-0.010256500167188598,-0.5002843393796479,0.0,0.0,1.0,809.9006532485765,0.060240963855421686,-0.10883366875047422,1140.327181629477,0.3627450980392157,0.27952505542872025,-330.42652838090055,-0.30250413418379396,-0.3883587241791945,0.23421482944510527,0.7657851705548947,0.26803336880431133,1.0,0.26803336880431133,0.7319666311956887,,,,0.26803336880431133,-1.0046234439000876,,,False,0.26803336880431133,fpi_fallback
401858511,2026,130,127,Michigan,Michigan State,Big Ten,Big Ten,True,False,1.4062173248395562,0.2151737732812883,0.1340994414385982,0.5830430843290387,0.2365638458686654,0.0,0.015584731016698328,-0.22811216948607807,0.0,0.0,1.0,1235.613791698029,0.51,0.23626313954224643,936.667144135479,0.14444444444444443,0.03342503768153286,298.94664756254997,0.3655555555555556,0.20283810186071355,0.8495403466868583,0.1504596533131417,0.871698373401162,1.0,0.8942291958408607,0.10577080415913931,-17.5,50.5,core_odds_api,0.871698373401162,1.9160595123777993,17.5,0.8942291958408607,True,0.871698373401162,fpi_market
401858512,2026,135,26,Minnesota,UCLA,Big Ten,Big Ten,True,False,0.854178843424993,0.6743724809971459,0.2510318166718776,0.5759743619356933,0.2002536156250826,0.0,0.0,0.39888958670151625,0.0,0.0,1.0,945.3401948206013,0.12264150943396226,-0.01770528059758985,811.0418477665968,0.0821917808219178,-0.0031423834422963023,134.29834705400447,0.04044972861204446,-0.014562897155293547,0.6927926085610159,0.3072073914389841,0.5694388700924652,1.0,0.5694388700924652,0.4305611299075348,,,,0.5694388700924652,0.27956212626712695,,,False,0.5694388700924652,fpi_fallback
401858513,2026,77,2294,Northwestern,Iowa,Big Ten,Big Ten,True,False,-0.9631650656579587,-0.23634805494417296,-0.12513045922300647,-0.4806052437042971,-0.13125438746125329,0.0,-0.015504186535965303,0.10921856872387707,0.0,0.0,1.0,799.4019028452823,0.047619047619047616,0.045966842685715825,987.4538325581303,0.19607843137254902,0.26940787108696074,-188.05192971284805,-0.1484593837535014,-0.2234410284012449,0.3277547654549131,0.6722452345450869,0.33076446628646317,1.0,0.33076446628646317,0.6692355337135368,,,,0.33076446628646317,-0.7047295266317153,,,False,0.33076446628646317,fpi_fallback
401858514,2026,194,2483,Ohio State,Oregon,Big Ten,Big Ten,True,False,0.10704837810117397,0.26757466149156117,-0.08161984329493477,0.2696285652494786,-0.031766186011417674,0.0,0.005037794029957077,-0.12634729634881522,0.0,0.0,1.0,1367.1424727059755,0.6039603960396039,0.5199884434427365,1401.6094907863976,0.5378151260504201,0.4314892927531719,-34.46701808042212,0.0661452699891838,0.08849915068956465,0.6389855349680026,0.3610144650319974,0.6513046744282343,1.0,0.6793556864675168,0.32064431353248324,-6.0,52.5,core_odds_api,0.6513046744282343,0.6247789943091083,6.0,0.6793556864675168,True,0.6513046744282343,fpi_market
401858515,2026,2509,120,Purdue,Maryland,Big Ten,Big Ten,True,False,-0.486390942996386,-0.431674479284729,-0.03138160063712009,-0.4807779697116361,-0.09334230738566313,0.0,0.005333345975362391,0.09894275917432424,0.0,0.0,1.0,799.8384609517241,0.05434782608695652,-0.07843402148142234,934.2453153712663,0.11702127659574468,-0.04044552211638594,-134.40685441954224,-0.06267345050878817,-0.0379884993650364,0.42655163519867145,0.5734483648013285,0.5144770587447409,1.0,0.5144770587447409,0.4855229412552591,,,,0.5144770587447409,0.057924425404590196,,,False,0.5144770587447409,fpi_fallback
401858516,2026,264,213,Washington,Penn State,Big Ten,Big Ten,True,False,-0.12123318160787903,0.21817865604739575,-0.025305564103452416,-0.015449874873744385,0.00964360223797589,0.0,-0.02051353983310289,0.7357306354082676,0.0,0.0,1.0,1043.8640373572212,0.27,0.33176080575933187,1093.5859854781434,0.40816326530612246,0.2572674566411734,-49.72194812092221,-0.13816326530612244,0.07449334911815847,0.5589461355204249,0.44105386447957506,0.4650324886560484,1.0,0.4650324886560484,0.5349675113439516,,,,0.4650324886560484,-0.14009874736795758,,,False,0.4650324886560484,fpi_fallback
401858517,2026,275,164,Wisconsin,Rutgers,Big Ten,Big Ten,True,False,-0.15385109188642446,0.0297100282758482,0.01687145047564842,-0.13864924695142486,-0.03690742504057809,0.0,0.010362787035546717,-0.11411803552911806,0.0,0.0,1.0,907.0388207801798,0.2111111111111111,0.06697475666311872,974.5567623671036,0.1485148514851485,-0.007181304706549596,-67.51794158692383,0.0625962596259626,0.07415606136966832,0.5635848021906507,0.43641519780934934,0.6880759806473243,1.0,0.6880759806473243,0.31192401935267566,,,,0.6880759806473243,0.7911396383870085,,,False,0.6880759806473243,fpi_fallback
401862819,2026,5,2429,UAB,Charlotte,American,American,True,False,0.5810309675910185,0.5029369821763429,0.16025125376383237,0.44170629623258073,0.1054296178236861,0.0,0.27977689294466757,0.3936688628875754,0.0,0.0,1.0,643.9738980506007,0.015151515151515152,-0.08778240478416661,677.7973197292208,0.0,-0.254936540932452,-33.82342167862009,0.015151515151515152,0.1671541361482854,0.6881547380661683,0.31184526193383166,0.5430978429070765,1.0,0.5430978429070765,0.4569021570929235,,,,0.5430978429070765,0.17282022351058754,,,False,0.5430978429070765,fpi_fallback
401862821,2026,249,242,North Texas,Rice,American,American,True,False,1.4529631575400026,1.395137431914147,0.297399337853379,1.2602993158381526,0.2644619034158575,0.0,0.02597548640326064,1.1139367736546775,0.0,0.0,1.0,689.7607421558456,0.0273972602739726,0.18532049076085383,724.7183407942623,0.0,-0.21833410646060722,-34.9575986384167,0.0273972602739726,0.403654597221461,0.85490679509363,0.14509320490637,0.7330248609018415,1.0,0.7330248609018415,0.2669751390981585,,,,0.7330248609018415,1.0100240758847931,,,False,0.7330248609018415,fpi_fallback
401862822,2026,2655,202,Tulane,Tulsa,American,American,True,False,1.7423465275963486,0.2966530713981439,0.18160903874893786,0.6621731617211962,0.27683594332836015,0.0,0.05129329438755015,-0.06322362654423387,0.0,0.0,1.0,775.5318857887579,0.06493506493506493,0.10101112658160054,698.7562176157269,0.0,-0.14037445304549245,76.77566817303102,0.06493506493506493,0.241385579627093,0.7832726814777602,0.2167273185222398,0.8103430142758666,1.0,0.8103430142758666,0.18965698572413336,,,,0.8103430142758666,1.4522405301618841,,,False,0.8103430142758666,fpi_fallback
401864532,2026,2638,62,UTEP,Hawai'i,Mountain West,Mountain West,True,False,-1.2383338599254785,-0.6488243974264731,-0.3380227506011797,-0.5325333742102544,-0.292730499206865,0.0,-0.06155789299943315,-0.8592858525286693,0.0,0.0,1.0,777.8648844149413,0.0,-0.26645623566896376,,,-0.10169282413193194,,,-0.16476341153703183,0.4367709371693682,0.5632290628306318,0.223989141900218,1.0,0.223989141900218,0.776010858099782,,,,0.223989141900218,-1.2425689354615395,,,False,0.223989141900218,fpi_fallback
401864534,2026,23,2459,San José State,Northern Illinois,Mountain West,Mountain West,True,False,-0.07964203965307888,-0.5141210838528675,-0.05184593714215663,-0.28743996518286813,-0.03175695061797851,0.0,-0.030930300691358603,-0.031742172498898075,0.0,0.0,1.0,724.1630544316288,0.011235955056179775,-0.19911733164845075,790.6958349919561,0.009174311926605505,-0.34283992440212285,-66.5327805603273,0.00206164312957427,0.1437225927536721,0.5654692589317769,0.4345307410682231,0.57161840883673,1.0,0.57161840883673,0.42838159116327,,,,0.57161840883673,0.28845728483017186,,,False,0.57161840883673,fpi_fallback
401869927,2026,2026,2247,App State,Georgia State,Sun Belt,Sun Belt,True,False,0.8363513130705269,0.17771233302831208,0.11286170251972738,0.3759695904337063,0.16092389590534134,0.0,-0.03871451218069044,0.042201158047901116,0.0,0.0,1.0,741.7010701368393,0.009523809523809525,-0.2964783655947048,759.1500550839612,0.010638297872340425,-0.2097643168708603,-17.448984947121858,-0.0011144883485309006,-0.0867140487238445,0.5736308304195733,0.4263691695804267,0.699035745922018,1.0,0.699035745922018,0.300964254077982,,,,0.699035745922018,0.8427103791037099,,,False,0.699035745922018,fpi_fallback
401869945,2026,324,295,Coastal Carolina,Old Dominion,Sun Belt,Sun Belt,True,False,-0.9016110146756546,-1.245618191025546,-0.3260053116047443,-0.9764039215450716,-0.19450991702173048,0.0,-0.19671029424605369,-1.0954480609059782,0.0,0.0,1.0,724.5798270338563,0.0,-0.16852455319137516,808.9583543532183,0.026785714285714284,0.16075646446324005,-84.37852731936198,-0.026785714285714284,-0.3292810176546152,0.28318282356978186,0.7168171764302181,0.3667453036097232,1.0,0.3667453036097232,0.6332546963902768,,,,0.3667453036097232,-0.5462050936688785,,,False,0.3667453036097232,fpi_fallback
401869951,2026,290,276,Georgia Southern,Marshall,Sun Belt,Sun Belt,True,False,-0.14110446681359007,0.02339057991394356,0.19386183282978964,-0.19485377998894485,0.06253314326377246,0.0,-0.24397763821705176,0.40106090938477107,0.0,0.0,1.0,791.051928599953,0.021739130434782608,-0.20901622803680373,654.0487112387665,0.0,-0.13359936891867347,137.00321736118656,0.021739130434782608,-0.07541685911813026,0.5606486658568297,0.4393513341431703,0.5680103265767568,1.0,0.5680103265767568,0.43198967342324324,,,,0.5680103265767568,0.27373791530322844,,,False,0.5680103265767568,fpi_fallback
401869968,2026,309,6,Louisiana,South Alabama,Sun Belt,Sun Belt,True,False,0.24430073629903062,0.09468327485709258,0.0687916357892368,-0.021468246306515563,0.06896434310138772,0.0,0.1349754361967559,0.17100325059798252,0.0,0.0,1.0,716.1153761466188,0.0,-0.25325455386875345,729.1418074253246,0.0,-0.1207121323726903,-13.026431278705786,0.0,-0.13254242149606316,0.5000922849404923,0.4999077150595077,0.6232386908361199,1.0,0.6232386908361199,0.37676130916388006,,,,0.6232386908361199,0.5033177220256266,,,False,0.6232386908361199,fpi_fallback
401871098,2026,2653,2348,Troy,Louisiana Tech,Sun Belt,Sun Belt,True,False,0.1815760426382144,-0.31664975549740443,-0.14648140081731187,-0.18753780472097237,-0.022056633112388147,0.0,0.015345569674660275,-0.6522591914515579,0.0,0.0,1.0,776.4629635065345,0.0,-0.13824595035975623,726.6291678447327,0.0,-0.08608239221705838,49.83379566180179,0.0,-0.05216355814269785,0.5360448454023793,0.4639551545976207,0.6218452152255854,1.0,0.6218452152255854,0.37815478477441455,,,,0.6218452152255854,0.49738761631692907,,,False,0.6218452152255854,fpi_fallback
401858290,2026,154,2771,Wake Forest,Merrimack,ACC,,False,False,0.713595192137841,0.5812911687495408,0.2588579591316711,0.38675851149821144,0.17291985788871805,1.0,3.460513958818575,0.7293821961240997,0.0,0.0,1.0,817.8332426208597,0.031578947368421054,0.2101442248687073,113.62370271138647,0.0,,704.2095399094732,0.031578947368421054,,0.9580169706264908,0.04198302937350917,0.9580169706264908,0.0,0.9580169706264908,0.04198302937350917,,,,0.9580169706264908,3.1276000183627795,,,False,0.9580169706264908,fpi_fallback
401858292,2026,41,153,UConn,North Carolina,FBS Indep.,ACC,False,False,0.6615307922419947,0.35566755871716843,0.2321740773439938,0.4426605115335504,0.22527751615010477,0.0,-0.06351340572232544,0.65976110471737,0.0,0.0,1.0,615.5565845368845,0.0,-0.1529533590942646,964.9357928955131,0.15447154471544716,-0.03466205245877597,-349.3792083586286,-0.15447154471544716,-0.11829130663548865,0.4254512242037524,0.5745487757962475,0.1919623536879514,1.0,0.1919623536879514,0.8080376463120487,,,,0.1919623536879514,-1.4373093711453448,,,False,0.1919623536879514,fpi_fallback
401869936,2026,2032,2433,Arkansas State,UL Monroe,Sun Belt,Sun Belt,True,False,0.9689198150967536,0.5880693552807184,0.3161749020284462,0.5579797536537517,0.2472504510816036,0.0,0.010362787035546717,0.3090180504016462,0.0,0.0,1.0,798.8377398455441,0.0,-0.1622319327532929,736.2526686071137,0.009433962264150943,-0.2673925024115139,62.58507123843037,-0.009433962264150943,0.10516056965822101,0.7077317668901139,0.29226823310988614,0.791581633372038,1.0,0.791581633372038,0.20841836662796198,,,,0.791581633372038,1.3344855739463366,,,False,0.791581633372038,fpi_fallback
401871073,2026,338,48,Kennesaw State,Delaware,CUSA,CUSA,True,False,0.079302393533153,-0.1343778205062048,0.03566138965199628,0.012719432799443384,0.05984357692455866,0.0,0.2876820724517808,0.9089534730619016,0.0,0.0,1.0,538.417781872682,0.0,-0.11035407025344204,501.88099863363584,0.0,-0.18026586032236394,36.536783239046144,0.0,0.0699117900689219,0.6128357086956012,0.3871642913043988,0.5011383665396613,1.0,0.5011383665396613,0.49886163346033874,,,,0.5011383665396613,0.00455347402632064,,,False,0.5011383665396613,fpi_fallback
401862820,2026,2426,218,Navy,Temple,American,American,True,False,1.51719239443167,0.6374785366425295,0.33356790166663647,0.590132223120274,0.31031249467821265,0.0,0.031252543504104224,-0.05363295771785033,0.0,0.0,1.0,513.2100047675495,0.0,0.1009917703659504,743.2158993608089,0.008771929824561403,-0.039767353742940235,-230.0058945932593,-0.008771929824561403,0.14075912410889063,0.6227921521343849,0.3772078478656151,0.7502665902162226,1.0,0.7502665902162226,0.24973340978377745,,,,0.7502665902162226,1.1000346089632236,,,False,0.7502665902162226,fpi_fallback
401871076,2026,2393,98,Middle Tennessee,Western Kentucky,CUSA,CUSA,True,False,-1.3512233185973468,-0.3192458082855701,-0.09459968224356818,-0.5678482913545422,-0.2186007515719165,0.0,-0.04604393850140642,-0.1487734218846481,0.0,0.0,1.0,719.367146484565,0.0,-0.20674295963406975,673.5953239504531,0.0,-0.08552767474658443,45.771822534111834,0.0,-0.12121528488748531,0.4526811573510391,0.5473188426489609,0.2845453557931428,1.0,0.2845453557931428,0.7154546442068572,,,,0.2845453557931428,-0.9220255429575271,,,False,0.2845453557931428,fpi_fallback
401871074,2026,2229,2623,Florida International,Missouri State,CUSA,CUSA,True,False,-0.005979478283434219,0.08399398270708804,0.10231649002779258,0.06899918637355706,0.02182190876497514,0.0,1.7653727140548603,0.37019631699836736,0.0,0.0,1.0,433.8089100421115,0.0,-0.16334506454494596,523.8358831187666,0.0,-0.16300112984699,-90.02697307665505,0.0,-0.000343934697955961,0.5420289620312568,0.45797103796874317,0.5046327625039412,1.0,0.5046327625039412,0.4953672374960588,,,,0.5046327625039412,0.01853158033967707,,,False,0.5046327625039412,fpi_fallback
401870795,2026,166,2335,New Mexico State,Liberty,CUSA,CUSA,True,False,-0.6558008258823702,-0.24977918968238386,0.015668003540279307,-0.389991444912495,-0.0592148126911316,0.0,0.5382245979541045,0.6088449916751597,0.0,0.0,1.0,642.1178364084459,0.0,-0.20796966182041543,667.6595182095873,0.0,-0.2131392383873019,-25.541681801141408,0.0,0.0051695765668864635,0.5051002341613966,0.4948997658386034,0.35942340118467125,1.0,0.35942340118467125,0.6405765988153287,,,,0.35942340118467125,-0.5778676223635266,,,False,0.35942340118467125,fpi_fallback
401860911,2026,36,68,Colorado State,Boise State,Pac-12,Pac-12,True,False,-1.558683071170767,-0.668568866994432,-0.2731765138139066,-0.7861794592935338,-0.2767550654614285,0.0,-0.06219620786990543,-0.26867791092544396,0.0,0.0,1.0,741.5832443465806,0.0,-0.18634317778833193,848.8900053513655,0.02564102564102564,0.03026250522538966,-107.3067610047849,-0.02564102564102564,-0.21660568301372157,0.3344674770932301,0.6655325229067699,0.1865037447534416,1.0,0.1865037447534416,0.8134962552465583,,,,0.1865037447534416,-1.4728900053975245,,,False,0.1865037447534416,fpi_fallback
401871075,2026,55,2534,Jacksonville State,Sam Houston,CUSA,CUSA,True,False,1.213672394994046,0.800380204209014,0.2157402831221359,0.8432186823301596,0.2151357334763433,0.0,0.17520408902509121,0.7842664862426659,0.0,0.0,1.0,675.3485562302653,0.0,-0.1740853325659812,638.9854759578275,0.0,-0.4540565745975952,36.363080272437855,0.0,0.279971242031614,0.7965274026653064,0.20347259733469358,0.789072315734955,1.0,0.789072315734955,0.21092768426504505,,,,0.789072315734955,1.3193426254402014,,,False,0.789072315734955,fpi_fallback
401858291,2026,87,2390,Notre Dame,Miami,FBS Indep.,ACC,False,False,0.3297378648140102,0.7325524838731532,0.12512770202980195,0.44838461582522526,0.07595867074106932,0.0,0.0,-0.6614332641431634,0.0,0.0,1.0,1331.2910121386622,0.6538461538461539,0.5226843609885897,1262.9288503196244,0.5233644859813084,0.4940492419545948,68.36216181903774,0.1304816678648455,0.028635119033994905,0.6830065443559992,0.31699345564400083,0.6661105117417832,1.0,0.7015651744331205,0.2984348255668795,-7.0,55.5,core_odds_api,0.6661105117417832,0.690645525573561,7.0,0.7015651744331205,True,0.6661105117417832,fpi_market
401862823,2026,349,2005,Army,Air Force,American,Mountain West,False,False,0.7481263730076512,0.21586843396013816,0.09596120707795003,0.24999868163066052,0.13659041095576563,0.0,0.036367644170874236,-0.04425778457313527,0.0,0.0,1.0,586.599678950922,0.0,0.015280943267176026,693.3178165578591,0.0,-0.18539588287011458,-106.71813760693715,0.0,0.2006768261372906,0.6490158063539433,0.3509841936460567,0.5970242371999706,1.0,0.5970242371999706,0.40297576280002945,,,,0.5970242371999706,0.39308129269074776,,,False,0.5970242371999706,fpi_fallback
401860913,2026,328,278,Utah State,Fresno State,Pac-12,Pac-12,True,False,-0.6814586460003784,-0.36130510947323347,-0.21028113726808012,-0.272727234834155,-0.15319852762053437,0.0,-0.015504186535965303,-0.08010564881222536,0.0,0.0,1.0,734.3906244961368,0.0,-0.010083142412802261,742.5741700850772,0.0,-0.04443712518862564,-8.183545588940433,0.0,0.034353982775823376,0.5406965680937686,0.45930343190623135,0.4548795504781434,1.0,0.4548795504781434,0.5451204495218567,,,,0.4548795504781434,-0.1809741188600455,,,False,0.4548795504781434,fpi_fallback
401860912,2026,204,326,Oregon State,Texas State,Pac-12,Pac-12,True,False,-1.0894025911359062,-0.9557265637312071,-0.2735442166930001,-0.8350105076072347,-0.2199426423598448,0.0,0.07696104113612812,-0.7770643641802439,0.0,0.0,1.0,773.1288164683024,0.02247191011235955,-0.09009737589266646,730.9582650396574,0.0,-0.05944701182601658,42.17055142864501,0.02247191011235955,-0.03065036406664988,0.45729665647980106,0.5427033435201989,0.46455832469814107,1.0,0.46455832469814107,0.5354416753018589,,,,0.46455832469814107,-0.14200485277432495,,,False,0.46455832469814107,fpi_fallback
401864535,2026,2439,2751,UNLV,Wyoming,Mountain West,Mountain West,True,False,1.2852806663076648,0.4947119809536898,0.1775243038399037,0.5657558018337315,0.23250226115741773,0.0,0.036367644170874236,0.13813706033233986,0.0,0.0,1.0,727.9148013639938,0.0,-0.013766461130807137,755.9642701563448,0.0,-0.17052082000783303,-28.049468792351036,0.0,0.15675435887702588,0.6997545863166698,0.30024541368333024,0.8627514076937136,1.0,0.8627514076937136,0.1372485923062864,,,,0.8627514076937136,1.8383327696959546,,,False,0.8627514076937136,fpi_fallback
401866458,2026,2006,2711,Akron,Western Michigan,MAC,MAC,True,False,-1.150745147643363,-0.510274990073684,-0.18443331624616444,-0.5249875723433394,-0.18793561760345467,0.0,-0.015831465216680662,-0.5886445015726849,0.0,0.0,1.0,633.6115119466774,0.0,-0.3729704281556604,726.859170455014,0.0,-0.030280742089063867,-93.2476585083366,0.0,-0.34268968606659655,0.3260436830542156,0.6739563169457844,0.2511447798931165,1.0,0.2511447798931165,0.7488552201068834,,,,0.2511447798931165,-1.092516082082555,,,False,0.2511447798931165,fpi_fallback
401866459,2026,189,2309,Bowling Green,Kent State,MAC,MAC,True,False,0.5960679690096026,0.2491989177185248,-0.09808225027398404,0.5809369841260251,0.023344881690805896,0.0,0.026526754333428215,-1.0948546014290628,0.0,0.0,1.0,721.2040197767335,0.0,-0.2229314178683267,709.4657050110235,0.012658227848101266,-0.3216129524444867,11.738314765710015,-0.012658227848101266,0.09868153457615997,0.6901887947731066,0.3098112052268934,0.6705001091551156,1.0,0.6705001091551156,0.3294998908448844,,,,0.6705001091551156,0.7104478428508152,,,False,0.6705001091551156,fpi_fallback
401866460,2026,193,195,Miami (OH),Ohio,MAC,MAC,True,False,-0.5588302714732254,-0.34619071236061594,-0.21926827845699237,-0.2655335008438314,-0.14745857461022227,0.0,0.005221943981151611,-0.32230967059873594,0.0,0.0,1.0,722.3685503666973,0.0,-0.19534094449480896,728.1091688566596,0.02666666666666667,-0.08827759141170993,-5.740618489962344,-0.02666666666666667,-0.10706335308309903,0.4768723887569469,0.5231276112430532,0.5906646064078236,1.0,0.5906646064078236,0.4093353935921764,,,,0.5906646064078236,0.3667135012360071,,,False,0.5906646064078236,fpi_fallback
401866461,2026,2050,2084,Ball State,Buffalo,MAC,MAC,True,False,-0.6603454756815131,-0.44873250907021955,-0.026012743079400213,-0.6040901657004799,-0.0948172336827442,0.0,0.0,0.19723761139803173,0.0,0.0,1.0,699.3573843826957,0.0,-0.4324979754700893,711.4279562027778,0.0,-0.2965654738374634,-12.070571820082023,0.0,-0.13593250163262588,0.4214018283943826,0.5785981716056174,0.3956606498315598,1.0,0.3956606498315598,0.6043393501684402,,,,0.3956606498315598,-0.4235789791926164,,,False,0.3956606498315598,fpi_fallback
401866462,2026,2117,16,Central Michigan,Sacramento State,MAC,MAC,True,False,-0.07696085958805497,-0.022168419563440418,0.058817716414685306,-0.006662606110133854,0.04380349343057938,0.0,2.2460147415056517,0.41770927022076193,0.0,0.0,1.0,710.6104865694842,0.0,-0.16936787162657693,692.9988066587673,0.0,,17.61167991071693,0.0,,0.581631572726612,0.41836842727338797,0.5030709089847367,1.0,0.5030709089847367,0.4969290910152633,,,,0.5030709089847367,0.012283790396586126,,,False,0.5030709089847367,fpi_fallback
401866463,2026,2649,113,Toledo,Massachusetts,MAC,MAC,True,False,2.3852870906089128,1.6681674049243267,0.33519855982340974,1.759943442420431,0.3808918341943123,0.0,0.16374517122101917,0.781479308827993,0.0,0.0,1.0,746.2577192210606,0.02531645569620253,0.08408466429112067,580.0697737621826,0.0,-0.520773787951295,166.18794545887795,0.02531645569620253,0.6048584522424157,0.9463743049128412,0.05362569508715875,0.8748390375677614,1.0,0.8748390375677614,0.12516096243223862,,,,0.8748390375677614,1.9444393039837047,,,False,0.8748390375677614,fpi_fallback
401862824,2026,58,235,South Florida,Memphis,American,American,True,False,-0.045248818777211,0.7404054802701386,0.1471388080536179,0.3451541560323391,0.02958669880020426,0.0,-0.020619287202735315,1.0660391943949186,0.0,0.0,1.0,800.075815711071,0.03333333333333333,0.20420438658719947,811.1368939946184,0.018867924528301886,0.14052798652883336,-11.061078283547431,0.014465408805031447,0.06367640005836611,0.6399062117984091,0.3600937882015909,0.5907926163792455,1.0,0.5907926163792455,0.4092073836207545,,,,0.5907926163792455,0.3672429749599979,,,False,0.5907926163792455,fpi_fallback
401869969,2026,2433,309,UL Monroe,Louisiana,Sun Belt,Sun Belt,True,False,-1.0804115889713535,-0.4826347632449018,-0.2592989230117023,-0.5883403841764235,-0.2150140240894659,0.0,-0.030771658666753687,0.18309277042821803,0.0,0.0,1.0,736.2526686071137,0.009433962264150943,-0.2673925024115139,716.1153761466188,0.0,-0.25325455386875345,20.137292460494905,0.009433962264150943,-0.014137948542760459,0.48778203309897655,0.5122179669010234,0.2895295994191636,1.0,0.2895295994191636,0.7104704005808364,,,,0.2895295994191636,-0.8976697516539517,,,False,0.2895295994191636,fpi_fallback
401858293,2026,221,52,Pittsburgh,Florida State,ACC,ACC,True,False,0.46641761603852044,-0.03616641056025409,0.0805533787444433,0.07016875662899867,0.10419078299736129,0.0,0.0,0.38659922657541756,0.0,0.0,1.0,901.0402708557126,0.12643678160919541,0.25090656933998107,1140.327181629477,0.3627450980392157,0.27952505542872025,-239.28691077376448,-0.23630831643002026,-0.02861848608873918,0.4420263731233357,0.5579736268766643,0.49462604864415594,1.0,0.49462604864415594,0.5053739513558441,,,,0.49462604864415594,-0.021496633194025637,,,False,0.49462604864415594,fpi_fallback
401858526,2026,26,356,UCLA,Illinois,Big Ten,Big Ten,True,False,-1.026682085997504,-0.8584801829156319,-0.296458117908566,-0.7844563617905985,-0.2542273802058349,0.0,0.0,-0.5694330286811919,0.0,0.0,1.0,811.0418477665968,0.0821917808219178,-0.0031423834422963023,917.6907070888561,0.0782608695652174,0.16675780417854352,-106.64885932225934,0.003930911256700406,-0.16990018762083983,0.35524246807637333,0.6447575319236267,0.41241128282764683,1.0,0.41241128282764683,0.5875887171723532,,,,0.41241128282764683,-0.3540061318602289,,,False,0.41241128282764683,fpi_fallback
401856860,2026,38,248,Colorado,Houston,Big 12,Big 12,True,False,-0.7065332512114901,-0.6701386356800976,-0.3249200720718462,-0.4243436926274263,-0.22877130936356882,0.0,-0.005249355886143725,-1.4144610107608242,0.0,0.0,1.0,861.702384575236,0.15714285714285714,-0.03556014101794508,866.7900327400409,0.12162162162162163,0.09223461283714135,-5.087648164804932,0.03552123552123551,-0.12779475385508643,0.4555028275420964,0.5444971724579035,0.4980409572460056,1.0,0.4980409572460056,0.5019590427539944,,,,0.4980409572460056,-0.007836211115063267,,,False,0.4980409572460056,fpi_fallback
401856857,2026,2116,9,UCF,Arizona State,Big 12,Big 12,True,False,-0.6577770506024285,-0.35781333541634763,-0.09282317954159669,-0.19541450770569507,-0.15742538821441882,0.0,0.026111144003685638,0.1515634525271912,0.0,0.0,1.0,765.5801937114245,0.0958904109589041,0.019875527945627768,896.2395405052043,0.1,0.2419786272205886,-130.65934679377983,-0.004109589041095901,-0.22210309927496083,0.3972555942135655,0.6027444057864345,0.4961878630557809,1.0,0.4961878630557809,0.5038121369442191,,,,0.4961878630557809,-0.015248843250933949,,,False,0.4961878630557809,fpi_fallback
401856858,2026,252,239,BYU,Baylor,Big 12,Big 12,True,False,1.1856285612840565,0.4268881466813319,0.26926808557406023,0.43687017421457036,0.250867334065342,0.0,0.015424470325631212,0.7019676011519936,0.0,0.0,1.0,966.2180287324254,0.12871287128712872,0.23853588239442264,904.775063495865,0.15853658536585366,0.10111100596041074,61.44296523656044,-0.029823714078724944,0.1374248764340119,0.7024310126393252,0.29756898736067483,0.7239985840864965,1.0,0.7239985840864965,0.27600141591350347,,,,0.7239985840864965,0.9643834408767891,,,False,0.7239985840864965,fpi_fallback
401856859,2026,66,2132,Iowa State,Cincinnati,Big 12,Big 12,True,False,0.5844503145262638,0.5759949407950054,0.23655593900405092,0.347451394132752,0.16105922982150644,0.0,0.0103093696588612,-0.2284193146412531,0.0,0.0,1.0,861.4912999357202,0.0673076923076923,0.16375126279945085,779.5136409431768,0.0379746835443038,0.10844840832140853,81.97765899254341,0.029333008763388506,0.05530285447804231,0.6722315325654433,0.3277684674345567,0.4251433918570279,1.0,0.4251433918570279,0.5748566081429721,,,,0.4251433918570279,-0.30169412792994077,,,False,0.4251433918570279,fpi_fallback
401856861,2026,277,2305,West Virginia,Kansas,Big 12,Big 12,True,False,-0.25589029411231423,-0.2917280903749591,0.03041142646037448,-0.376947060567244,-0.014088362772841478,0.0,0.0,-0.0743328135812999,0.0,0.0,1.0,911.6964337971962,0.06349206349206349,0.006903702757038735,728.3803919337098,0.043478260869565216,0.0987177593152587,183.31604186348636,0.020013802622498272,-0.09181405655821996,0.545233569627168,0.45476643037283204,0.4983586373515975,1.0,0.4983586373515975,0.5016413626484024,,,,0.4983586373515975,-0.006565474177485469,,,False,0.4983586373515975,fpi_fallback
401856862,2026,2628,2306,TCU,Kansas State,Big 12,Big 12,True,False,0.23302655381994783,-0.013741644909874331,0.08528249486238537,0.02952683935801678,0.08043346326004375,0.0,0.005141399500418586,0.3648438187696547,0.0,0.0,1.0,977.9587547112536,0.19,0.17568122172595302,908.4180140804283,0.07766990291262135,0.07624696545002964,69.54074063082533,0.11233009708737865,0.09943425627592338,0.6555901060517229,0.34440989394827715,0.5994930070689977,1.0,0.5994930070689977,0.40050699293100234,,,,0.5994930070689977,0.4033530829361688,,,False,0.5994930070689977,fpi_fallback
401856863,2026,197,2641,Oklahoma State,Texas Tech,Big 12,Big 12,True,False,-2.2512242623802514,-1.29586270960198,-0.3840788575514661,-1.618983639507077,-0.42532539910396966,0.0,-0.005141399500418586,-1.731254216554521,0.0,0.0,1.0,755.4882199001777,0.0,-0.18509401619573237,1052.4682043539133,0.25,0.42462074344422895,-296.9799844537356,-0.25,-0.6097147596399614,0.1187131232922816,0.8812868767077184,0.18233092010508944,1.0,0.15001207090687022,0.8499879290931298,15.5,61.5,core_odds_api,0.18233092010508944,-1.500634428534641,-15.5,0.15001207090687022,True,0.18233092010508944,fpi_market
401856864,2026,12,254,Arizona,Utah,Big 12,Big 12,True,False,-0.6020921758680537,-0.3824324743140095,-0.14341272327185206,-0.4587561247226072,-0.09853411967079184,0.0,-0.01574835696813892,-0.15872648945796072,0.0,0.0,1.0,926.0198278993089,0.13592233009708737,0.23622595907028177,941.3110117961028,0.15294117647058825,0.30485487985898047,-15.291183896793882,-0.017018846373500873,-0.0686289207886987,0.46520153108983886,0.5347984689101611,0.5318312103638612,1.0,0.5318312103638612,0.46816878963613884,,,,0.5318312103638612,0.12749727273697725,,,False,0.5318312103638612,fpi_fallback
401856882,2026,8,2579,Arkansas,South Carolina,SEC,SEC,True,False,-0.42733900572542555,-0.35121406808648375,-0.11790095473578105,-0.25506625172992914,-0.11802875067387297,0.0,-0.0051948168771041026,0.08587323200822083,0.0,0.0,1.0,923.2652086614927,0.15053763440860216,0.12034445408518966,1150.3785478252003,0.4444444444444444,0.08932890748859423,-227.11333916370756,-0.2939068100358423,0.03101554659659543,0.42110482398396043,0.5788951760160396,0.37569269930787275,1.0,0.37569269930787275,0.6243073006921273,,,,0.37569269930787275,-0.5078711960519469,,,False,0.37569269930787275,fpi_fallback
401856883,2026,61,142,Georgia,Missouri,SEC,SEC,True,False,1.0178967973375734,0.36251231794119393,0.16518629738350998,0.3018058950985208,0.15229221923967629,0.0,0.03509131981127034,0.2688399039388332,0.0,0.0,1.0,1454.7175340466702,0.7304347826086957,0.32936276416267773,991.2097296268986,0.2823529411764706,0.29316690406481605,463.50780441977156,0.44808184143222507,0.03619586009786169,0.8251606805341012,0.1748393194658988,0.8327225422761961,1.0,0.8327225422761961,0.16727745772380387,,,,0.8327225422761961,1.6050466469056208,,,False,0.8327225422761961,fpi_fallback
401856884,2026,96,57,Kentucky,Florida,SEC,SEC,True,False,-0.18464598472103488,-0.15401990475550495,0.0035580253033059006,-0.10208653754737387,-0.00942112910754156,0.0,0.0,0.5751923177694266,0.0,0.0,1.0,957.2511978283744,0.19148936170212766,0.12743784412898232,1249.4645927399758,0.5824175824175825,0.13931393188132907,-292.2133949116014,-0.3909282207154548,-0.011876087752346748,0.3885490155166825,0.6114509844833175,0.3533027088609875,1.0,0.3533027088609875,0.6466972911390125,,,,0.3533027088609875,-0.6045530980526613,,,False,0.3533027088609875,fpi_fallback
401856885,2026,99,251,LSU,Texas,SEC,SEC,True,False,-0.8339893839219576,-0.3561647613138133,-0.257809472018547,-0.34550538596396113,-0.17466140188202028,0.0,-0.015267472130788384,-0.19899734668636257,0.0,0.0,1.0,1272.669430225689,0.5098039215686274,0.18878088457719902,1404.970024515499,0.6060606060606061,0.3259839418805343,-132.30059428981008,-0.09625668449197866,-0.1372030573033353,0.39994366201339543,0.6000563379866046,0.38608024707342914,1.0,0.41101587367561526,0.5889841263243847,3.0,54.5,core_odds_api,0.38608024707342914,-0.4638189822159149,-3.0,0.41101587367561526,True,0.38608024707342914,fpi_market
401856886,2026,344,2,Mississippi State,Auburn,SEC,SEC,True,False,-0.47945468930390917,-0.6455002345510853,-0.0947745187373632,-0.49210793945263365,-0.07425335940376876,0.0,-0.015504186535965303,0.12807459819075576,0.0,0.0,1.0,1004.9310140506045,0.11570247933884298,0.08344340967405131,1126.5988176305864,0.3917525773195876,0.2366688125705948,-121.66780357998186,-0.27605009798074465,-0.1532254028965435,0.35731963107742415,0.6426803689225759,0.3602039648300054,1.0,0.3602039648300054,0.6397960351699946,,,,0.3602039648300054,-0.5744789905299856,,,False,0.3602039648300054,fpi_fallback
401856887,2026,201,145,Oklahoma,Ole Miss,SEC,SEC,True,False,-0.7205909120031356,-0.357432005536037,-0.048123695921370224,-0.4037113806309854,-0.10578964605176266,0.0,0.015267472130788384,0.20347289081841835,0.0,0.0,1.0,1173.5834604844968,0.4519230769230769,0.3311106400825597,1077.05919274244,0.41379310344827586,0.3643332453427581,96.52426774205674,0.03812997347480107,-0.033222605260198435,0.5373881741415499,0.46261182585845007,0.6107272842823475,1.0,0.6289808155249701,0.3710191844750299,-4.0,53.5,core_odds_api,0.6107272842823475,0.45037034962654915,4.0,0.6289808155249701,True,0.6107272842823475,fpi_market
401856888,2026,245,2633,Texas A&M,Tennessee,SEC,SEC,True,False,0.26083773487870304,0.17578166029271583,0.07889928076998326,0.06350257126557121,0.07333145820399056,0.0,-0.005167970158442614,0.781408762012752,0.0,0.0,1.0,1292.7928128569013,0.7078651685393258,0.42460359407589965,1252.305283860725,0.46153846153846156,0.22869558366290296,40.48752899617625,0.24632670700086423,0.19590801041299669,0.7073629694071436,0.2926370305928564,0.6874619971585832,1.0,0.7330741191727151,0.26692588082728486,-8.5,55.5,core_odds_api,0.6874619971585832,0.7882804802774583,8.5,0.7330741191727151,True,0.6874619971585832,fpi_market
401856889,2026,238,333,Vanderbilt,Alabama,SEC,SEC,True,False,-0.44611982602119044,0.4394031176692786,0.04106655532645431,0.09237171737761926,-0.028279490397153162,0.0,-0.060624621816434576,1.0969366225467752,0.0,0.0,1.0,898.5992310035647,0.10588235294117647,0.2747700076748849,1451.3911057034413,0.6160714285714286,0.3317978703457419,-552.7918746998766,-0.5101890756302522,-0.057027862670856966,0.30061633970000523,0.6993836602999948,0.28599194554009755,1.0,0.28599194554009755,0.7140080544599025,,,,0.28599194554009755,-0.914930595056051,,,False,0.28599194554009755,fpi_fallback
401858295,2026,258,25,Virginia,California,ACC,ACC,True,False,0.593411755246591,0.4331857218110936,0.16494307413451065,0.3699284779568907,0.13211764728117092,0.0,0.021053409197832273,1.064166553788143,0.0,0.0,1.0,681.7851759026536,0.0,0.19059254374581175,845.5299003506768,0.11392405063291139,-0.009139274462177608,-163.74472444802325,-0.11392405063291139,0.19973181820798935,0.6281613538243986,0.37183864617560136,0.7324649526745083,1.0,0.7324649526745083,0.2675350473254917,,,,0.7324649526745083,1.0071649177752429,,,False,0.7324649526745083,fpi_fallback
401858296,2026,2390,150,Miami,Duke,ACC,ACC,True,False,0.7419441807867929,0.1916945390527782,-0.030202559904208726,0.47644885764852374,0.059171866829551556,0.0,0.0,0.4782879536376231,0.0,0.0,1.0,1262.9288503196244,0.5233644859813084,0.4940492419545948,835.443025727025,0.07692307692307693,0.1524012636603621,427.48582459259944,0.44644140905823143,0.3416479782942327,0.9024964299132121,0.0975035700867879,0.9003602751610016,1.0,0.9253804307239979,0.0746195692760021,-21.0,55.5,core_odds_api,0.9003602751610016,2.2012340601192273,21.0,0.9253804307239979,True,0.9003602751610016,fpi_market
401858297,2026,228,59,Clemson,Georgia Tech,ACC,ACC,True,False,0.3764945477302058,0.3050613698374783,0.12361259813483211,0.22153419171382144,0.03102766036894189,0.0,0.04020642047804035,-0.5941110000250979,0.0,0.0,1.0,1162.6283334023117,0.4827586206896552,0.13696508014615622,968.9845275797574,0.14444444444444443,0.16709834133551948,193.64380582255433,0.33831417624521076,-0.03013326118936327,0.7006503938528398,0.2993496061471602,0.7760292639752051,1.0,0.7760292639752051,0.2239707360247949,,,,0.7760292639752051,1.2426748302063377,,,False,0.7760292639752051,fpi_fallback
401858298,2026,153,97,North Carolina,Louisville,ACC,ACC,True,False,-1.1839806668080928,-0.5631752544110247,-0.21370978239207644,-0.5535090881817091,-0.2125230426489924,0.0,-0.005115100666770012,-0.4234329659548371,0.0,0.0,1.0,964.9357928955131,0.15447154471544716,-0.03466205245877597,810.6120157818036,0.15492957746478872,0.24901211463090583,154.32377711370953,-0.00045803274934155813,-0.2836741670896818,0.4252226468268104,0.5747773531731897,0.44609806389883505,1.0,0.44609806389883505,0.553901936101165,,,,0.44609806389883505,-0.21644885836742672,,,False,0.44609806389883505,fpi_fallback
401858299,2026,259,24,Virginia Tech,Stanford,ACC,ACC,True,False,0.16463567850857544,-0.07609437236098993,-0.07800888402231487,0.23904573681869665,-0.007516581307894676,0.0,0.025841231183886926,-0.9083466926699635,0.0,0.0,1.0,941.2491041062212,0.19318181818181818,0.018920152232701312,892.6689042414988,0.09574468085106383,0.018158436641050876,48.58019986472243,0.09743713733075435,0.0007617155916504366,0.6317596766868298,0.36824032331317025,0.8023069490732934,1.0,0.8023069490732934,0.19769305092670664,,,,0.8023069490732934,1.400775684189981,,,False,0.8023069490732934,fpi_fallback
401858300,2026,152,183,NC State,Syracuse,ACC,ACC,True,False,0.8765573161303609,1.1627295253388203,0.3302336482770724,0.7173346120934733,0.182574446370242,0.0,0.005141399500418586,1.1787735372183057,0.0,0.0,1.0,940.0143298590317,0.12244897959183673,0.20064371785902324,915.4353213958169,0.08181818181818182,-0.0917346289034202,24.57900846321479,0.040630797773654914,0.29237834676244345,0.7886643650369388,0.21133563496306118,0.6778966468957978,1.0,0.6778966468957978,0.32210335310420224,,,,0.6778966468957978,0.7441223716966283,,,False,0.6778966468957978,fpi_fallback
401858301,2026,2567,154,SMU,Wake Forest,ACC,ACC,True,False,0.9341542253434182,0.1745134067942702,0.006639487600041627,0.4343925974317659,0.07445888090637443,0.0,0.030930300691358603,-0.6495031634558995,0.0,0.0,1.0,874.0415949819652,0.1625,0.2315533960010078,817.8332426208597,0.031578947368421054,0.2101442248687073,56.20835236110554,0.13092105263157894,0.02140917113230051,0.6739704584840013,0.3260295415159987,0.7472786036539326,1.0,0.7472786036539326,0.2527213963460674,,,,0.7472786036539326,1.0841503972435005,,,False,0.7472786036539326,fpi_fallback
401858518,2026,84,30,Indiana,USC,Big Ten,Big Ten,True,False,1.0279219787158058,0.7223605473029077,0.24376370890957755,0.79154666765616,0.21516309413041756,0.0,-0.0103093696588612,0.9147928979884545,0.0,0.0,1.0,872.0069986162093,0.1,0.5357653254929933,1275.9325614814477,0.4727272727272727,0.3017096492006037,-403.92556286523836,-0.3727272727272727,0.23405567629238955,0.5751210632746734,0.4248789367253266,0.7143971234096993,1.0,0.7715446909814503,0.2284553090185497,-10.5,58.5,core_odds_api,0.7143971234096993,0.9168367004624183,10.5,0.7715446909814503,True,0.7143971234096993,fpi_market
401858519,2026,2294,2509,Iowa,Purdue,Big Ten,Big Ten,True,False,1.9240189325350388,1.365926735335805,0.3884019583129142,1.3333657780632702,0.37232125051009485,0.0,0.03655759573379758,0.30782863376526165,0.0,0.0,1.0,987.4538325581303,0.19607843137254902,0.26940787108696074,799.8384609517241,0.05434782608695652,-0.07843402148142234,187.61537160640626,0.1417306052855925,0.34784189256838305,0.8975238915250295,0.10247610847497046,0.8149219385222292,1.0,0.8149219385222292,0.18507806147777084,,,,0.8149219385222292,1.4823146376845597,,,False,0.8149219385222292,fpi_fallback
401858520,2026,120,275,Maryland,Wisconsin,Big Ten,Big Ten,True,False,-0.21009107641534228,-0.19536939309913226,-0.12303588116237141,-0.006941937698530053,-0.05012573851413904,0.0,-0.03674954220874138,0.03621461054811789,0.0,0.0,1.0,934.2453153712663,0.11702127659574468,-0.04044552211638594,907.0388207801798,0.2111111111111111,0.06697475666311872,27.20649459108654,-0.09408983451536643,-0.10742027877950466,0.5148251606808862,0.48517483931911376,0.46579655207300336,1.0,0.46579655207300336,0.5342034479269966,,,,0.46579655207300336,-0.1370277997688112,,,False,0.46579655207300336,fpi_fallback
401858521,2026,127,264,Michigan State,Washington,Big Ten,Big Ten,True,False,-1.4031830082684473,-0.7666023746483486,-0.19477680024554955,-0.8321181818047386,-0.21212091689947354,0.0,-0.010416760858255714,-0.34973243462501385,0.0,0.0,1.0,936.667144135479,0.14444444444444443,0.03342503768153286,1043.8640373572212,0.27,0.33176080575933187,-107.19689322174213,-0.1255555555555556,-0.298335768077799,0.29114045254498844,0.7088595474550116,0.3201411033790669,1.0,0.3201411033790669,0.6798588966209331,,,,0.3201411033790669,-0.7531234250044716,,,False,0.3201411033790669,fpi_fallback
401858522,2026,194,77,Ohio State,Northwestern,Big Ten,Big Ten,True,False,1.8452096231628434,0.3484079320061367,0.041708667038804825,0.9294785051645238,0.20876752331636295,0.0,0.035809452696710764,-0.4444315801416519,0.0,0.0,1.0,1367.1424727059755,0.6039603960396039,0.5199884434427365,799.4019028452823,0.047619047619047616,0.045966842685715825,567.7405698606932,0.5563413484205564,0.4740216007570207,0.9579105289102317,0.04208947108976835,0.9589732699397167,1.0,0.9589732699397167,0.041026730060283345,,,,0.9589732699397167,3.151639394682658,,,False,0.9589732699397167,fpi_fallback
401858523,2026,2483,130,Oregon,Michigan,Big Ten,Big Ten,True,False,0.8632400568598245,0.24913240919477334,0.1143668137643824,0.4387445482183641,0.11887025964894593,0.0,0.02040887163120697,0.34009981132560824,0.0,0.0,1.0,1401.6094907863976,0.5378151260504201,0.4314892927531719,1235.613791698029,0.51,0.23626313954224643,165.9956990883686,0.027815126050420136,0.19522615321092546,0.765174154028398,0.23482584597160205,0.779069718838301,1.0,0.8292584822802781,0.1707415177197219,-13.5,53.5,core_odds_api,0.779069718838301,1.2602533578428308,13.5,0.8292584822802781,True,0.779069718838301,fpi_market
401858524,2026,213,135,Penn State,Minnesota,Big Ten,Big Ten,True,False,0.6121931520364842,0.43379906016683156,0.03444593068780433,0.5313209937178736,0.008014025553067294,0.0,0.030930300691358603,-0.36055369181506647,0.0,0.0,1.0,1093.5859854781434,0.40816326530612246,0.2572674566411734,945.3401948206013,0.12264150943396226,-0.01770528059758985,148.2457906575421,0.2855217558721602,0.27497273723876325,0.8224456496173553,0.17755435038264467,0.8392126704396613,1.0,0.8392126704396613,0.1607873295603387,,,,0.8392126704396613,1.6523815978303955,,,False,0.8392126704396613,fpi_fallback
401858525,2026,164,158,Rutgers,Nebraska,Big Ten,Big Ten,True,False,-0.10356282280269624,0.05911694129520458,-0.00257384534273819,-0.11691916713487295,-0.03722763129110268,0.0,-0.0051948168771041026,-0.07640535939652864,0.0,0.0,1.0,974.5567623671036,0.1485148514851485,-0.007181304706549596,1029.4228879195155,0.26262626262626265,0.04624983446854084,-54.86612555241186,-0.11411141114111414,-0.05343113917509044,0.4900336582789771,0.509966341721023,0.3345256876083121,1.0,0.3345256876083121,0.665474312391688,,,,0.3345256876083121,-0.6877863674640106,,,False,0.3345256876083121,fpi_fallback
401862825,2026,2429,151,Charlotte,East Carolina,American,American,True,False,-1.8599722582492426,-1.3702497622937835,-0.4000492300794358,-1.3793787961140194,-0.3493145060579228,0.0,-0.4133082855691903,-1.0241091181467277,0.0,0.0,1.0,677.7973197292208,0.0,-0.254936540932452,776.7464762757635,0.030927835051546393,0.1482528042243568,-98.94915654654267,-0.030927835051546393,-0.4031893451568088,0.22206832046044594,0.7779316795395541,0.2279713732744897,1.0,0.2279713732744897,0.7720286267255103,,,,0.2279713732744897,-1.2198015653299363,,,False,0.2279713732744897,fpi_fallback
401862826,2026,202,2226,Tulsa,Florida Atlantic,American,American,True,False,-0.19155639914758693,0.23180493323424772,0.07408707658812808,-0.10782619780521634,0.013288904692354608,0.0,-0.005249355886143725,0.16685722788120075,0.0,0.0,1.0,698.7562176157269,0.0,-0.14037445304549245,708.5716649532192,0.013157894736842105,-0.057874346751056974,-9.815447337492287,-0.013157894736842105,-0.08250010629443548,0.5094835034134182,0.4905164965865818,0.6242327856452065,1.0,0.6242327856452065,0.37576721435479354,,,,0.6242327856452065,0.5075535118175527,,,False,0.6242327856452065,fpi_fallback
401862827,2026,2636,249,UTSA,North Texas,American,American,True,False,-0.2846886920049587,0.044361455421529125,-0.08486870804491642,-0.1810890675969252,-0.10016538215115234,0.0,-0.12550508175029407,-1.0378185949627527,0.0,0.0,1.0,413.2363130808404,0.0,0.08883544728224549,689.7607421558456,0.0273972602739726,0.18532049076085383,-276.52442907500523,-0.0273972602739726,-0.09648504347860834,0.39674796548089286,0.6032520345191071,0.5939377465393231,1.0,0.5939377465393231,0.4060622534606769,,,,0.5939377465393231,0.3802680285701709,,,False,0.5939377465393231,fpi_fallback
401862828,2026,242,2655,Rice,Tulane,American,American,True,False,-1.5756747655698768,-1.0016008125588431,-0.2511943432678223,-0.9103082731019471,-0.26099318039848174,0.0,-0.05129329438755015,-0.34586792713552994,0.0,0.0,1.0,724.7183407942623,0.0,-0.21833410646060722,775.5318857887579,0.06493506493506493,0.10101112658160054,-50.8135449944956,-0.06493506493506493,-0.31934523304220774,0.2982131922953862,0.7017868077046139,0.19833207616224185,1.0,0.19833207616224185,0.8016679238377582,,,,0.19833207616224185,-1.3967516838876517,,,False,0.19833207616224185,fpi_fallback
401862829,2026,218,5,Temple,UAB,American,American,True,False,0.09585571212482137,0.02252883216594581,-0.058501981935724534,0.12775647999976858,0.004770305757138993,0.0,0.11778303565638382,0.522744516642274,0.0,0.0,1.0,743.2158993608089,0.008771929824561403,-0.039767353742940235,643.9738980506007,0.015151515151515152,-0.08778240478416661,99.24200131020814,-0.006379585326953749,0.04801505104122638,0.6412476858909452,0.35875231410905484,0.7291317216011879,1.0,0.7291317216011879,0.2708682783988121,,,,0.7291317216011879,0.990221758607538,,,False,0.7291317216011879,fpi_fallback
401864536,2026,2459,2440,Northern Illinois,Nevada,Mountain West,Mountain West,True,False,0.36232314215177214,0.11783970046844765,-0.04276652955413052,0.2595875750309958,0.06301570399626344,0.0,0.030930300691358603,-0.83624331757567,0.0,0.0,1.0,790.6958349919561,0.009174311926605505,-0.34283992440212285,726.5675162890159,0.0,-0.23295498906943338,64.12831870294019,0.009174311926605505,-0.10988493533268948,0.579354554986734,0.42064544501326595,0.4979085909874385,1.0,0.4979085909874385,0.5020914090125614,,,,0.4979085909874385,-0.008365684839054545,,,False,0.4979085909874385,fpi_fallback
401864540,2026,2638,2751,UTEP,Wyoming,Mountain West,Mountain West,True,False,-0.4997946917903505,-0.09087132741449196,-0.0443656539227425,-0.1528558586190964,-0.07948123736602025,0.0,0.0,0.0383761163508575,0.0,0.0,1.0,777.8648844149413,0.0,-0.26645623566896376,755.9642701563448,0.0,-0.17052082000783303,21.900614258596534,0.0,-0.09593541566113073,0.5110679126957871,0.4889320873042129,0.4726007361715211,1.0,0.4726007361715211,0.5273992638284789,,,,0.4726007361715211,-0.10970695561088749,,,False,0.4726007361715211,fpi_fallback
401869928,2026,276,2026,Marshall,App State,Sun Belt,Sun Belt,True,False,0.49431406436441877,0.3700350485267027,0.04980064638852688,0.38190902992927056,0.0784345344705683,0.0,0.24397763821705176,-0.0674821171638996,0.0,0.0,1.0,654.0487112387665,0.0,-0.13359936891867347,741.7010701368393,0.009523809523809525,-0.2964783655947048,-87.65235889807286,-0.009523809523809525,0.16287899667603134,0.6561413651971999,0.3438586348028001,0.5911253846684155,1.0,0.5911253846684155,0.40887461533158453,,,,0.5911253846684155,0.3686196066423739,,,False,0.5911253846684155,fpi_fallback
401869937,2026,324,2032,Coastal Carolina,Arkansas State,Sun Belt,Sun Belt,True,False,-0.17361605160319413,-0.6517936838525792,-0.2042430157887824,-0.3883200086526398,-0.10167272247426928,0.0,-0.522926030700078,-0.3044101331795764,0.0,0.0,1.0,724.5798270338563,0.0,-0.16852455319137516,798.8377398455441,0.0,-0.1622319327532929,-74.25791281168779,0.0,-0.006292620438082264,0.4823185937522137,0.5176814062477864,0.48835368498103,1.0,0.48835368498103,0.5116463150189701,,,,0.48835368498103,-0.046593687711188,,,False,0.48835368498103,fpi_fallback
401869952,2026,2247,290,Georgia State,Georgia Southern,Sun Belt,Sun Belt,True,False,-1.1895609106213556,-0.5711379614689583,-0.3565241817380439,-0.563024840374032,-0.3018915736396821,0.0,0.03871451218069044,-0.3757799502687726,0.0,0.0,1.0,759.1500550839612,0.010638297872340425,-0.2097643168708603,791.051928599953,0.021739130434782608,-0.20901622803680373,-31.901873515991838,-0.011100832562442183,-0.0007480888340565817,0.47504302403229337,0.5249569759677066,0.3950531110579429,1.0,0.3950531110579429,0.6049468889420571,,,,0.3950531110579429,-0.4261204530677718,,,False,0.3950531110579429,fpi_fallback
401871099,2026,2348,2572,Louisiana Tech,Southern Miss,Sun Belt,Sun Belt,True,False,0.5661526694754548,0.38971180361356883,0.21097960180229686,0.4225585753549571,0.1148676798717691,0.0,0.005167970158442614,-0.0955171648932992,0.0,0.0,1.0,726.6291678447327,0.0,-0.08608239221705838,741.0864815840933,0.0,-0.1422164493687413,-14.457313739360643,0.0,0.05613405715168293,0.6438651407576034,0.35613485924239663,0.4471711200580795,1.0,0.4471711200580795,0.5528288799419205,,,,0.4471711200580795,-0.21210717383070243,,,False,0.4471711200580795,fpi_fallback
401871100,2026,6,2653,South Alabama,Troy,Sun Belt,Sun Belt,True,False,-0.3646389905660453,-0.04387358266604634,0.0040731062539392515,-0.013080159291600722,-0.0644192053731924,0.0,-0.1299121342402092,-0.570880459702164,0.0,0.0,1.0,729.1418074253246,0.0,-0.1207121323726903,776.4629635065345,0.0,-0.13824595035975623,-47.32115608120989,0.0,0.017533817987065936,0.5546233033947618,0.44537669660523815,0.48221718647848366,1.0,0.48221718647848366,0.5177828135215163,,,,0.48221718647848366,-0.07116126850435972,,,False,0.48221718647848366,fpi_fallback
401861967,2026,41,256,UConn,James Madison,FBS Indep.,Sun Belt,False,False,-0.9738251406942163,-0.5559453779721313,-0.04686862459166019,-0.5377302003095076,-0.08238012559962538,0.0,1.0823517677963297,-0.24868002993985328,0.0,0.0,1.0,615.5565845368845,0.0,-0.1529533590942646,695.234106669023,0.01282051282051282,0.2328801287423507,-79.6775221321385,-0.01282051282051282,-0.3858334878366153,0.3123951049668496,0.6876048950331504,0.3311865365339492,1.0,0.3311865365339492,0.6688134634660508,,,,0.3311865365339492,-0.7028234212253481,,,False,0.3311865365339492,fpi_fallback
401870769,2026,2534,338,Sam Houston,Kennesaw State,CUSA,CUSA,True,False,-0.7830093718824606,-0.5633760911361998,-0.2132086896999319,-0.5223440771626063,-0.18313768115261342,0.0,0.3844116989103319,-1.9246067471446464,0.0,0.0,1.0,638.9854759578275,0.0,-0.4540565745975952,538.417781872682,0.0,-0.11035407025344204,100.56769408514549,0.0,-0.34370250434415317,0.3868622021772474,0.6131377978227526,0.3248146165039133,1.0,0.3248146165039133,0.6751853834960867,,,,0.3248146165039133,-0.7317326865552443,,,False,0.3248146165039133,fpi_fallback
401870796,2026,2623,166,Missouri State,New Mexico State,CUSA,CUSA,True,False,0.4802546912506182,0.2401263021567439,0.07091225673287915,0.23298060890366964,0.10317462334055982,0.0,-1.7546199222785979,0.20046674918665303,0.0,0.0,1.0,523.8358831187666,0.0,-0.16300112984699,642.1178364084459,0.0,-0.20796966182041543,-118.28195328967934,0.0,0.04496853197342543,0.5743049485382906,0.4256950514617094,0.6988574867417662,1.0,0.6988574867417662,0.3011425132582338,,,,0.6988574867417662,0.8418632211453246,,,False,0.6988574867417662,fpi_fallback
401871060,2026,48,2229,Delaware,Florida International,CUSA,CUSA,True,False,0.1482606443571808,-0.028056007473271964,0.009523783018166254,-0.07015391166421374,0.01460343903975203,0.0,-2.053054786506641,-0.426568928404306,0.0,0.0,1.0,501.88099863363584,0.0,-0.18026586032236394,433.8089100421115,0.0,-0.16334506454494596,68.07208859152433,0.0,-0.01692079577741798,0.5748778172694802,0.4251221827305198,0.711514854552732,1.0,0.711514854552732,0.288485145447268,,,,0.711514854552732,0.9027526994042636,,,False,0.711514854552732,fpi_fallback
401858294,2026,87,103,Notre Dame,Boston College,FBS Indep.,ACC,False,False,2.2447147825142064,1.3456234550528425,0.3795953737838001,1.3939800615043845,0.4036782837875714,0.0,0.015345569674660275,0.5122434575935222,0.0,0.0,1.0,1331.2910121386622,0.6538461538461539,0.5226843609885897,809.9006532485765,0.060240963855421686,-0.10883366875047422,521.3903588900856,0.5936051899907322,0.6315180297390639,0.9761255693081664,0.023874430691833592,0.963920311409873,1.0,0.963920311409873,0.036079688590127,,,,0.963920311409873,3.285278562617933,,,False,0.963920311409873,fpi_fallback
401870752,2026,98,55,Western Kentucky,Jacksonville State,CUSA,CUSA,True,False,-0.009988313021790419,0.10860431150385874,-0.03271306514570693,-0.002794729363232535,-0.020368117716664913,0.0,1.2729656758128867,0.28292515201943386,0.0,0.0,1.0,673.5953239504531,0.0,-0.08552767474658443,675.3485562302653,0.0,-0.1740853325659812,-1.7532322798122095,0.0,0.08855765781939676,0.6046082184501014,0.3953917815498986,0.656194584339725,1.0,0.656194584339725,0.343805415660275,,,,0.656194584339725,0.6463815222479323,,,False,0.656194584339725,fpi_fallback
401871061,2026,2335,2393,Liberty,Middle Tennessee,CUSA,CUSA,True,False,0.8845111835324042,0.06173011650692578,-0.10930076900404245,0.39521454405026,0.06674208158613748,0.0,-0.57014220092241,-0.6557040717505811,0.0,0.0,1.0,667.6595182095873,0.0,-0.2131392383873019,719.367146484565,0.0,-0.20674295963406975,-51.70762827497765,0.0,-0.0063962787532321486,0.5991065048170852,0.40089349518291484,0.7587007102385236,1.0,0.7587007102385236,0.2412992897614764,,,,0.7587007102385236,1.1455693492264298,,,False,0.7587007102385236,fpi_fallback
401860916,2026,326,278,Texas State,Fresno State,Pac-12,Pac-12,True,False,-0.07066034957335432,0.19043979699604804,-0.008522400049021717,0.13356684388191692,-0.03783302020359958,0.0,-0.10821358464023234,-0.22335647357164135,0.0,0.0,1.0,730.9582650396574,0.0,-0.05944701182601658,742.5741700850772,0.0,-0.04443712518862564,-11.615905045419822,0.0,-0.015009886637390946,0.5740547147503143,0.42594528524968567,0.5195276427145982,1.0,0.5195276427145982,0.48047235728540183,,,,0.5195276427145982,0.07815032166103793,,,False,0.5195276427145982,fpi_fallback
401860914,2026,68,204,Boise State,Oregon State,Pac-12,Pac-12,True,False,1.465694070869845,0.42564734888216854,0.21244997576443392,0.6967333920477091,0.2753606942796873,0.0,0.051557809664849685,0.2979060105311828,0.0,0.0,1.0,848.8900053513655,0.02564102564102564,0.03026250522538966,773.1288164683024,0.02247191011235955,-0.09009737589266646,75.76118888306314,0.00316911552866609,0.12035988111805612,0.7364457365535025,0.26355426344649746,0.8250486519190608,1.0,0.8250486519190608,0.17495134808093915,,,,0.8250486519190608,1.5509344323137644,,,False,0.8250486519190608,fpi_fallback
401864538,2026,2005,23,Air Force,San José State,Mountain West,Mountain West,True,False,0.39669726452686066,0.708313012738348,0.1463909060778784,0.43745906028420783,0.07129780025162574,0.0,-0.01052641298698731,0.48550681672385965,0.0,0.0,1.0,693.3178165578591,0.0,-0.18539588287011458,724.1630544316288,0.011235955056179775,-0.19911733164845075,-30.845237873769634,-0.011235955056179775,0.01372144877833617,0.619932900474336,0.380067099525664,0.7413538906415841,1.0,0.7413538906415841,0.2586461093584159,,,,0.7413538906415841,1.0530173422728442,,,False,0.7413538906415841,fpi_fallback
401864539,2026,167,2439,New Mexico,UNLV,Mountain West,Mountain West,True,False,-0.5457319437558522,0.030915793277068664,0.09402104644853848,-0.19076118924740904,-0.02017405084992996,0.0,-0.03109058707003065,0.863504980492471,0.0,0.0,1.0,607.7200445489912,0.0,-0.027256250774157314,727.9148013639938,0.0,-0.013766461130807137,-120.19475681500262,0.0,-0.013489789643350177,0.48915447211891405,0.510845527881086,0.42584230916922566,1.0,0.42584230916922566,0.5741576908307744,,,,0.42584230916922566,-0.2988349698203906,,,False,0.42584230916922566,fpi_fallback
401860915,2026,21,328,San Diego State,Utah State,Pac-12,Pac-12,True,False,0.46105551749212054,0.17968896201249893,0.08178668598924183,0.19533825291467158,0.08328581810661478,0.0,0.0051948168771041026,0.6819435842962185,0.0,0.0,1.0,722.2374816700269,0.0,0.07918892213122844,734.3906244961368,0.0,-0.010083142412802261,-12.153142826109843,0.0,0.0892720645440307,0.6282335632410806,0.3717664367589194,0.7550960416041007,1.0,0.7550960416041007,0.2449039583958993,,,,0.7550960416041007,1.1259788214387716,,,False,0.7550960416041007,fpi_fallback
401860917,2026,265,36,Washington State,Colorado State,Pac-12,Pac-12,True,False,1.126140842110242,1.0005262847415823,0.2947065088512375,0.7200442534047544,0.19134170704757592,0.0,0.0,0.7949339437524304,0.0,0.0,1.0,767.2399461783762,0.007874015748031496,0.09226585663667623,741.5832443465806,0.0,-0.18634317778833193,25.656701831795544,0.007874015748031496,0.2786090344250082,0.7811140002185165,0.2188859997814835,0.7585455837028325,1.0,0.7585455837028325,0.24145441629716746,,,,0.7585455837028325,1.1447221912680456,,,False,0.7585455837028325,fpi_fallback
401864537,2026,62,2449,Hawai'i,North Dakota State,Mountain West,Mountain West,True,False,0.30011422131853577,0.2410581329306496,0.16187468229259688,0.133579089796737,0.11625486463587553,0.0,3.106080330722856,0.671024955464859,0.0,0.0,1.0,,,-0.10169282413193194,645.1896273252023,0.0,,,,,0.6091695254199916,0.3908304745800084,0.7099473342775919,1.0,0.7099473342775919,0.29005266572240807,,,,0.7099473342775919,0.8951282777787963,,,False,0.7099473342775919,fpi_fallback
401866464,2026,195,2050,Ohio,Ball State,MAC,MAC,True,False,1.7113324850370963,0.9132818868727933,0.313900686306144,1.0055389971516648,0.306510607971318,0.0,0.015831465216680662,0.05135851327862838,0.0,0.0,1.0,728.1091688566596,0.02666666666666667,-0.08827759141170993,699.3573843826957,0.0,-0.4324979754700893,28.75178447396388,0.02666666666666667,0.34422038405837935,0.832039124820782,0.16796087517921798,0.7776813855955657,1.0,0.7776813855955657,0.22231861440443434,,,,0.7776813855955657,1.2522053572381713,,,False,0.7776813855955657,fpi_fallback
401866465,2026,2711,2199,Western Michigan,Eastern Michigan,MAC,MAC,True,False,1.003850583331914,0.6547086363405502,0.2656640634357649,0.5628952260274591,0.22745481945187612,0.0,0.015831465216680662,0.9105223338317796,0.0,0.0,1.0,726.859170455014,0.0,-0.030280742089063867,776.7626689614904,0.0,-0.22427512620379558,-49.90349850647635,0.0,0.19399438411473172,0.7068780654197708,0.29312193458022917,0.8270722865291689,1.0,0.8270722865291689,0.17292771347083113,,,,0.8270722865291689,1.5650184333719177,,,False,0.8270722865291689,fpi_fallback
401866466,2026,2309,193,Kent State,Miami (OH),MAC,MAC,True,False,-1.2648789936351295,-0.2071895155472252,0.050955849632026595,-0.7654736100755147,-0.13212993598375256,0.0,-0.031748698314579826,0.9989822640156308,0.0,0.0,1.0,709.4657050110235,0.012658227848101266,-0.3216129524444867,722.3685503666973,0.0,-0.19534094449480896,-12.902845355673776,0.012658227848101266,-0.12627200794967772,0.406173048398094,0.593826951601906,0.2912753242819458,1.0,0.2912753242819458,0.7087246757180542,,,,0.2912753242819458,-0.8891981720700992,,,False,0.2912753242819458,fpi_fallback
401866467,2026,113,2006,Massachusetts,Akron,MAC,MAC,True,False,-1.0957465644213153,-1.191868038291388,-0.3017170240392629,-0.9741439186208828,-0.2533230925481609,0.0,-0.1426917620231869,-0.7911454739711258,0.0,0.0,1.0,580.0697737621826,0.0,-0.520773787951295,633.6115119466774,0.0,-0.3729704281556604,-53.54173818449476,0.0,-0.14780335979563464,0.35762341129236663,0.6423765887076334,0.5137628393781014,1.0,0.5137628393781014,0.4862371606218986,,,,0.5137628393781014,0.0550652672950402,,,False,0.5137628393781014,fpi_fallback
401866469,2026,2084,2117,Buffalo,Central Michigan,MAC,MAC,True,False,0.061539811902889596,0.003774599962977513,-0.07562114550496923,0.11144265159296082,-0.014257566627162488,0.0,-0.005305052229693352,-0.7326046726736763,0.0,0.0,1.0,711.4279562027778,0.0,-0.2965654738374634,710.6104865694842,0.0,-0.16936787162657693,0.8174696332935127,0.0,-0.12719760221088647,0.5259385860356077,0.4740614139643923,0.6175277311802178,1.0,0.6175277311802178,0.38247226881978225,,,,0.6175277311802178,0.4790678254668485,,,False,0.6175277311802178,fpi_fallback
401862830,2026,218,242,Temple,Rice,American,American,True,False,0.0552071418236369,0.4579027329002331,-0.002439862491668221,0.2948947801313829,-0.011329481222131288,0.0,-0.005277057100843585,0.5758433692213112,0.0,0.0,1.0,743.2158993608089,0.008771929824561403,-0.039767353742940235,724.7183407942623,0.0,-0.21833410646060722,18.49755856654656,0.008771929824561403,0.17856675271766698,0.691316789506847,0.30868321049315295,0.6850680369301589,1.0,0.6850680369301589,0.31493196306984106,,,,0.6850680369301589,0.7771615320736524,,,False,0.6850680369301589,fpi_fallback
401856869,2026,2116,66,UCF,Iowa State,Big 12,Big 12,True,False,-0.8403393021047827,-0.5876126643509464,-0.20542642990466553,-0.38129129694472275,-0.20105006712209178,0.0,-0.005141399500418586,0.08121531630631125,0.0,0.0,1.0,765.5801937114245,0.0958904109589041,0.019875527945627768,861.4912999357202,0.0673076923076923,0.16375126279945085,-95.91110622429574,0.0285827186512118,-0.14387573485382307,0.42137747111354296,0.578622528886457,0.6430596681581212,1.0,0.6430596681581212,0.3569403318418788,,,,0.6430596681581212,0.5886688863329381,,,False,0.6430596681581212,fpi_fallback
401858303,2026,150,228,Duke,Clemson,ACC,ACC,True,False,-0.10327918113426221,-0.09497950531187382,0.09955002010425162,-0.18676478131391086,0.04689771467699411,0.0,-0.03000225030379866,0.49131348544294495,0.0,0.0,1.0,835.443025727025,0.07692307692307693,0.1524012636603621,1162.6283334023117,0.4827586206896552,0.13696508014615622,-327.1853076752867,-0.40583554376657827,0.015436183514205892,0.37548238152755553,0.6245176184724445,0.314132875064691,1.0,0.314132875064691,0.685867124935309,,,,0.314132875064691,-0.7808678481415877,,,False,0.314132875064691,fpi_fallback
401866468,2026,2649,189,Toledo,Bowling Green,MAC,MAC,True,False,0.9924312574580563,0.5185877914819937,0.16056363494625497,0.6713611587734751,0.16518829271640217,0.0,0.005221943981151611,0.719143558591652,0.0,0.0,1.0,746.2577192210606,0.02531645569620253,0.08408466429112067,721.2040197767335,0.0,-0.2229314178683267,25.053699444327094,0.02531645569620253,0.30701608215944737,0.7872337593336125,0.2127662406663875,0.8020044465063192,1.0,0.8020044465063192,0.1979955534936808,,,,0.8020044465063192,1.398869578783615,,,False,0.8020044465063192,fpi_fallback
401858529,2026,127,2483,Michigan State,Oregon,Big Ten,Big Ten,True,False,-2.2694573816993806,-0.4643061824760616,-0.2484662552029806,-1.0217876325474027,-0.35543410551761134,0.0,-0.0359936026479053,-0.11198764183953017,0.0,0.0,1.0,936.667144135479,0.14444444444444443,0.03342503768153286,1401.6094907863976,0.5378151260504201,0.4314892927531719,-464.9423466509186,-0.3933706816059757,-0.398064255071639,0.15363310654997245,0.8463668934500276,0.08454770802713228,1.0,0.08454770802713228,0.9154522919728677,,,,0.08454770802713228,-2.3821022842344752,,,False,0.08454770802713228,fpi_fallback
401864545,2026,2005,2638,Air Force,UTEP,Mountain West,Mountain West,True,False,0.8695481900562231,0.46551346446995684,0.17980408046714064,0.41148950255734523,0.14625385568378257,0.0,0.0,-0.11931762646231164,0.0,0.0,1.0,693.3178165578591,0.0,-0.18539588287011458,777.8648844149413,0.0,-0.26645623566896376,-84.5470678570822,0.0,0.08106035279884918,0.6274158125247588,0.37258418747524125,0.7855971244392969,1.0,0.7855971244392969,0.21440287556070314,,,,0.7855971244392969,1.2985872554597628,,,False,0.7855971244392969,fpi_fallback
401856748,2026,57,238,Florida,Vanderbilt,SEC,SEC,True,False,-0.6726042613968253,-0.5452202431642263,-0.14854094678344532,-0.5125466886965658,-0.1604274107714242,0.0,0.0,-1.5122747388021502,0.0,0.0,1.0,1249.4645927399758,0.5824175824175825,0.13931393188132907,898.5992310035647,0.10588235294117647,0.2747700076748849,350.86536173641116,0.476535229476406,-0.13545607579355584,0.6346352353721446,0.3653647646278554,0.6793285588721262,1.0,0.6793285588721262,0.3206714411278738,,,,0.6793285588721262,0.7506878458741141,,,False,0.6793285588721262,fpi_fallback
401856751,2026,142,96,Missouri,Kentucky,SEC,SEC,True,False,0.7821972487949483,0.4389142561871268,0.0404371046954522,0.5324548234122999,0.13778215128366367,0.0,0.020619287202735315,-0.251127023341237,0.0,0.0,1.0,991.2097296268986,0.2823529411764706,0.29316690406481605,957.2511978283744,0.19148936170212766,0.12743784412898232,33.95853179852418,0.09086357947434293,0.16572905993583373,0.7313247552822353,0.2686752447177647,0.7283572066872989,1.0,0.7283572066872989,0.27164279331270114,,,,0.7283572066872989,0.9863036530500067,,,False,0.7283572066872989,fpi_fallback
401856752,2026,201,245,Oklahoma,Texas A&M,SEC,SEC,True,False,-0.18588775206635547,-0.21836836879590996,0.03760882908849428,-0.17893203795872495,-0.027529688661424134,0.0,0.025576841789649585,-0.10799309594481883,0.0,0.0,1.0,1173.5834604844968,0.4519230769230769,0.3311106400825597,1292.7928128569013,0.7078651685393258,0.42460359407589965,-119.20935237240451,-0.25594209161624887,-0.09349295399333996,0.4224339078175761,0.5775660921824239,0.5074120891132751,1.0,0.5642122921089379,0.43578770789106214,-2.5,51.5,core_odds_api,0.5074120891132751,0.029650528543483077,2.5,0.5642122921089379,True,0.5074120891132751,fpi_market
401856753,2026,2579,61,South Carolina,Georgia,SEC,SEC,True,False,-1.5720420001022557,-0.4172601712920584,-0.2619983035993712,-0.5074612691701033,-0.2901460472931632,0.0,-0.05051579013690155,-0.6391489918010006,0.0,0.0,1.0,1150.3785478252003,0.4444444444444444,0.08932890748859423,1454.7175340466702,0.7304347826086957,0.32936276416267773,-304.3389862214699,-0.28599033816425123,-0.2400338566740835,0.27271813485311286,0.7272818651468871,0.24466904226685007,1.0,0.24466904226685007,0.75533095773315,,,,0.24466904226685007,-1.1272495583763498,,,False,0.24466904226685007,fpi_fallback
401856754,2026,2633,99,Tennessee,LSU,SEC,SEC,True,False,0.23182593650664557,0.23183750982172735,0.04025484842083099,0.3154755094837119,0.04457519429446155,0.0,-0.005141399500418586,0.10762431734231086,0.0,0.0,1.0,1252.305283860725,0.46153846153846156,0.22869558366290296,1272.669430225689,0.5098039215686274,0.18878088457719902,-20.364146364963972,-0.04826546003016585,0.03991469908570394,0.613337017040567,0.386662982959433,0.4348241099563099,1.0,0.45821197602768216,0.5417880239723178,1.5,57.5,core_odds_api,0.4348241099563099,-0.26219538812022913,-1.5,0.45821197602768216,True,0.4348241099563099,fpi_market
401856755,2026,251,8,Texas,Arkansas,SEC,SEC,True,False,1.6765328923886522,0.5862072501514971,0.4284373445752059,0.5828758275877849,0.38366969669038153,0.0,0.030771658666753687,0.31954519697271055,0.0,0.0,1.0,1404.970024515499,0.6060606060606061,0.3259839418805343,923.2652086614927,0.15053763440860216,0.12034445408518966,481.70481585400637,0.45552297165200395,0.20563948779534463,0.8922823246732979,0.10771767532670207,0.9339662745243106,1.0,0.9339662745243106,0.06603372547568942,,,,0.9339662745243106,2.6492747253602174,,,False,0.9339662745243106,fpi_fallback
401856865,2026,2306,12,Kansas State,Arizona,Big 12,Big 12,True,False,0.03172426104217038,-0.20686688075729817,-0.03228078586297112,-0.0998370807517599,-0.027019387919695936,0.0,0.026111144003685638,-1.056850680078153,0.0,0.0,1.0,908.4180140804283,0.07766990291262135,0.07624696545002964,926.0198278993089,0.13592233009708737,0.23622595907028177,-17.6018138188806,-0.05825242718446602,-0.15997899362025214,0.4677870978427124,0.5322129021572877,0.5106408149795918,1.0,0.5106408149795918,0.4893591850204082,,,,0.5106408149795918,0.04256968740885782,,,False,0.5106408149795918,fpi_fallback
401856866,2026,2305,252,Kansas,BYU,Big 12,Big 12,True,False,-1.145595955844517,-0.41538483933218817,-0.2809797825106009,-0.3991812465291145,-0.27008423510332186,0.0,-0.025841231183886926,-0.6391869881545017,0.0,0.0,1.0,728.3803919337098,0.043478260869565216,0.0987177593152587,966.2180287324254,0.12871287128712872,0.23853588239442264,-237.8376367987156,-0.0852346104175635,-0.13981812307916394,0.3592728536028898,0.6407271463971103,0.30301785494814426,1.0,0.30301785494814426,0.6969821450518557,,,,0.30301785494814426,-0.8329680625822795,,,False,0.30301785494814426,fpi_fallback
401856867,2026,2132,38,Cincinnati,Colorado,Big 12,Big 12,True,False,0.47110277380890464,0.21972167346833263,0.06161960545655659,0.28203358369969167,0.0763117803144796,0.0,0.01566611674439944,0.7818831971234362,0.0,0.0,1.0,779.5136409431768,0.0379746835443038,0.10844840832140853,861.702384575236,0.15714285714285714,-0.03556014101794508,-82.18874363205919,-0.11916817359855333,0.14400854933935361,0.6213250801910226,0.3786749198089774,0.5621547419530104,1.0,0.5621547419530104,0.4378452580469896,,,,0.5621547419530104,0.24991159772364346,,,False,0.5621547419530104,fpi_fallback
401856868,2026,277,248,West Virginia,Houston,Big 12,Big 12,True,False,-0.5337551135818444,-0.6575426671697888,-0.2376385456174177,-0.48053331444843866,-0.1861676777753779,0.0,0.0,-1.1530645353368458,0.0,0.0,1.0,911.6964337971962,0.06349206349206349,0.006903702757038735,866.7900327400409,0.12162162162162163,0.09223461283714135,44.90640105715522,-0.05812955812955814,-0.08533091008010261,0.4713569170086602,0.5286430829913398,0.38500153365828527,1.0,0.38500153365828527,0.6149984663417147,,,,0.38500153365828527,-0.4683724562422354,,,False,0.38500153365828527,fpi_fallback
401856870,2026,9,197,Arizona State,Oklahoma State,Big 12,Big 12,True,False,1.4476969508960291,0.5618672790856157,0.2466398493503662,0.7863227303225528,0.310037963072802,0.0,-0.026111144003685638,0.5552530854233236,0.0,0.0,1.0,896.2395405052043,0.1,0.2419786272205886,755.4882199001777,0.0,-0.18509401619573237,140.75132060502665,0.1,0.427072643416321,0.8664816046969003,0.13351839530309972,0.6021850699306845,1.0,0.6021850699306845,0.39781493006931545,,,,0.6021850699306845,0.41457792588477316,,,False,0.6021850699306845,fpi_fallback
401856871,2026,239,2641,Baylor,Texas Tech,Big 12,Big 12,True,False,-1.287882322014616,-1.0070919643089793,-0.2544295053680439,-0.9932005867171644,-0.23312487186046849,0.0,-0.0103093696588612,-1.3861682013847143,0.0,0.0,1.0,904.775063495865,0.15853658536585366,0.10111100596041074,1052.4682043539133,0.25,0.42462074344422895,-147.6931408580483,-0.09146341463414634,-0.3235097374838182,0.26065847975122003,0.73934152024878,0.23782693513365794,1.0,0.23782693513365794,0.7621730648663421,,,,0.23782693513365794,-1.164630403290098,,,False,0.23782693513365794,fpi_fallback
401856872,2026,2628,254,TCU,Utah,Big 12,Big 12,True,False,-0.3373413610059356,-0.6030409999811821,-0.0904110142724378,-0.5290663661163503,-0.04512004433044403,0.0,0.015504186535965303,-0.850733350766459,0.0,0.0,1.0,977.9587547112536,0.19,0.17568122172595302,941.3110117961028,0.15294117647058825,0.30485487985898047,36.64774291515084,0.037058823529411755,-0.12917365813302745,0.4562264618251808,0.5437735381748192,0.5109848119350284,1.0,0.5109848119350284,0.4890151880649716,,,,0.5109848119350284,0.04394631909123366,,,False,0.5109848119350284,fpi_fallback
401858302,2026,2390,259,Miami,Virginia Tech,ACC,ACC,True,False,1.9052376537479814,0.8359359528718553,0.3023506556521921,0.9353701674693136,0.3132484087875318,0.0,0.005089069507471677,1.3198077101593526,0.0,0.0,1.0,1262.9288503196244,0.5233644859813084,0.4940492419545948,941.2491041062212,0.19318181818181818,0.018920152232701312,321.6797462134032,0.3301826677994902,0.4751290897218935,0.9267745986507762,0.07322540134922384,0.8575289263106644,1.0,0.8819704330490259,0.11802956695097411,-16.5,56.5,core_odds_api,0.8575289263106644,1.794915924328711,16.5,0.8819704330490259,True,0.8575289263106644,fpi_market
401858304,2026,52,152,Florida State,NC State,ACC,ACC,True,False,-0.5443204708545977,-0.3176843536055019,-0.22964135595210833,-0.061709753738506255,-0.1557410556977672,0.0,0.005115100666770012,-0.31673313863894464,0.0,0.0,1.0,1140.327181629477,0.3627450980392157,0.27952505542872025,940.0143298590317,0.12244897959183673,0.20064371785902324,200.31285177044538,0.24029611844737894,0.07888133756969701,0.6983451088031979,0.3016548911968021,0.7021898137707105,1.0,0.7021898137707105,0.29781018622928945,,,,0.7021898137707105,0.857747432865048,,,False,0.7021898137707105,fpi_fallback
401858305,2026,258,153,Virginia,North Carolina,ACC,ACC,True,False,0.7981161070487428,0.5558366003637645,0.2573997312842344,0.4168590916699034,0.21596283594965843,0.0,-0.015504186535965303,1.3491181344492633,0.0,0.0,1.0,681.7851759026536,0.0,0.19059254374581175,964.9357928955131,0.15447154471544716,-0.03466205245877597,-283.15061699285957,-0.15447154471544716,0.2252545962045877,0.595651391400791,0.40434860859920896,0.6412589823772875,1.0,0.6412589823772875,0.3587410176227125,,,,0.6412589823772875,0.5808326752178753,,,False,0.6412589823772875,fpi_fallback
401858306,2026,97,221,Louisville,Pittsburgh,ACC,ACC,True,False,0.5018321576816038,0.3249881967624225,0.11024135592665135,0.21159392518084666,0.09337191688637858,0.0,0.0,-0.3258276889398576,0.0,0.0,1.0,810.6120157818036,0.15492957746478872,0.24901211463090583,901.0402708557126,0.12643678160919541,0.25090656933998107,-90.42825507390899,0.028492795855593306,-0.0018944547090752328,0.5651021783818476,0.4348978216181524,0.6376701474914325,1.0,0.6376701474914325,0.36232985250856753,,,,0.6376701474914325,0.5652661477325465,,,False,0.6376701474914325,fpi_fallback
401858308,2026,25,24,California,Stanford,ACC,ACC,True,False,0.5409444691899785,0.20024261576877683,0.055981171019966414,0.3787251985725059,0.10991958906009758,0.0,-0.015831465216680662,-0.33964121252580526,0.0,0.0,1.0,845.5299003506768,0.11392405063291139,-0.009139274462177608,892.6689042414988,0.09574468085106383,0.018158436641050876,-47.13900389082198,0.01817936978184756,-0.027297711103228484,0.5918949092821965,0.40810509071780354,0.670944467185366,1.0,0.670944467185366,0.32905553281463396,,,,0.670944467185366,0.7124598430019807,,,False,0.670944467185366,fpi_fallback
401858309,2026,103,183,Boston College,Syracuse,ACC,ACC,True,False,-0.06483775064367137,0.6398705756395324,0.08402683060961869,0.28090432573246094,-0.03618913805125279,0.0,0.0,0.36175605919971304,0.0,0.0,1.0,809.9006532485765,0.060240963855421686,-0.10883366875047422,915.4353213958169,0.08181818181818182,-0.0917346289034202,-105.53466814724038,-0.02157721796276013,-0.01709903984705402,0.5551666959711969,0.44483330402880306,0.5169366769669281,1.0,0.5169366769669281,0.48306332303307187,,,,0.5169366769669281,0.06777263667081868,,,False,0.5169366769669281,fpi_fallback
401858310,2026,59,154,Georgia Tech,Wake Forest,ACC,ACC,True,False,0.197622347268707,-0.2890980996466611,-0.17925149476285102,0.01891197085725341,-0.028570070719144525,0.0,0.020726130517116914,-0.3856033705208142,0.0,0.0,1.0,968.9845275797574,0.14444444444444443,0.16709834133551948,817.8332426208597,0.031578947368421054,0.2101442248687073,151.1512849588977,0.11286549707602338,-0.043045883533187806,0.622727937203918,0.37727206279608205,0.5866646034761702,1.0,0.5866646034761702,0.4133353965238298,,,,0.5866646034761702,0.3501939210474956,,,False,0.5866646034761702,fpi_fallback
401858527,2026,356,2294,Illinois,Iowa,Big Ten,Big Ten,True,False,-0.40973492188331645,-0.3210886065530518,-0.01920546919436139,-0.31781387352113993,0.002282270038098666,0.0,-0.020726130517116914,-0.1757544238970013,0.0,0.0,1.0,917.6907070888561,0.0782608695652174,0.16675780417854352,987.4538325581303,0.19607843137254902,0.26940787108696074,-69.7631254692742,-0.11781756180733162,-0.10265006690841721,0.43633021841580205,0.563669781584198,0.45369819222487057,1.0,0.45369819222487057,0.5463018077751294,,,,0.45369819222487057,-0.18573938237596205,,,False,0.45369819222487057,fpi_fallback
401858528,2026,130,26,Michigan,UCLA,Big Ten,Big Ten,True,False,1.3481731304247069,0.7749215958443127,0.19949482444927813,0.8427703833041224,0.24235417238531765,0.0,0.015584731016698328,0.19622192618362533,0.0,0.0,1.0,1235.613791698029,0.51,0.23626313954224643,811.0418477665968,0.0821917808219178,-0.0031423834422963023,424.5719439314322,0.4278082191780822,0.23940552298454273,0.9032664112490191,0.09673358875098093,0.8694192460778203,1.0,0.8694192460778203,0.13058075392217972,,,,0.8694192460778203,1.8958336161213518,,,False,0.8694192460778203,fpi_fallback
401858530,2026,135,77,Minnesota,Northwestern,Big Ten,Big Ten,True,False,0.3809269012021309,-0.2688482535273649,0.060498688791956634,-0.045690629671748036,0.07956289291859964,0.0,-0.005221943981151611,-0.455516434600554,0.0,0.0,1.0,945.3401948206013,0.12264150943396226,-0.01770528059758985,799.4019028452823,0.047619047619047616,0.045966842685715825,145.93829197531898,0.07502246181491465,-0.06367212328330568,0.5975180518571581,0.4024819481428419,0.5448315952744242,1.0,0.5448315952744242,0.45516840472557585,,,,0.5448315952744242,0.1798092766672654,,,False,0.5448315952744242,fpi_fallback
401858531,2026,158,194,Nebraska,Ohio State,Big Ten,Big Ten,True,False,-1.8521675559390747,-0.9397697095849603,-0.16486028946213127,-1.038950718027033,-0.23223128413372157,0.0,-0.03061463581960666,0.08275040285571776,0.0,0.0,1.0,1029.4228879195155,0.26262626262626265,0.04624983446854084,1367.1424727059755,0.6039603960396039,0.5199884434427365,-337.71958478646,-0.3413341334133413,-0.4737386089741957,0.1619809633474217,0.8380190366525783,0.13757493585003722,1.0,0.13757493585003722,0.8624250641499628,,,,0.13757493585003722,-1.8355795063312015,,,False,0.13757493585003722,fpi_fallback
401858532,2026,213,164,Penn State,Rutgers,Big Ten,Big Ten,True,False,1.1036408088175427,0.6971956429230858,0.2206700872458256,0.7120217440435077,0.14826831058012824,0.0,0.025708356710206992,-0.3779835897331577,0.0,0.0,1.0,1093.5859854781434,0.40816326530612246,0.2572674566411734,974.5567623671036,0.1485148514851485,-0.007181304706549596,119.02922311103976,0.2596484138209739,0.264448761347723,0.8262483927097239,0.17375160729027606,0.8498456624902361,1.0,0.8498456624902361,0.15015433750976392,,,,0.8498456624902361,1.733391077600983,,,False,0.8498456624902361,fpi_fallback
401858533,2026,2509,275,Purdue,Wisconsin,Big Ten,Big Ten,True,False,-0.6964820194117283,-0.6270438723838614,-0.1544174817994915,-0.4877199074101662,-0.14346804589980217,0.0,-0.03141619623337899,0.13515736972244213,0.0,0.0,1.0,799.8384609517241,0.05434782608695652,-0.07843402148142234,907.0388207801798,0.2111111111111111,0.06697475666311872,-107.2003598284557,-0.1567632850241546,-0.14540877814454106,0.3799773529182018,0.6200226470817982,0.41487694038544387,1.0,0.41487694038544387,0.5851230596145561,,,,0.41487694038544387,-0.3438402363596061,,,False,0.41487694038544387,fpi_fallback
401858534,2026,30,120,USC,Maryland,Big Ten,Big Ten,True,False,1.2682667968359078,0.7182639729906268,0.24555754104499017,0.7113909406263316,0.23561726224489432,0.0,0.04189094170915997,0.45470819380113425,0.0,0.0,1.0,1275.9325614814477,0.4727272727272727,0.3017096492006037,934.2453153712663,0.11702127659574468,-0.04044552211638594,341.6872461101814,0.35570599613152803,0.3421551713169897,0.8973033880232087,0.10269661197679125,0.8759479243247719,1.0,0.8759479243247719,0.12405207567522814,,,,0.8759479243247719,1.954605199484327,,,False,0.8759479243247719,fpi_fallback
401858535,2026,264,84,Washington,Indiana,Big Ten,Big Ten,True,False,-0.9498389800402833,-0.3595908564997689,-0.18779229612547155,-0.6607745544627736,-0.20583528000249063,0.0,0.0,-0.9338506211334788,0.0,0.0,1.0,1043.8640373572212,0.27,0.33176080575933187,872.0069986162093,0.1,0.5357653254929933,171.85703874101182,0.17,-0.2040045197336614,0.4739243343972533,0.5260756656027468,0.24267841208231922,1.0,0.24267841208231922,0.7573215879176808,,,,0.24267841208231922,-1.1380508223457617,,,False,0.24267841208231922,fpi_fallback
401862832,2026,202,2429,Tulsa,Charlotte,American,American,True,False,0.4550077758657312,0.7725108226027547,0.1737744388386605,0.5227031074817173,0.10568664187307797,0.0,0.40283698570189497,0.7496615639883021,0.0,0.0,1.0,698.7562176157269,0.0,-0.14037445304549245,677.7973197292208,0.0,-0.254936540932452,20.958897886506065,0.0,0.11456208788695954,0.6940625179356923,0.3059374820643077,0.7026325166864986,1.0,0.7026325166864986,0.2973674833135014,,,,0.7026325166864986,0.8598653277610104,,,False,0.7026325166864986,fpi_fallback
401862833,2026,2226,58,Florida Atlantic,South Florida,American,American,True,False,-1.224624160649671,-1.0667513246353664,-0.1902803462863477,-0.9551624013123766,-0.21734277564068166,0.0,-0.005221943981151611,-0.5784607781341674,0.0,0.0,1.0,708.5716649532192,0.013157894736842105,-0.057874346751056974,800.075815711071,0.03333333333333333,0.20420438658719947,-91.50415075785179,-0.02017543859649123,-0.26207873333825643,0.3058056705339944,0.6941943294660056,0.3043389975409736,1.0,0.3043389975409736,0.6956610024590264,,,,0.3043389975409736,-0.8267202726391885,,,False,0.3043389975409736,fpi_fallback
401862835,2026,2655,249,Tulane,North Texas,American,American,True,False,0.12271160802987424,-0.3935366193553039,-0.04620499458555671,-0.34999104273620557,-0.0034687230173757744,0.0,0.02531780798428951,-0.7680688465191474,0.0,0.0,1.0,775.5318857887579,0.06493506493506493,0.10101112658160054,689.7607421558456,0.0273972602739726,0.18532049076085383,85.7711436329123,0.03753780466109233,-0.08430936417925329,0.5181481806071545,0.4818518193928455,0.7651164516062114,1.0,0.7651164516062114,0.23488354839378855,,,,0.7651164516062114,1.180938193989014,,,False,0.7651164516062114,fpi_fallback
401862836,2026,5,2636,UAB,UTSA,American,American,True,False,-1.2089230358362284,-1.0041249866013888,-0.1564685103644063,-0.9120719481096131,-0.18039630824397546,0.0,-0.023530497410193973,-0.023019326112887484,0.0,0.0,1.0,643.9738980506007,0.015151515151515152,-0.08778240478416661,413.2363130808404,0.0,0.08883544728224549,230.73758496976035,0.015151515151515152,-0.17661785206641212,0.4520812886808721,0.547918711319128,0.30807341478397915,1.0,0.30807341478397915,0.6919265852160208,,,,0.30807341478397915,-0.8091417450026952,,,False,0.30807341478397915,fpi_fallback
401864541,2026,2440,62,Nevada,Hawai'i,Mountain West,Mountain West,True,False,-1.0481640368948093,-0.4953425623104444,-0.20999710951563033,-0.5306505417852446,-0.2490331971529931,0.0,-0.05103148001244584,-0.5961248056402724,0.0,0.0,1.0,726.5675162890159,0.0,-0.23295498906943338,,,-0.10169282413193194,,,-0.13126216493750142,0.45105189560713305,0.548948104392867,0.3213407883359835,1.0,0.3213407883359835,0.6786592116640164,,,,0.3213407883359835,-0.7476168982749674,,,False,0.3213407883359835,fpi_fallback
401869929,2026,2026,2433,App State,UL Monroe,Sun Belt,Sun Belt,True,False,0.7518996275216455,0.16851495241519338,0.08951936091159252,0.3585195150949299,0.10935452046723487,0.0,-0.23361485118150505,-0.19189209491408746,0.0,0.0,1.0,741.7010701368393,0.009523809523809525,-0.2964783655947048,736.2526686071137,0.009433962264150943,-0.2673925024115139,5.448401529725629,8.984725965858163e-05,-0.029085863183190896,0.6054330315381613,0.3945669684618387,0.7806513565706001,1.0,0.7806513565706001,0.21934864342939986,,,,0.7806513565706001,1.269466200640271,,,False,0.7806513565706001,fpi_fallback
401869938,2026,2348,2032,Louisiana Tech,Arkansas State,Sun Belt,Sun Belt,True,False,0.05025398550340014,0.16040547127054164,0.016740679757391908,0.25244684084176044,-0.014724931607944858,0.0,0.0,0.5600255797258751,0.0,0.0,1.0,726.6291678447327,0.0,-0.08608239221705838,798.8377398455441,0.0,-0.1622319327532929,-72.20857200081139,0.0,0.07614954053623452,0.6080495191336851,0.3919504808663149,0.5552883119892335,1.0,0.5552883119892335,0.44471168801076655,,,,0.5552883119892335,0.22206127984172894,,,False,0.5552883119892335,fpi_fallback
401869946,2026,309,324,Louisiana,Coastal Carolina,Sun Belt,Sun Belt,True,False,0.285107825477794,0.5463590918167626,0.1473670367720385,0.4186806391753116,0.0694362954821316,0.0,0.543334902331285,-0.18770068765028783,0.0,0.0,1.0,716.1153761466188,0.0,-0.25325455386875345,724.5798270338563,0.0,-0.16852455319137516,-8.46445088723749,0.0,-0.08473000067737829,0.5839859119126933,0.41601408808730667,0.6612176768158965,1.0,0.6612176768158965,0.3387823231841035,,,,0.6612176768158965,0.6687253134003431,,,False,0.6612176768158965,fpi_fallback
401869953,2026,2653,290,Troy,Georgia Southern,Sun Belt,Sun Belt,True,False,0.09564061816589402,-0.13011550980198408,-0.14674765916138277,0.07731402473928425,-0.03985331184030505,0.0,0.25932320789171204,0.0750977413691794,0.0,0.0,1.0,776.4629635065345,0.0,-0.13824595035975623,791.051928599953,0.021739130434782608,-0.20901622803680373,-14.588965093418551,-0.021739130434782608,0.0707702776770475,0.5999675481058837,0.4000324518941163,0.6003317544195867,1.0,0.6003317544195867,0.39966824558041325,,,,0.6003317544195867,0.4068476095145076,,,False,0.6003317544195867,fpi_fallback
401869958,2026,276,2247,Marshall,Georgia State,Sun Belt,Sun Belt,True,False,1.3306653774349457,0.5477473815550148,0.16266234890825426,0.7578786203629768,0.23935843037590965,0.0,0.20526312603636132,-0.025280959115998484,0.0,0.0,1.0,654.0487112387665,0.0,-0.13359936891867347,759.1500550839612,0.010638297872340425,-0.2097643168708603,-105.10134384519472,-0.010638297872340425,0.07616494795218684,0.6629457491814418,0.3370542508185582,0.7204295118308148,1.0,0.7204295118308148,0.27957048816918517,,,,0.7204295118308148,0.9465931237506989,,,False,0.7204295118308148,fpi_fallback
401871101,2026,2572,6,Southern Miss,South Alabama,Sun Belt,Sun Belt,True,False,-0.3830897215476239,-0.029188465450118155,-0.06857130723892424,-0.22194061134238405,-0.028391841386188554,0.0,0.10939859440710631,1.3186568160470211,0.0,0.0,1.0,741.0864815840933,0.0,-0.1422164493687413,729.1418074253246,0.0,-0.1207121323726903,11.944674158768748,0.0,-0.021504316996051015,0.5305939749668909,0.46940602503310913,0.6994811308438866,1.0,0.6994811308438866,0.30051886915611337,,,,0.6994811308438866,0.8448282739996729,,,False,0.6994811308438866,fpi_fallback
401856749,2026,145,2747,Ole Miss,Wofford,SEC,,False,False,1.9556352702652406,1.0045356457556316,0.2380717330691483,1.1581368078229235,0.3085131910166816,1.0,2.4397862145075306,0.26072999843982414,0.0,0.0,1.0,1077.05919274244,0.41379310344827586,0.3643332453427581,358.3878649965836,0.0,,718.6713277458564,0.41379310344827586,,0.9807279654972118,0.01927203450278825,0.9807279654972118,0.0,0.9807279654972118,0.01927203450278825,,,,0.9807279654972118,3.929640062227344,,,False,0.9807279654972118,fpi_fallback
401862831,2026,349,151,Army,East Carolina,American,American,True,False,-0.00036284284187559023,-0.14454307025055838,-0.09351040723002502,-0.18985294004864267,-0.044945650063849985,0.0,0.020619287202735315,-0.8396455134561052,0.0,0.0,1.0,586.599678950922,0.0,0.015280943267176026,776.7464762757635,0.030927835051546393,0.1482528042243568,-190.1467973248415,-0.030927835051546393,-0.13297186095718078,0.40992708135542844,0.5900729186445716,0.43248343454455646,1.0,0.43248343454455646,0.5675165654554435,,,,0.43248343454455646,-0.27172591515206324,,,False,0.43248343454455646,fpi_fallback
401862834,2026,2426,235,Navy,Memphis,American,American,True,False,0.2776419197073096,0.29589261725108335,0.29248827301148206,-0.08094255121434779,0.14035860423783697,0.0,-0.005115100666770012,0.7675545019656488,0.0,0.0,1.0,513.2100047675495,0.0,0.1009917703659504,811.1368939946184,0.018867924528301886,0.14052798652883336,-297.92688922706884,-0.018867924528301886,-0.039536216162882956,0.4261808865780242,0.5738191134219758,0.5968458866091212,1.0,0.5968458866091212,0.4031541133908788,,,,0.5968458866091212,0.3923400294771606,,,False,0.5968458866091212,fpi_fallback
401856750,2026,344,2635,Mississippi State,Tennessee Tech,SEC,,False,False,0.02033401551583438,0.12068685546851356,-0.06525804078190245,0.25122538601705324,-0.041256501464204565,1.0,2.4242820279715653,0.16320404447728834,0.0,0.0,1.0,1004.9310140506045,0.11570247933884298,0.08344340967405131,106.68244543204761,0.0,,898.2485686185569,0.11570247933884298,,0.9690605035547063,0.0309394964452937,0.9690605035547063,0.0,0.9690605035547063,0.0309394964452937,,,,0.9690605035547063,3.44429347929858,,,False,0.9690605035547063,fpi_fallback
401871080,2026,2335,98,Liberty,Western Kentucky,CUSA,CUSA,True,False,-0.4667121350649427,-0.2575156917786443,-0.20390045124761064,-0.1726337473042821,-0.15185866998577902,0.0,-0.6161861394238164,-0.8044774936352291,0.0,0.0,1.0,667.6595182095873,0.0,-0.2131392383873019,673.5953239504531,0.0,-0.08552767474658443,-5.935805740865817,0.0,-0.12761156364071746,0.48422090813214846,0.5157790918678515,0.489703192054058,1.0,0.489703192054058,0.510296807945942,,,,0.489703192054058,-0.04119305572648202,,,False,0.489703192054058,fpi_fallback
401856746,2026,333,236,Alabama,Chattanooga,SEC,,False,False,1.5752536215893906,0.4684484743858514,0.15738804442327592,0.8144417407574458,0.2381943828800609,1.0,2.322387720290225,-0.13027390520915333,0.0,0.0,1.0,1451.3911057034413,0.6160714285714286,0.3317978703457419,325.5593087916589,0.0,,1125.8317969117825,0.6160714285714286,,0.9898262433160471,0.010173756683952928,0.9898262433160471,0.0,0.9898262433160471,0.010173756683952928,,,,0.9898262433160471,4.577717885283505,,,False,0.9898262433160471,fpi_fallback
401871079,2026,55,2623,Jacksonville State,Missouri State,CUSA,CUSA,True,False,0.6522465827184851,0.15856426780042554,0.1500332561201591,0.33243931267633997,0.1282669770530157,0.0,0.5596157879354231,-0.28775939924601746,0.0,0.0,1.0,675.3485562302653,0.0,-0.1740853325659812,523.8358831187666,0.0,-0.16300112984699,151.51267311149877,0.0,-0.011084202718991187,0.663223962236254,0.336776037763746,0.6117086731596489,1.0,0.6117086731596489,0.38829132684035106,,,,0.6117086731596489,0.4545002446736769,,,False,0.6117086731596489,fpi_fallback
401871081,2026,2534,2393,Sam Houston,Middle Tennessee,CUSA,CUSA,True,False,0.14753923662509125,-0.5897387074273027,-0.08842753573286077,-0.272575661612385,0.023833135812238115,0.0,-1.4021258263365715,-0.9184182163774517,0.0,0.0,1.0,638.9854759578275,0.0,-0.4540565745975952,719.367146484565,0.0,-0.20674295963406975,-80.38167052673748,0.0,-0.24731361496352544,0.3951236126515557,0.6048763873484443,0.5038121369442191,1.0,0.5038121369442191,0.4961878630557809,,,,0.5038121369442191,0.015248843250933949,,,False,0.5038121369442191,fpi_fallback
401871077,2026,166,48,New Mexico State,Delaware,CUSA,CUSA,True,False,-0.6225358573243648,-0.29606427739056,-0.182752529778838,-0.23182588361301296,-0.139599971145287,0.0,2.0423019947303787,-0.1440941377807144,0.0,0.0,1.0,642.1178364084459,0.0,-0.20796966182041543,501.88099863363584,0.0,-0.18026586032236394,140.23683777481006,0.0,-0.02770380149805149,0.5747839179521873,0.4252160820478127,0.33088168073779706,1.0,0.33088168073779706,0.669118319262203,,,,0.33088168073779706,-0.7042000529077244,,,False,0.33088168073779706,fpi_fallback
401871078,2026,338,2229,Kennesaw State,Florida International,CUSA,CUSA,True,False,0.22756303789033383,-0.16243382797947678,0.04518517267016253,-0.057434478864770364,0.07444701596431069,0.0,-1.7653727140548603,0.4823845446575956,0.0,0.0,1.0,538.417781872682,0.0,-0.11035407025344204,433.8089100421115,0.0,-0.16334506454494596,104.60887183057048,0.0,0.05299099429150392,0.6210920126959759,0.3789079873040241,0.6553340258092193,1.0,0.6553340258092193,0.3446659741907807,,,,0.6553340258092193,0.6425693114351987,,,False,0.6553340258092193,fpi_fallback
401856747,2026,2,2535,Auburn,Samford,SEC,,False,False,0.45998140082776445,1.0319469402906576,0.05075784031564268,0.8247096449799212,0.04027462012477723,1.0,2.3285605793973065,0.12991378725053665,0.0,0.0,1.0,1126.5988176305864,0.3917525773195876,0.2366688125705948,269.06957889367965,0.0,,857.5292387369068,0.3917525773195876,,0.9809781542100754,0.019021845789924607,0.9809781542100754,0.0,0.9809781542100754,0.019021845789924607,,,,0.9809781542100754,3.9429620933238523,,,False,0.9809781542100754,fpi_fallback
401861968,2026,41,295,UConn,Old Dominion,FBS Indep.,Sun Belt,False,False,-0.31176690106835847,-0.5897363285020923,-0.11567973862312853,-0.2449381625779329,-0.02446908260234204,0.0,0.2678437302321175,-0.6139953525950523,0.0,0.0,1.0,615.5565845368845,0.0,-0.1529533590942646,808.9583543532183,0.026785714285714284,0.16075646446324005,-193.40176981633374,-0.026785714285714284,-0.31370982355750465,0.33419241758693063,0.6658075824130694,0.3899022839076894,1.0,0.3899022839076894,0.6100977160923107,,,,0.3899022839076894,-0.4477229810065956,,,False,0.3899022839076894,fpi_fallback
401864543,2026,2449,2459,North Dakota State,Northern Illinois,Mountain West,Mountain West,True,False,0.3857266734245013,0.13644472891134712,0.09088895677716397,0.13748387695751188,0.06976262852085413,0.0,-3.085979151401769,0.7613431677510835,0.0,0.0,1.0,645.1896273252023,0.0,,790.6958349919561,0.009174311926605505,-0.34283992440212285,-145.50620766675377,-0.009174311926605505,,0.5389369225507925,0.4610630774492075,0.7150017098508122,1.0,0.7150017098508122,0.28499829014918776,,,,0.7150017098508122,0.9198017533167663,,,False,0.7150017098508122,fpi_fallback
401860920,2026,326,265,Texas State,Washington State,Pac-12,Pac-12,True,False,0.05625074932658663,0.19812179710188824,0.039564245891235306,0.20441232144830504,0.029995306494010054,0.0,-0.06632264293107237,-0.04709767917792533,0.0,0.0,1.0,730.9582650396574,0.0,-0.05944701182601658,767.2399461783762,0.007874015748031496,0.09226585663667623,-36.281681138718795,-0.007874015748031496,-0.15171286846269283,0.5129885769484908,0.48701142305150924,0.5604337382541417,1.0,0.5604337382541417,0.43956626174585833,,,,0.5604337382541417,0.24292254456696527,,,False,0.5604337382541417,fpi_fallback
401864544,2026,23,2439,San José State,UNLV,Mountain West,Mountain West,True,False,-1.312224432568653,-0.8283828566365729,-0.18847678337338397,-0.7445812181796905,-0.23702744309128115,0.0,-0.025841231183886926,-0.7045853871676536,0.0,0.0,1.0,724.1630544316288,0.011235955056179775,-0.19911733164845075,727.9148013639938,0.0,-0.013766461130807137,-3.751746932364995,0.011235955056179775,-0.1853508705176436,0.3882741896864028,0.6117258103135972,0.19189665973550213,1.0,0.19189665973550213,0.8081033402644979,,,,0.19189665973550213,-1.4377329501245375,,,False,0.19189665973550213,fpi_fallback
401858307,2026,87,2567,Notre Dame,SMU,FBS Indep.,ACC,False,False,0.6083655341220355,0.6707173810106045,0.1321967780017843,0.5441222572991471,0.11002696099103793,0.0,0.0,-0.02204303215260779,0.0,0.0,1.0,1331.2910121386622,0.6538461538461539,0.5226843609885897,874.0415949819652,0.1625,0.2315533960010078,457.24941715669695,0.4913461538461539,0.29113096498758195,0.9043857501075528,0.09561424989244716,0.8612271068020707,1.0,0.8911676955074176,0.10883230449258241,-17.5,56.5,core_odds_api,0.8612271068020707,1.8255195055753763,17.5,0.8911676955074176,True,0.8612271068020707,fpi_market
401860918,2026,278,36,Fresno State,Colorado State,Pac-12,Pac-12,True,False,1.2530519410101828,1.0082082848474223,0.3427931547914945,0.7908897309711425,0.25917003374518555,0.0,0.04189094170915997,0.9711927381461465,0.0,0.0,1.0,742.5741700850772,0.0,-0.04443712518862564,741.5832443465806,0.0,-0.18634317778833193,0.9909257384965713,0.0,0.1419060525997063,0.7313408025741397,0.2686591974258603,0.7874285407759768,1.0,0.7874285407759768,0.2125714592240232,,,,0.7874285407759768,1.3094944141739726,,,False,0.7874285407759768,fpi_fallback
401864542,2026,2751,167,Wyoming,New Mexico,Mountain West,Mountain West,True,False,-0.7395487225518127,-0.5256277742307585,-0.2715453502884422,-0.3749946125863225,-0.21232821030748777,0.0,-0.005277057100843585,-1.001642040824811,0.0,0.0,1.0,755.9642701563448,0.0,-0.17052082000783303,607.7200445489912,0.0,-0.027256250774157314,148.24422560735366,0.0,-0.14326456923367573,0.5068072704666319,0.4931927295333681,0.3218490592935293,1.0,0.3218490592935293,0.6781509407064708,,,,0.3218490592935293,-0.7452872138894082,,,False,0.3218490592935293,fpi_fallback
401860925,2026,68,21,Boise State,San Diego State,Pac-12,Pac-12,True,False,0.5260342586688421,-0.15802327039225603,0.05887781030125039,0.07267871024187482,0.08749774123016252,0.0,0.03061463581960666,-1.3043527627046956,0.0,0.0,1.0,848.8900053513655,0.02564102564102564,0.03026250522538966,722.2374816700269,0.0,0.07918892213122844,126.65252368133861,0.02564102564102564,-0.04892641690583878,0.6061550217889006,0.39384497821109943,0.6322950296397516,1.0,0.6322950296397516,0.3677049703602484,,,,0.6322950296397516,0.5420751986217505,,,False,0.6322950296397516,fpi_fallback
401860919,2026,204,328,Oregon State,Utah State,Pac-12,Pac-12,True,False,-0.4786042947088822,-0.40398165726192564,-0.0717854794739417,-0.42871642889116274,-0.10457713494290999,0.0,-0.01574835696813892,-0.9203151889396599,0.0,0.0,1.0,773.1288164683024,0.02247191011235955,-0.09009737589266646,734.3906244961368,0.0,-0.010083142412802261,38.73819197216562,0.02247191011235955,-0.0800142334798642,0.48960772436913896,0.510392275630861,0.5292464734260584,1.0,0.5292464734260584,0.47075352657394165,,,,0.5292464734260584,0.11711958774675828,,,False,0.5292464734260584,fpi_fallback
401866471,2026,2711,193,Western Michigan,Miami (OH),MAC,MAC,True,False,0.18482485428829476,0.5945728170940386,0.26438901476631516,0.2260125813677766,0.1167701143807588,0.0,-0.005221943981151611,1.2215818878940377,0.0,0.0,1.0,726.859170455014,0.0,-0.030280742089063867,722.3685503666973,0.0,-0.19534094449480896,4.490620088316746,0.0,0.1650602024057451,0.6707255429626939,0.32927445703730607,0.6405765988153287,1.0,0.6405765988153287,0.3594234011846713,,,,0.6405765988153287,0.5778676223635265,,,False,0.6405765988153287,fpi_fallback
401866470,2026,2199,2309,Eastern Michigan,Kent State,MAC,MAC,True,False,0.4458532645915102,0.14705369630071358,-0.052230898301476314,0.4285909654158323,0.021445230912635227,0.0,0.010695289116747553,-0.6879227099533728,0.0,0.0,1.0,776.7626689614904,0.0,-0.22427512620379558,709.4657050110235,0.012658227848101266,-0.3216129524444867,67.29696395046687,-0.012658227848101266,0.0973378262406911,0.6893910901801849,0.31060890981981515,0.6062368309423509,1.0,0.6062368309423509,0.3937631690576491,,,,0.6062368309423509,0.43152108505247744,,,False,0.6062368309423509,fpi_fallback
401856879,2026,2641,2628,Texas Tech,TCU,Big 12,Big 12,True,False,0.4446041829448427,0.6103025234398232,-0.0069375270770603015,0.6816423940940889,0.05166269946692037,0.0,0.0,0.9280102855012228,0.0,0.0,1.0,1052.4682043539133,0.25,0.42462074344422895,977.9587547112536,0.19,0.17568122172595302,74.50944964265966,0.06,0.24893952171827594,0.7866725581929449,0.2133274418070551,0.846862240017344,1.0,0.8788214117026016,0.12117858829739836,-16.5,55.5,core_odds_api,0.846862240017344,1.7102001284901875,16.5,0.8788214117026016,True,0.846862240017344,fpi_market
401862837,2026,151,2226,East Carolina,Florida Atlantic,American,American,True,False,1.2134080832359246,0.8295438729252764,0.3003618678289034,0.7488494908270856,0.25691676887719944,0.0,0.005221943981151611,0.44130478203962636,0.0,0.0,1.0,776.7464762757635,0.030927835051546393,0.1482528042243568,708.5716649532192,0.013157894736842105,-0.057874346751056974,68.17481132254431,0.01776994031470429,0.2061271509754138,0.7728385668743952,0.22716143312560477,0.8017015954662492,1.0,0.8017015954662492,0.1982984045337508,,,,0.8017015954662492,1.3969634733772482,,,False,0.8017015954662492,fpi_fallback
401862838,2026,235,218,Memphis,Temple,American,American,True,False,1.2395504747243604,0.34158591939144617,0.04107962865515441,0.6710747743346218,0.16995389044037568,0.0,0.036367644170874236,-0.8211874596834992,0.0,0.0,1.0,811.1368939946184,0.018867924528301886,0.14052798652883336,743.2158993608089,0.008771929824561403,-0.039767353742940235,67.92099463380953,0.010095994703740483,0.1802953402717736,0.7540399367788113,0.24596006322118869,0.7256038702849935,1.0,0.7256038702849935,0.2743961297150065,,,,0.7256038702849935,0.9724314414814484,,,False,0.7256038702849935,fpi_fallback
401862839,2026,58,2655,South Florida,Tulane,American,American,True,False,-0.3261659677990906,0.5382933200029748,-0.06541576905071822,0.40081543739639675,-0.07278207238003309,0.0,-0.04082199452025481,0.47482717679720055,0.0,0.0,1.0,800.075815711071,0.03333333333333333,0.20420438658719947,775.5318857887579,0.06493506493506493,0.10101112658160054,24.543929922313055,-0.031601731601731596,0.10319326000559893,0.6706644409030801,0.3293355590969199,0.48147690047438607,1.0,0.48147690047438607,0.5185230995256139,,,,0.48147690047438607,-0.07412632135870775,,,False,0.48147690047438607,fpi_fallback
401856762,2026,145,344,Ole Miss,Mississippi State,SEC,SEC,True,False,2.02815074133523,0.9201310322036004,0.3194224713864272,1.0016335850854268,0.3645228576912943,0.0,0.015504186535965303,0.020417903235695575,0.0,0.0,1.0,1077.05919274244,0.41379310344827586,0.3643332453427581,1004.9310140506045,0.11570247933884298,0.08344340967405131,72.1281786918355,0.2980906241094329,0.28088983566870684,0.8482437200941392,0.15175627990586082,0.821986031270028,1.0,0.8527403090738964,0.14725969092610358,-14.5,57.5,core_odds_api,0.821986031270028,1.5298613780989307,14.5,0.8527403090738964,True,0.821986031270028,fpi_market
401858536,2026,2294,158,Iowa,Nebraska,Big Ten,Big Ten,True,False,0.9701229984341899,0.8277098325229966,0.24828208164633292,0.5900774565668063,0.1547181482786119,0.0,0.0103093696588612,0.2524626085620571,0.0,0.0,1.0,987.4538325581303,0.19607843137254902,0.26940787108696074,1029.4228879195155,0.26262626262626265,0.04624983446854084,-41.96905536138513,-0.06654783125371364,0.2231580366184199,0.7159875627611513,0.2840124372388487,0.6100725257163455,1.0,0.6100725257163455,0.3899274742836545,,,,0.6100725257163455,0.44761708626179725,,,False,0.6100725257163455,fpi_fallback
401866472,2026,2006,2084,Akron,Buffalo,MAC,MAC,True,False,-0.4737635554727103,0.2026564924623124,0.14857536328990212,-0.1630596603682092,-0.00693070354434433,0.0,0.0,0.559223840399277,0.0,0.0,1.0,633.6115119466774,0.0,-0.3729704281556604,711.4279562027778,0.0,-0.2965654738374634,-77.81644425610034,0.0,-0.076404954318197,0.48125822801429785,0.5187417719857021,0.40654759057140905,1.0,0.40654759057140905,0.5934524094285909,,,,0.40654759057140905,-0.3782560284190062,,,False,0.40654759057140905,fpi_fallback
401866473,2026,195,2649,Ohio,Toledo,MAC,MAC,True,False,0.23521003864069598,-0.2144064812926774,0.10583104415269484,-0.22129103198015393,0.09105533618676676,0.0,-0.005221943981151611,-0.3009615505794841,0.0,0.0,1.0,728.1091688566596,0.02666666666666667,-0.08827759141170993,746.2577192210606,0.02531645569620253,0.08408466429112067,-18.14855036440099,0.0013502109704641371,-0.1723622557028306,0.45425926515336634,0.5457407348466337,0.43458990981520923,1.0,0.43458990981520923,0.5654100901847907,,,,0.43458990981520923,-0.2631484408234126,,,False,0.43458990981520923,fpi_fallback
401869930,2026,6,2026,South Alabama,App State,Sun Belt,Sun Belt,True,False,0.08421122515067736,0.21943653597261584,0.100987926310873,0.2512891153880093,0.03669516052084332,0.0,0.12941107365150284,-0.1622039261121131,0.0,0.0,1.0,729.1418074253246,0.0,-0.1207121323726903,741.7010701368393,0.009523809523809525,-0.2964783655947048,-12.559262711514748,-0.009523809523809525,0.1757662332220145,0.6711818989823762,0.32881810101762377,0.5458293262853917,1.0,0.5458293262853917,0.4541706737146083,,,,0.5458293262853917,0.18383327696959523,,,False,0.5458293262853917,fpi_fallback
401856759,2026,52,57,Florida State,Florida,ACC,SEC,False,False,-0.18980291853183645,0.13605381598712313,-0.043838593364790124,0.17752168347277392,-0.027036914471289086,0.0,0.020619287202735315,0.47996686687257806,0.0,0.0,1.0,1140.327181629477,0.3627450980392157,0.27952505542872025,1249.4645927399758,0.5824175824175825,0.13931393188132907,-109.13741111049876,-0.21967248437836678,0.14021112354739118,0.5809334082238731,0.41906659177612693,0.4536456994138898,1.0,0.40547153800581837,0.5945284619941816,4.5,52.5,core_odds_api,0.4536456994138898,-0.18595117186555826,-4.5,0.40547153800581837,True,0.4536456994138898,fpi_market
401864549,2026,23,2449,San José State,North Dakota State,Mountain West,Mountain West,True,False,-0.4653687130775802,-0.6505658127642147,-0.1427348939193206,-0.4249238421403799,-0.10151957913883264,0.0,3.0550488507104103,-0.7930853402499816,0.0,0.0,1.0,724.1630544316288,0.011235955056179775,-0.19911733164845075,645.1896273252023,0.0,,78.97342710642647,0.011235955056179775,,0.5481458350309509,0.45185416496904907,0.409360997061863,1.0,0.409360997061863,0.590639002938137,,,,0.409360997061863,-0.36660760649120927,,,False,0.409360997061863,fpi_fallback
401856756,2026,245,251,Texas A&M,Texas,SEC,SEC,True,False,-0.341325712536609,0.0514544088006299,-0.13865534282773273,0.03347269478532195,-0.05675474938356817,0.0,-0.025576841789649585,0.6900357326687003,0.0,0.0,1.0,1292.7928128569013,0.7078651685393258,0.42460359407589965,1404.970024515499,0.6060606060606061,0.3259839418805343,-112.1772116585978,0.10180456247871972,0.09861965219536534,0.5871358032261336,0.41286419677386643,0.3852773764987218,1.0,0.4205258452169813,0.5794741547830187,2.5,53.5,core_odds_api,0.3852773764987218,-0.46720761404945604,-2.5,0.4205258452169813,True,0.3852773764987218,fpi_market
401858544,2026,275,135,Wisconsin,Minnesota,Big Ten,Big Ten,True,False,-0.6452987486674828,-0.23368655448040596,-0.16935270608237285,-0.319349997277059,-0.17716171006763903,0.0,0.015584731016698328,-0.09668813761102683,0.0,0.0,1.0,907.0388207801798,0.2111111111111111,0.06697475666311872,945.3401948206013,0.12264150943396226,-0.01770528059758985,-38.30137404042148,0.08846960167714885,0.08468003726070858,0.5577998232714387,0.44220017672856127,0.6704299194672088,1.0,0.6704299194672088,0.32957008053279124,,,,0.6704299194672088,0.7101301586164207,,,False,0.6704299194672088,fpi_fallback
401856880,2026,254,277,Utah,West Virginia,Big 12,Big 12,True,False,1.3964771887484835,1.2800552238761536,0.3330783171937082,1.179882691621214,0.2598874805348135,0.0,0.005221943981151611,1.3204434672337584,0.0,0.0,1.0,941.3110117961028,0.15294117647058825,0.30485487985898047,911.6964337971962,0.06349206349206349,0.006903702757038735,29.61457799890661,0.08944911297852476,0.29795117710194174,0.8401785010970838,0.1598214989029162,0.7574577954355669,1.0,0.7574577954355669,0.2425422045644331,,,,0.7574577954355669,1.1387920855593487,,,False,0.7574577954355669,fpi_fallback
401856757,2026,333,2,Alabama,Auburn,SEC,SEC,True,False,1.1814427440767077,-0.2752098025390648,0.12732564830160154,0.11892609184295806,0.20132305131018874,0.0,0.04512043528046927,-0.1739137637705903,0.0,0.0,1.0,1451.3911057034413,0.6160714285714286,0.3317978703457419,1126.5988176305864,0.3917525773195876,0.2366688125705948,324.79228807285494,0.22431885125184098,0.09512905777514707,0.7643374587923925,0.23566254120760755,0.7548217802361117,1.0,0.777302477942449,0.222697522057551,-10.0,52.5,core_odds_api,0.7548217802361117,1.1244962950115984,10.0,0.777302477942449,True,0.7548217802361117,fpi_market
401856758,2026,8,99,Arkansas,LSU,SEC,SEC,True,False,-0.8425435084666947,-0.23004248883768394,-0.1706278725566589,-0.23737044162382373,-0.20900829480836125,0.0,-0.015504186535965303,-0.12054785028634797,0.0,0.0,1.0,923.2652086614927,0.15053763440860216,0.12034445408518966,1272.669430225689,0.5098039215686274,0.18878088457719902,-349.4042215641963,-0.3592662871600253,-0.06843643049200936,0.3371118477286557,0.6628881522713443,0.19920904900054318,1.0,0.19920904900054318,0.8007909509994569,,,,0.19920904900054318,-1.3912451571581474,,,False,0.19920904900054318,fpi_fallback
401856760,2026,61,59,Georgia,Georgia Tech,SEC,ACC,False,False,1.3025082055452981,0.5052328818781722,0.20807786904328046,0.494995852482454,0.18009031343980053,0.0,0.04020642047804035,-0.18496361180712256,0.0,0.0,1.0,1454.7175340466702,0.7304347826086957,0.32936276416267773,968.9845275797574,0.14444444444444443,0.16709834133551948,485.7330064669128,0.5859903381642513,0.16226442282715825,0.8871044687722487,0.11289553122775131,0.9206761303625467,1.0,0.9206761303625467,0.0793238696374533,,,,0.9206761303625467,2.4515692368220634,,,False,0.9206761303625467,fpi_fallback
401856761,2026,96,97,Kentucky,Louisville,SEC,ACC,False,False,-0.9630928399093227,-0.5788955069447965,-0.14339811600299862,-0.5613709028299931,-0.17994691451999234,0.0,-0.020619287202735315,0.03445391326128856,0.0,0.0,1.0,957.2511978283744,0.19148936170212766,0.12743784412898232,810.6120157818036,0.15492957746478872,0.24901211463090583,146.6391820465708,0.03655978423733894,-0.12157427050192351,0.49526667786328393,0.5047333221367161,0.45805857498872793,1.0,0.45805857498872793,0.5419414250112721,,,,0.45805857498872793,-0.16816085473946862,,,False,0.45805857498872793,fpi_fallback
401856763,2026,142,201,Missouri,Oklahoma,SEC,SEC,True,False,-0.16783521929557993,-0.013331368718868928,-0.11267786988432515,0.023305141387129753,-0.04350267991802936,0.0,-0.010152371464018373,-0.6171519778426454,0.0,0.0,1.0,991.2097296268986,0.2823529411764706,0.29316690406481605,1173.5834604844968,0.4519230769230769,0.3311106400825597,-182.37373085759816,-0.16957013574660634,-0.037943736017743646,0.46134534576121367,0.5386546542387863,0.4186091703008663,1.0,0.4186091703008663,0.5813908296991337,,,,0.4186091703008663,-0.32848549836387386,,,False,0.4186091703008663,fpi_fallback
401856764,2026,228,2579,Clemson,South Carolina,ACC,SEC,False,False,0.6460283422871634,0.21708865925136442,0.17753303269092285,0.23399960840147074,0.14108339422230454,0.0,0.05051579013690155,0.23000160358302538,0.0,0.0,1.0,1162.6283334023117,0.4827586206896552,0.13696508014615622,1150.3785478252003,0.4444444444444444,0.08932890748859423,12.249785577111425,0.038314176245210774,0.04763617265756198,0.6297726238094864,0.3702273761905136,0.6101229058809049,1.0,0.6097479012287327,0.3902520987712673,-3.0,53.5,core_odds_api,0.6101229058809049,0.4478288757513936,3.0,0.6097479012287327,True,0.6101229058809049,fpi_market
401856765,2026,238,2633,Vanderbilt,Tennessee,SEC,SEC,True,False,-0.01783223916032057,0.20440781451054144,0.1083760567588396,-0.00994592247438421,0.03436547821983915,0.0,-0.010362787035546717,1.2444731325992484,0.0,0.0,1.0,898.5992310035647,0.10588235294117647,0.2747700076748849,1252.305283860725,0.46153846153846156,0.22869558366290296,-353.70605285716033,-0.3556561085972851,0.046074424011981946,0.406761341211746,0.593238658788254,0.40654759057140905,1.0,0.4183473778800041,0.5816526221199959,3.0,57.5,core_odds_api,0.40654759057140905,-0.3782560284190062,-3.0,0.4183473778800041,True,0.40654759057140905,fpi_market
401856873,2026,12,9,Arizona,Arizona State,Big 12,Big 12,True,False,0.09417231367726117,0.34430143274371355,0.09137482627874594,0.2213287564841784,0.010210661223899464,0.0,0.0,0.9399977069384726,0.0,0.0,1.0,926.0198278993089,0.13592233009708737,0.23622595907028177,896.2395405052043,0.1,0.2419786272205886,29.780287394104562,0.03592233009708737,-0.005752668150306839,0.6109105280504875,0.3890894719495125,0.6267629774609347,1.0,0.643868841914964,0.35613115808503604,-4.5,52.5,core_odds_api,0.6267629774609347,0.5183547757869638,4.5,0.643868841914964,True,0.6267629774609347,fpi_market
401856874,2026,248,239,Houston,Baylor,Big 12,Big 12,True,False,0.31789742490906975,0.3773178841439733,0.2563382751412515,0.14127518156665053,0.15286241396455658,0.0,-0.010416760858255714,1.141512334753038,0.0,0.0,1.0,866.7900327400409,0.12162162162162163,0.09223461283714135,904.775063495865,0.15853658536585366,0.10111100596041074,-37.98503075582403,-0.03691496374423203,-0.008876393123269391,0.5626467509037405,0.4373532490962595,0.5813908296991337,1.0,0.5813908296991337,0.4186091703008663,,,,0.5813908296991337,0.32848549836387386,,,False,0.5813908296991337,fpi_fallback
401856875,2026,38,2116,Colorado,UCF,Big 12,Big 12,True,False,-0.21521378623038573,-0.20810394991239173,-0.09274911455594198,-0.2481936808877209,-0.03632094301389427,0.0,-0.020834086902842053,-0.6346791987884944,0.0,0.0,1.0,861.702384575236,0.15714285714285714,-0.03556014101794508,765.5801937114245,0.0958904109589041,0.019875527945627768,96.12219086381151,0.061252446183953035,-0.05543566896357285,0.5523181828230487,0.4476818171769513,0.6276295920837772,1.0,0.6276295920837772,0.3723704079162228,,,,0.6276295920837772,0.5220610918548992,,,False,0.6276295920837772,fpi_fallback
401856876,2026,252,2132,BYU,Cincinnati,Big 12,Big 12,True,False,1.1031616137775722,0.49998722474912355,0.2762302770480983,0.43790510157565443,0.25046444914987465,0.0,0.015424470325631212,0.19303308003634356,0.0,0.0,1.0,966.2180287324254,0.12871287128712872,0.23853588239442264,779.5136409431768,0.0379746835443038,0.10844840832140853,186.70438778924859,0.09073818774282491,0.1300874740730141,0.7552976231751173,0.24470237682488272,0.7663891086828519,1.0,0.7663891086828519,0.23361089131714807,,,,0.7663891086828519,1.1880331418904904,,,False,0.7663891086828519,fpi_fallback
401856877,2026,197,2305,Oklahoma State,Kansas,Big 12,Big 12,True,False,-1.0033745458051748,-0.3002740526421443,-0.11793765524688155,-0.6634719804753685,-0.17298362620552132,0.0,0.015584731016698328,-0.4078666281672986,0.0,0.0,1.0,755.4882199001777,0.0,-0.18509401619573237,728.3803919337098,0.043478260869565216,0.0987177593152587,27.10782796646788,-0.043478260869565216,-0.28381177551099107,0.36359802577838873,0.6364019742216113,0.580978417886426,1.0,0.580978417886426,0.419021582113574,,,,0.580978417886426,0.3267911824471036,,,False,0.580978417886426,fpi_fallback
401856878,2026,66,2306,Iowa State,Kansas State,Big 12,Big 12,True,False,0.056665676782922676,0.09236477694818332,0.05350920994729402,0.06438511350660917,0.06043340560346944,0.0,0.005141399500418586,0.18720110936056017,0.0,0.0,1.0,861.4912999357202,0.0673076923076923,0.16375126279945085,908.4180140804283,0.07766990291262135,0.07624696545002964,-46.92671414470806,-0.010362210604929048,0.08750429734942121,0.5950595532858144,0.4049404467141856,0.40838841191917596,1.0,0.40838841191917596,0.591611588080824,,,,0.40838841191917596,-0.37063160679353924,,,False,0.40838841191917596,fpi_fallback
401858311,2026,2390,103,Miami,Boston College,ACC,ACC,True,False,1.9149769177001963,0.6130709711796892,0.25446767175399815,0.9455954456791593,0.3277196130465021,0.0,0.015345569674660275,1.1736767217366855,0.0,0.0,1.0,1262.9288503196244,0.5233644859813084,0.4940492419545948,809.9006532485765,0.060240963855421686,-0.10883366875047422,453.0281970710479,0.4631235221258867,0.602882910705069,0.9584612287232547,0.04153877127674532,0.9458010086947363,1.0,0.9458010086947363,0.05419899130526373,,,,0.9458010086947363,2.859369899039757,,,False,0.9458010086947363,fpi_fallback
401858312,2026,154,150,Wake Forest,Duke,ACC,ACC,True,False,-0.4708377138646506,0.07901623512105663,-0.043911123476232716,-0.05368138125716399,-0.04935530432679147,0.0,-0.030930300691358603,0.4884008851029671,0.0,0.0,1.0,817.8332426208597,0.031578947368421054,0.2101442248687073,835.443025727025,0.07692307692307693,0.1524012636603621,-17.60978310616531,-0.045344129554655874,0.057742961208345184,0.5715378059187726,0.42846219408122743,0.5614247993791647,1.0,0.5614247993791647,0.4385752006208353,,,,0.5614247993791647,0.24694654486929501,,,False,0.5614247993791647,fpi_fallback
401858313,2026,153,152,North Carolina,NC State,ACC,ACC,True,False,-0.7600513639425662,-0.5920378218143582,-0.2525564036730901,-0.33345616011037,-0.17070139846301974,0.0,0.0,-0.6793945669582218,0.0,0.0,1.0,964.9357928955131,0.15447154471544716,-0.03466205245877597,940.0143298590317,0.12244897959183673,0.20064371785902324,24.92146303648144,0.03202256512361043,-0.2353057703177992,0.4326198813600099,0.56738011863999,0.5964891086445047,1.0,0.515745576985436,0.484254423014564,1.5,55.5,core_odds_api,0.5964891086445047,0.3908575030499867,-1.5,0.515745576985436,True,0.5964891086445047,fpi_market
401858314,2026,183,87,Syracuse,Notre Dame,ACC,FBS Indep.,False,False,-2.179877031870535,-1.9854940306923747,-0.4636222043934188,-1.6748843872368455,-0.36748914573631863,0.0,-0.015345569674660275,-0.8739995167932352,0.0,0.0,1.0,915.4353213958169,0.08181818181818182,-0.0917346289034202,1331.2910121386622,0.6538461538461539,0.5226843609885897,-415.85569074284524,-0.5720279720279721,-0.6144189898920099,0.08938643145768962,0.9106135685423103,0.07183480550606083,1.0,0.07183480550606083,0.9281651944939392,,,,0.07183480550606083,-2.5588406133025945,,,False,0.07183480550606083,fpi_fallback
401858315,2026,25,221,California,Pittsburgh,ACC,ACC,True,False,-0.4774441573243371,-0.11553617909593125,-0.011011769315701359,-0.29498454928784973,-0.03530593709412633,0.0,-0.04167269640056759,-0.46430907423357437,0.0,0.0,1.0,845.5299003506768,0.11392405063291139,-0.009139274462177608,901.0402708557126,0.12643678160919541,0.25090656933998107,-55.51037050503578,-0.012512730976284026,-0.26004584380215867,0.39407391131026365,0.6059260886897364,0.41526258814426864,1.0,0.41526258814426864,0.5847374118557314,,,,0.41526258814426864,-0.3422518151876337,,,False,0.41526258814426864,fpi_fallback
401858316,2026,24,2567,Stanford,SMU,ACC,ACC,True,False,-1.7912456629485314,-0.8216766833734139,-0.21727269565789487,-1.0786782628140883,-0.2716635372296685,0.0,-0.030930300691358603,0.22792921450116638,0.0,0.0,1.0,892.6689042414988,0.09574468085106383,0.018158436641050876,874.0415949819652,0.1625,0.2315533960010078,18.627309259533604,-0.06675531914893618,-0.21339495935995692,0.3363111610006077,0.6636888389993922,0.21983862368175985,1.0,0.21983862368175985,0.7801613763182401,,,,0.21983862368175985,-1.2666070425307208,,,False,0.21983862368175985,fpi_fallback
401858317,2026,259,258,Virginia Tech,Virginia,ACC,ACC,True,False,-0.969720545927994,-0.7095227099408604,-0.29893312917679193,-0.5096079397107001,-0.24955381764916318,0.0,0.020619287202735315,-1.6328720339323013,0.0,0.0,1.0,941.2491041062212,0.19318181818181818,0.018920152232701312,681.7851759026536,0.0,0.19059254374581175,259.46392820356766,0.19318181818181818,-0.17167239151311042,0.5447421698560919,0.4552578301439081,0.5524623572651295,1.0,0.5600751891460429,0.43992481085395707,-1.5,53.5,core_odds_api,0.5524623572651295,0.21062464740352863,1.5,0.5600751891460429,True,0.5524623572651295,fpi_market
401858537,2026,77,356,Northwestern,Illinois,Big Ten,Big Ten,True,False,-0.5534301437746422,0.08474055160887885,-0.10592499002864508,-0.16279137018315717,-0.13353665749935195,0.0,0.005221943981151611,0.2849729926208784,0.0,0.0,1.0,799.4019028452823,0.047619047619047616,0.045966842685715825,917.6907070888561,0.0782608695652174,0.16675780417854352,-118.28880424357385,-0.03064182194616978,-0.1207909614928277,0.443556035302753,0.556443964697247,0.43677689974181433,1.0,0.4191817320643873,0.5808182679356126,3.5,52.5,core_odds_api,0.43677689974181433,-0.2542532822603679,-3.5,0.4191817320643873,True,0.43677689974181433,fpi_market
401858538,2026,84,2509,Indiana,Purdue,Big Ten,Big Ten,True,False,2.7825797185481,1.8722989995782637,0.5207028505916877,1.9837155779941278,0.5441226637609751,0.0,0.026248226074936376,1.2705583326152645,0.0,0.0,1.0,872.0069986162093,0.1,0.5357653254929933,799.8384609517241,0.05434782608695652,-0.07843402148142234,72.16853766448526,0.045652173913043485,0.6141993469744156,0.947036723644275,0.05296327635572495,0.9434019269880084,1.0,0.9434019269880084,0.0565980730119916,,,,0.9434019269880084,2.8135174745421554,,,False,0.9434019269880084,fpi_fallback
401858539,2026,120,213,Maryland,Penn State,Big Ten,Big Ten,True,False,-1.4675829771193094,-0.8628550077463698,-0.3268345179325486,-0.8576129286934625,-0.23530147413484537,0.0,-0.05209511188340166,0.30008016475215754,0.0,0.0,1.0,934.2453153712663,0.11702127659574468,-0.04044552211638594,1093.5859854781434,0.40816326530612246,0.2572674566411734,-159.34067010687704,-0.2911419887103778,-0.2977129787575593,0.2589657827757107,0.7410342172242893,0.2536424382246217,1.0,0.2536424382246217,0.7463575617753784,,,,0.2536424382246217,-1.0792792389827859,,,False,0.2536424382246217,fpi_fallback
401858541,2026,2483,264,Oregon,Washington,Big Ten,Big Ten,True,False,0.8662743734309334,-0.302296192172287,0.05368945495743105,0.1896694507426641,0.1433131886181378,0.0,0.025576841789649585,-0.2377447927854837,0.0,0.0,1.0,1401.6094907863976,0.5378151260504201,0.4314892927531719,1043.8640373572212,0.27,0.33176080575933187,357.74545342917645,0.2678151260504201,0.09972848699384002,0.7879525256259512,0.2120474743740488,0.8691786145192794,1.0,0.8771167475274716,0.1228832524725284,-15.5,54.5,core_odds_api,0.8691786145192794,1.8937157212253888,15.5,0.8771167475274716,True,0.8691786145192794,fpi_market
401858542,2026,164,127,Rutgers,Michigan State,Big Ten,Big Ten,True,False,0.42077538105878376,-0.1487719243221329,-0.0005877228968236281,0.1355463126349754,0.054209004081369416,0.0,0.005221943981151611,-0.008014611050095937,0.0,0.0,1.0,974.5567623671036,0.1485148514851485,-0.007181304706549596,936.667144135479,0.14444444444444443,0.03342503768153286,37.88961823162458,0.004070407040704077,-0.04060634238808246,0.5822004991684419,0.41779950083155815,0.5544775159504622,1.0,0.5544775159504622,0.44552248404953776,,,,0.5544775159504622,0.21877854275298633,,,False,0.5544775159504622,fpi_fallback
401858543,2026,26,30,UCLA,USC,Big Ten,Big Ten,True,False,-1.2670558151780755,-0.9635805064082344,-0.20420077047212348,-0.9610733675864359,-0.20858342928819884,0.0,-0.020726130517116914,-0.7931242534397416,0.0,0.0,1.0,811.0418477665968,0.0821917808219178,-0.0031423834422963023,1275.9325614814477,0.4727272727272727,0.3017096492006037,-464.8907137148509,-0.3905354919053549,-0.3048520326429,0.1760768972490397,0.8239231027509604,0.1848864803238102,1.0,0.20998729278551478,0.7900127072144852,10.5,55.5,core_odds_api,0.1848864803238102,-1.4835853746221381,-10.5,0.20998729278551478,True,0.1848864803238102,fpi_market
401860926,2026,36,-2,Colorado State,TBD,Pac-12,,False,False,-0.7359964681293399,-0.6442007421940599,-0.22271772301847936,-0.49721281802285133,-0.1639736874592952,1.0,5.231108616854587,-0.6925569831617304,0.0,0.0,1.0,741.5832443465806,0.0,-0.18634317778833193,,,,,,,0.7966384232201017,0.2033615767798983,0.7966384232201017,0.0,0.7966384232201017,0.2033615767798983,,,,0.7966384232201017,1.3654153425545803,,,False,0.7966384232201017,fpi_fallback
401860927,2026,278,-2,Fresno State,TBD,Pac-12,,False,False,0.5170554728808429,0.36400754265336255,0.12007543177301516,0.2936769129482912,0.09519634628589035,1.0,5.272999558563747,0.27863575498441606,0.0,0.0,1.0,742.5741700850772,0.0,-0.04443712518862564,,,,,,,0.8661089084428095,0.13389109155719048,0.8661089084428095,0.0,0.8661089084428095,0.13389109155719048,,,,0.8661089084428095,1.8669839410641327,,,False,0.8661089084428095,fpi_fallback
401860928,2026,328,-2,Utah State,TBD,Pac-12,,False,False,-0.1644031731195355,0.0027024331801290763,-0.09020570549506496,0.020949678114136144,-0.05800218133464402,1.0,5.2574953720277815,0.1985301061721907,0.0,0.0,1.0,734.3906244961368,0.0,-0.010083142412802261,,,,,,,0.844562349607453,0.15543765039254698,0.844562349607453,0.0,0.844562349607453,0.15543765039254698,,,,0.844562349607453,1.6925738746200643,,,False,0.844562349607453,fpi_fallback
401860929,2026,265,-2,Washington State,TBD,Pac-12,,False,False,0.39014437398090196,0.35632554254752236,0.07198878583275814,0.22283143538190306,0.027368019588280723,1.0,5.231108616854587,0.10237696059070003,0.0,0.0,1.0,767.2399461783762,0.007874015748031496,0.09226585663667623,,,,,,,0.8607514839047293,0.13924851609527067,0.8607514839047293,0.0,0.8607514839047293,0.13924851609527067,,,,0.8607514839047293,1.8215456038410813,,,False,0.8607514839047293,fpi_fallback
401861969,2026,2751,41,Wyoming,UConn,Mountain West,FBS Indep.,False,False,-0.9457388683959675,-0.3867067422251652,-0.2660940022694068,-0.522996356771869,-0.24736018037365942,0.0,0.03226086221822122,-0.4446764817413759,0.0,0.0,1.0,755.9642701563448,0.0,-0.17052082000783303,615.5565845368845,0.0,-0.1529533590942646,140.40768561946027,0.0,-0.017567460913568422,0.5388229863733225,0.4611770136266775,0.5157201867419772,1.0,0.5157201867419772,0.48427981325802283,,,,0.5157201867419772,0.06290147841010339,,,False,0.5157201867419772,fpi_fallback
401862840,2026,2636,202,UTSA,Tulsa,American,American,True,False,1.3349462275615156,0.7345511461749769,0.14294532528957815,0.8310751368604766,0.18013928419458358,0.0,-0.09952959534703343,-0.3329733749878392,0.0,0.0,1.0,413.2363130808404,0.0,0.08883544728224549,698.7562176157269,0.0,-0.14037445304549245,-285.5199045348865,0.0,0.22920990032773794,0.6739220913888777,0.3260779086111223,0.6573642534747766,1.0,0.6573642534747766,0.34263574652522344,,,,0.6573642534747766,0.651570364743042,,,False,0.6573642534747766,fpi_fallback
401862841,2026,242,349,Rice,Army,American,American,True,False,-1.2379298775151641,-1.1581436106011693,-0.20234968852963475,-0.9149578599644101,-0.18283945119111644,0.0,-0.03109058707003065,0.1561064056179157,0.0,0.0,1.0,724.7183407942623,0.0,-0.21833410646060722,586.599678950922,0.0,0.015280943267176026,138.1186618433403,0.0,-0.23361504972778324,0.39423099124298067,0.6057690087570193,0.3630396850686469,1.0,0.3630396850686469,0.6369603149313531,,,,0.3630396850686469,-0.5621952001334,,,False,0.3630396850686469,fpi_fallback
401862842,2026,2429,2426,Charlotte,Navy,American,American,True,False,-2.19407907414751,-1.162944350984818,-0.4353171734947443,-1.1595949993526233,-0.42051241825903773,0.0,-0.4288124721051556,-0.8627804218119991,0.0,0.0,1.0,677.7973197292208,0.0,-0.254936540932452,513.2100047675495,0.0,0.1009917703659504,164.58731496167127,0.0,-0.3559283112984024,0.32836973851164286,0.6716302614883571,0.23074147949230575,1.0,0.23074147949230575,0.7692585205076943,,,,0.23074147949230575,-1.2041291430998098,,,False,0.23074147949230575,fpi_fallback
401862843,2026,249,5,North Texas,UAB,American,American,True,False,1.4936117278411871,0.9597635311798598,0.2413372184093227,1.0931610157065383,0.2805616903951278,0.0,0.14903557916048804,1.0608379210756402,0.0,0.0,1.0,689.7607421558456,0.0273972602739726,0.18532049076085383,643.9738980506007,0.015151515151515152,-0.08778240478416661,45.78684410524488,0.01224574512245745,0.27310289554502043,0.8222995015328473,0.17770049846715275,0.7726058738531862,1.0,0.7726058738531862,0.22739412614681376,,,,0.7726058738531862,1.2230843024186788,,,False,0.7726058738531862,fpi_fallback
401864550,2026,2459,2638,Northern Illinois,UTEP,Mountain West,Mountain West,True,False,0.5524929651824414,0.27132153558447636,0.08525911153141885,0.2614704074560055,0.10671300605013534,0.0,0.04145671367834591,-0.5730822706872732,0.0,0.0,1.0,790.6958349919561,0.009174311926605505,-0.34283992440212285,777.8648844149413,0.0,-0.26645623566896376,12.830950577014733,0.009174311926605505,-0.0763836887331591,0.575152699383356,0.424847300616644,0.6193019351287768,1.0,0.6193019351287768,0.38069806487122315,,,,0.6193019351287768,0.4865863523475181,,,False,0.6193019351287768,fpi_fallback
401869947,2026,256,324,James Madison,Coastal Carolina,Sun Belt,Sun Belt,True,False,1.5636692543015125,1.211827240495585,0.25719419757327594,1.2691959592766462,0.2524209600190138,0.0,-0.6177977433181585,0.7301327382507793,0.0,0.0,1.0,695.234106669023,0.01282051282051282,0.2328801287423507,724.5798270338563,0.0,-0.16852455319137516,-29.345720364833255,0.01282051282051282,0.40140468193372586,0.8550636164122685,0.14493638358773153,0.7909695039635323,1.0,0.7909695039635323,0.20903049603646773,,,,0.7909695039635323,1.3307792578784021,,,False,0.7909695039635323,fpi_fallback
401869954,2026,290,2348,Georgia Southern,Louisiana Tech,Sun Belt,Sun Belt,True,False,0.08593542447232039,-0.1865342456954203,0.0002662583440709021,-0.2648518294602566,0.017796678727916904,0.0,-0.24397763821705176,-0.7273569328207372,0.0,0.0,1.0,791.051928599953,0.021739130434782608,-0.20901622803680373,726.6291678447327,0.0,-0.08608239221705838,64.42276075522034,0.021739130434782608,-0.12293383581974535,0.5027250931356738,0.4972749068643262,0.5878966182767263,1.0,0.5878966182767263,0.41210338172327365,,,,0.5878966182767263,0.35527686879780673,,,False,0.5878966182767263,fpi_fallback
401869959,2026,2247,309,Georgia State,Louisiana,Sun Belt,Sun Belt,True,False,-1.164863274520235,-0.4918321438580205,-0.2826412646198372,-0.6057904595151999,-0.2665833995275724,0.0,-0.2256719976675683,-0.051000482533770534,0.0,0.0,1.0,759.1500550839612,0.010638297872340425,-0.2097643168708603,716.1153761466188,0.0,-0.25325455386875345,43.03467893734239,0.010638297872340425,0.043490236997893145,0.5192851272743375,0.4807148727256625,0.3843999514306138,1.0,0.3843999514306138,0.6156000485693862,,,,0.3843999514306138,-0.47091393011739086,,,False,0.3843999514306138,fpi_fallback
401871102,2026,2433,276,UL Monroe,Marshall,Sun Belt,Sun Belt,True,False,-1.2462136918860642,-0.5385500009418961,-0.1393200073001194,-0.7404285450242004,-0.18778905493780318,0.0,-0.010362787035546717,0.25937421207798705,0.0,0.0,1.0,736.2526686071137,0.009433962264150943,-0.2673925024115139,654.0487112387665,0.0,-0.13359936891867347,82.20395736834723,0.009433962264150943,-0.13379313349284044,0.4389370869592662,0.5610629130407339,0.3007192458507117,1.0,0.3007192458507117,0.6992807541492883,,,,0.3007192458507117,-0.8438752212964895,,,False,0.3007192458507117,fpi_fallback
401871103,2026,295,2572,Old Dominion,Southern Miss,Sun Belt,Sun Belt,True,False,1.243893647044515,0.8231308395159941,0.3160012178608668,0.7581956474056284,0.22242980602717516,0.0,-0.32104776629558174,0.1354951831072276,0.0,0.0,1.0,808.9583543532183,0.026785714285714284,0.16075646446324005,741.0864815840933,0.0,-0.1422164493687413,67.87187276912493,0.026785714285714284,0.3029729138319813,0.8065964393237821,0.1934035606762179,0.5818031277829073,1.0,0.5818031277829073,0.4181968722170927,,,,0.5818031277829073,0.33017981428064425,,,False,0.5818031277829073,fpi_fallback
401858540,2026,194,130,Ohio State,Michigan,Big Ten,Big Ten,True,False,0.9702884349609985,0.5167070706863346,0.032746970469447634,0.7083731134678427,0.08710407363752826,0.0,0.025446665661164047,0.213752514976793,0.0,0.0,1.0,1367.1424727059755,0.6039603960396039,0.5199884434427365,1235.613791698029,0.51,0.23626313954224643,131.5286810079465,0.09396039603960393,0.2837253039004901,0.8190421104669984,0.18095788953300163,0.8348358774817667,1.0,0.8516794803688573,0.14832051963114268,-14.0,46.5,core_odds_api,0.8348358774817667,1.620295490156555,14.0,0.8516794803688573,True,0.8348358774817667,fpi_market
401866474,2026,2050,2117,Ball State,Central Michigan,MAC,MAC,True,False,-0.5988056637786235,-0.44495790910724203,-0.10163388858436945,-0.49264751410751906,-0.10907480030990668,0.0,-0.005305052229693352,-0.5353670612756446,0.0,0.0,1.0,699.3573843826957,0.0,-0.4324979754700893,710.6104865694842,0.0,-0.16936787162657693,-11.25310218678851,0.0,-0.2631301038435123,0.3848777149281883,0.6151222850718117,0.4478780362834806,1.0,0.4478780362834806,0.5521219637165193,,,,0.4478780362834806,-0.20924801572115248,,,False,0.4478780362834806,fpi_fallback
401866475,2026,189,113,Bowling Green,Massachusetts,MAC,MAC,True,False,1.3928558331508567,1.1495796134423328,0.17463492487715476,1.0885822836469559,0.2157035414779101,0.0,0.15852322723986756,0.062335750236341025,0.0,0.0,1.0,721.2040197767335,0.0,-0.2229314178683267,580.0697737621826,0.0,-0.520773787951295,141.13424601455085,0.0,0.2978423700829683,0.8500628492092415,0.14993715079075853,0.6921748323264993,1.0,0.6921748323264993,0.30782516767350065,,,,0.6921748323264993,0.8103065871954742,,,False,0.6921748323264993,fpi_fallback
401870804,2026,98,338,Western Kentucky,Kennesaw State,CUSA,CUSA,True,False,0.4206747100897951,0.34560842457667296,-0.03018147172350294,0.31807987580432073,0.011629934607064962,0.0,1.8325814637483098,-0.8574151088825466,0.0,0.0,1.0,673.5953239504531,0.0,-0.08552767474658443,538.417781872682,0.0,-0.11035407025344204,135.17754207777114,0.0,0.024826395506857613,0.6705866314657714,0.32941336853422865,0.6691886504529153,1.0,0.6691886504529153,0.3308113495470847,,,,0.6691886504529153,0.7045177371421188,,,False,0.6691886504529153,fpi_fallback
401871063,2026,2623,2335,Missouri State,Liberty,CUSA,CUSA,True,False,-0.175546134631752,-0.009652887525639966,0.08658026027315846,-0.15701083600882537,0.04395981064942822,0.0,-1.2163953243244934,0.8093117408618127,0.0,0.0,1.0,523.8358831187666,0.0,-0.16300112984699,667.6595182095873,0.0,-0.2131392383873019,-143.82363509082074,0.0,0.05013810854031189,0.5128230521232772,0.48717694787672283,0.4998146842050887,1.0,0.4998146842050887,0.5001853157949113,,,,0.4998146842050887,-0.0007412632135871848,,,False,0.4998146842050887,fpi_fallback
401871082,2026,2229,2534,Florida International,Sam Houston,CUSA,CUSA,True,False,0.5554463339921267,0.7258099191156766,0.16802351702976936,0.5797785560273768,0.10869066518830273,0.0,1.3809610151445284,1.4422222024870508,0.0,0.0,1.0,433.8089100421115,0.0,-0.16334506454494596,638.9854759578275,0.0,-0.4540565745975952,-205.17656591571597,0.0,0.2907115100526492,0.6948608307786163,0.30513916922138373,0.7075209005207839,1.0,0.7075209005207839,0.29247909947921613,,,,0.7075209005207839,0.8833739611062009,,,False,0.7075209005207839,fpi_fallback
401871083,2026,2393,166,Middle Tennessee,New Mexico State,CUSA,CUSA,True,False,-0.22871035765003397,0.1880490731754581,0.09363276546376315,-0.005223099137765023,-0.007527268895005879,0.0,0.03191760296830548,0.04685908007542139,0.0,0.0,1.0,719.367146484565,0.0,-0.20674295963406975,642.1178364084459,0.0,-0.20796966182041543,77.24931007611906,0.0,0.001226702186345685,0.5953662976457472,0.4046337023542528,0.556386339646569,1.0,0.556386339646569,0.44361366035343097,,,,0.556386339646569,0.22650885912325203,,,False,0.556386339646569,fpi_fallback
401869939,2026,2032,2653,Arkansas State,Troy,Sun Belt,Sun Belt,True,False,-0.23183002814161455,0.15624428422686276,0.12974072105991996,-0.06490903612078805,0.036781564720333004,0.0,-0.015345569674660275,0.09223361172568274,0.0,0.0,1.0,798.8377398455441,0.0,-0.1622319327532929,776.4629635065345,0.0,-0.13824595035975623,22.3747763390096,0.0,-0.023985982393536665,0.5552537511016042,0.44474624889839576,0.518681721772415,1.0,0.518681721772415,0.481318278227585,,,,0.518681721772415,0.07476168982749665,,,False,0.518681721772415,fpi_fallback
401871062,2026,48,55,Delaware,Jacksonville State,CUSA,CUSA,True,False,-0.5099654166447385,-0.10262629256660945,-0.03819298307420027,-0.3335940379669967,-0.09184162924828854,0.0,-0.8472978603872039,0.2313867878400788,0.0,0.0,1.0,501.88099863363584,0.0,-0.18026586032236394,675.3485562302653,0.0,-0.1740853325659812,-173.4675575966295,0.0,-0.006180527756382753,0.4536554151680725,0.5463445848319275,0.6146222987244812,1.0,0.6146222987244812,0.38537770127551885,,,,0.6146222987244812,0.4667840350702631,,,False,0.6146222987244812,fpi_fallback
401864546,2026,167,2005,New Mexico,Air Force,Mountain West,Mountain West,True,False,0.3697952242859401,0.1509856371752935,0.13610692374404404,0.11636096864807365,0.14555559198972545,0.0,0.005277057100843585,1.0825835509362651,0.0,0.0,1.0,607.7200445489912,0.0,-0.027256250774157314,693.3178165578591,0.0,-0.18539588287011458,-85.59777200886799,0.0,0.15813963209595727,0.6202677316835232,0.3797322683164768,0.6491612347885314,1.0,0.6491612347885314,0.3508387652114686,,,,0.6491612347885314,0.6153543620220729,,,False,0.6491612347885314,fpi_fallback
401864548,2026,2439,2440,UNLV,Nevada,Mountain West,Mountain West,True,False,1.5949055350673462,0.432101473252153,0.09386431667709683,0.716728828027818,0.2682861964695661,0.0,0.025841231183886926,-0.16340010290691453,0.0,0.0,1.0,727.9148013639938,0.0,-0.013766461130807137,726.5675162890159,0.0,-0.23295498906943338,1.34728507497789,0.0,0.21918852793862625,0.7516409636317213,0.24835903636827872,0.847848412399167,1.0,0.847848412399167,0.15215158760083303,,,,0.847848412399167,1.7178245501156544,,,False,0.847848412399167,fpi_fallback
401864547,2026,62,16,Hawai'i,Sacramento State,Mountain West,MAC,False,False,0.3812212758622286,0.33087213510343505,0.21776577875729586,0.22040577013315815,0.15286503287709402,0.0,2.307572634505085,0.7259794567887138,0.0,0.0,1.0,,,-0.10169282413193194,692.9988066587673,0.0,,,,,0.6210882278865014,0.3789117721134986,0.7534867060959836,1.0,0.7534867060959836,0.24651329390401644,,,,0.7534867060959836,1.1172954523653231,,,False,0.7534867060959836,fpi_fallback
401862844,2026,349,2426,Army,Navy,American,American,False,True,-0.3344696587401427,0.06276234105840693,-0.1287783506453335,0.02993085671275329,-0.11614356226496492,0.0,0.005115100666770012,-0.6783168171213765,0.0,0.0,0.0,586.599678950922,0.0,0.015280943267176026,513.2100047675495,0.0,0.1009917703659504,73.38967418337245,0.0,-0.08571082709877438,0.5114822258893714,0.4885177741106286,0.37266744085309766,1.0,0.41592332508917423,0.5840766749108257,2.5,37.5,core_odds_api,0.37266744085309766,-0.5207903549173214,-2.5,0.41592332508917423,True,0.37266744085309766,fpi_market
